Workbook

Sheet Phương án 1
A2: DỰ ÁN CẤP NƯỚC ĐÔ THỊ Ở ĐÔNG NAM QUEENSLAND
A3: HAI PHƯƠNG ÁN PHƯƠNG ÁN 1: DWR TỪ CHỐI ĐỀ XUẤT CỦA AV VÀ THỰC HIỆN DỰ ÁN ĐẬP TRÊN SÔNG ELIZABETH PHƯƠNG ÁN 2: DWR CHẤP THUẬN DỰ ÁN XÂY NHÀ MÁY KHỬ MUỐI CỦA AV
A5: Vòng đời | B5: Năm | D5: CHI PHÍ ĐẦU TƯ BAN ĐẦU (2009-2010) - Triệu $
A6: Vòng đời dự án | B6: 49 | D6: Đầu tư cố định | F6: Giá trị tài chính (sau VAT/thuế lương) | G6: Thuế VAT/lương | H6: Giá trị tài chính (trước VAT/thuế lương) | I6: Giá trị kinh tế
D7: Hệ thống kết nối đập | F7: 850 | G7: =F7-H7 -> 16.666667 | H7: =F7/(1+B20) -> 833.33333 | I7: =H7 -> 833.33333
A8: Công suất | B8: (ML/a) | D8: Đường ống và trạm bơm | F8: 355 | G8: =F8-H8 -> 6.9607843 | H8: =F8/(1+$B$20) -> 348.03922 | I8: =H8 -> 348.03922
A9: 2011-2024 | B9: 90000 | D9: Nhà máy xử lý nước
A10: 2025-2058 | B10: =B9+54000 -> 144000 | D10: Nhà máy | F10: 12 | G10: =F10-H10 -> 0.23529412 | H10: =F10/(1+$B$20) -> 11.764706 | I10: =H10 -> 11.764706
D11: Thiết bị | F11: 50 | G11: =F11-H11 -> 0.98039216 | H11: =F11/(1+$B$20) -> 49.019608 | I11: =H11 -> 49.019608
D12: Hồ chứa | F12: 5 | G12: =F12-H12 -> 0.098039216 | H12: =F12/(1+$B$20) -> 4.9019608 | I12: =H12 -> 4.9019608
A13: Hệ số tăng chi phí năng lượng | D13: Tổng | F13: =SUM(F7:F12) -> 1272 | G13: =SUM(G7:G12) -> 24.941176 | H13: =SUM(H7:H12) -> 1247.0588 | I13: =SUM(I7:I12) -> 1247.0588
A14: 2012-2034 | B14: 0.01
A15: 2035-2058 | B15: 0 | D15: CHI PHÍ HOẠT ĐỘNG (TỪ NĂM 2011)
E16: Tỉ lệ | F16: Giá trị tài chính (sau VAT/thuế lương) | G16: Thuế VAT/lương | H16: Giá trị tài chính (trước VAT/thuế lương) | I16: Giá trị kinh tế
A17: Các mức thuế suất và giá ẩn | B17: % | D17: Cố định ($ million/pa) | F17: 18
A18: Giá ẩn lao động không kỹ năng | B18: 0.26 | D18: Lương nhân viên, nhân công | E18: 0.4 | F18: =$F$17*E18 -> 7.2 | G18: =F18-H18 -> 0.20970874 | H18: =F18/(1+B21) -> 6.9902913 | I18: =H18 -> 6.9902913
A19: Thuế VAT | B19: 0.1 | D19: Năng lượng | E19: 0.1 | F19: =$F$17*E19 -> 1.8 | G19: =F19-H19 -> 0.16363636 | H19: =F19/(1+$B$19) -> 1.6363636 | I19: =H19 -> 1.6363636
A20: Thuế VAT (chi phí vốn) | B20: 0.02 | D20: Nguyên vật liệu | E20: 0.5 | F20: =$F$17*E20 -> 9 | G20: =F20-H20 -> 0.81818182 | H20: =F20/(1+$B$19) -> 8.1818182 | I20: =H20 -> 8.1818182
A21: Thuế lương | B21: 0.03 | D21: Biến đổi ($/ML) | F21: 225
D22: Lương nhân viên, nhân công | E22: 0.4 | F22: =$F$21*E22 -> 90 | G22: =F22-H22 -> 2.6213592 | H22: =F22/(1+B21) -> 87.378641 | I22: =H22 -> 87.378641
A23: Chi phí ngoại tác | B23: (triệu $/a) | D23: Năng lượng | E23: 0.1 | F23: =$F$21*E23 -> 22.5 | G23: =F23-H23 -> 2.0454545 | H23: =F23/(1+B19) -> 20.454545 | I23: =H23 -> 20.454545
A24: Môi trường | B24: 40 | D24: Nguyên vật liệu | E24: 0.5 | F24: =$F$21*E24 -> 112.5 | G24: =F24-H24 -> 10.227273 | H24: =F24/(1+B19) -> 102.27273 | I24: =H24 -> 102.27273
A26: Khác | D26: VỐN NÂNG CẤP (TRIỆU $)
A27: Lạm phát | B27: 0 | D27: Đầu tư cố định | F27: Giá trị tài chính (sau VAT) | G27: Thuế VAT | H27: Giá trị tài chính (trước VAT) | I27: Giá trị kinh tế
A28: Suất chiết khấu | B28: 0.06 | D28: 2013 | F28: 0.14 | G28: =F28-H28 -> 0.002745098 | H28: =F28/(1+$B$20) -> 0.1372549 | I28: =H28 -> 0.1372549
A29: Hệ số chuyển đổi | B29: 1000000 | D29: 2018 | F29: 0.85 | G29: =F29-H29 -> 0.016666667 | H29: =F29/(1+$B$20) -> 0.83333333 | I29: =H29 -> 0.83333333
A30: Giá sẵn lòng trả | B30: 5250 | C30: $/ML | D30: 2023 | F30: 0.6 | G30: =F30-H30 -> 0.011764706 | H30: =F30/(1+$B$20) -> 0.58823529 | I30: =H30 -> 0.58823529
D31: 2028 | F31: 2.2 | G31: =F31-H31 -> 0.043137255 | H31: =F31/(1+$B$20) -> 2.1568627 | I31: =H31 -> 2.1568627
D32: 2033 | F32: 0.33 | G32: =F32-H32 -> 0.0064705882 | H32: =F32/(1+$B$20) -> 0.32352941 | I32: =H32 -> 0.32352941
D33: 2035-2058 | F33: 20 | G33: =F33-H33 -> 0.39215686 | H33: =F33/(1+$B$20) -> 19.607843 | I33: =H33 -> 19.607843
D34: Tổng | F34: =SUM(F28:F33) -> 24.12 | G34: =SUM(G28:G33) -> 0.47294118 | H34: =SUM(H28:H33) -> 23.647059 | I34: =SUM(I28:I33) -> 23.647059

Sheet Phân tích phương án 1
A1: Năm | B1: 2009 | C1: 2010 | D1: 2011 | E1: 2012 | F1: 2013 | G1: 2014 | H1: 2015 | I1: 2016 | J1: 2017 | K1: 2018 | L1: 2019 | M1: 2020 | N1: 2021 | O1: 2022 | P1: 2023 | Q1: 2024 | R1: 2025 | S1: 2026 | T1: 2027 | U1: 2028 | V1: 2029 | W1: 2030 | X1: 2031 | Y1: 2032 | Z1: 2033 | AA1: 2034 | AB1: 2035 | AC1: 2036 | AD1: 2037 | AE1: 2038 | AF1: 2039 | AG1: 2040 | AH1: 2041 | AI1: 2042 | AJ1: 2043 | AK1: 2044 | AL1: 2045 | AM1: 2046 | AN1: 2047 | AO1: 2048 | AP1: 2049 | AQ1: 2050 | AR1: 2051 | AS1: 2052 | AT1: 2053 | AU1: 2054 | AV1: 2055 | AW1: 2056 | AX1: 2057 | AY1: 2058
A3: CHỈ SỐ GIÁ
A5: Năm | B5: 0 | C5: 1 | D5: 2 | E5: 3 | F5: 4 | G5: 5 | H5: 6 | I5: 7 | J5: 8 | K5: 9 | L5: 10 | M5: 11 | N5: 12 | O5: 13 | P5: 14 | Q5: 15 | R5: 16 | S5: 17 | T5: 18 | U5: 19 | V5: 20 | W5: 21 | X5: 22 | Y5: 23 | Z5: 24 | AA5: 25 | AB5: 26 | AC5: 27 | AD5: 28 | AE5: 29 | AF5: 30 | AG5: 31 | AH5: 32 | AI5: 33 | AJ5: 34 | AK5: 35 | AL5: 36 | AM5: 37 | AN5: 38 | AO5: 39 | AP5: 40 | AQ5: 41 | AR5: 42 | AS5: 43 | AT5: 44 | AU5: 45 | AV5: 46 | AW5: 47 | AX5: 48 | AY5: 49
A6: Mức giá chung | B6: =(1+'Phương án 1'!$B$27)^B5 -> 1 | C6: =(1+'Phương án 1'!$B$27)^C5 -> 1 | D6: =(1+'Phương án 1'!$B$27)^D5 -> 1 | E6: =(1+'Phương án 1'!$B$27)^E5 -> 1 | F6: =(1+'Phương án 1'!$B$27)^F5 -> 1 | G6: =(1+'Phương án 1'!$B$27)^G5 -> 1 | H6: =(1+'Phương án 1'!$B$27)^H5 -> 1 | I6: =(1+'Phương án 1'!$B$27)^I5 -> 1 | ... AY6: =(1+'Phương án 1'!$B$27)^AY5 -> 1
A7: Giá năng lượng | D7: =(1+'Phương án 1'!$B$27+'Phương án 1'!$B$14)^B5 -> 1 | E7: =(1+'Phương án 1'!$B$27+'Phương án 1'!$B$14)^C5 -> 1.01 | F7: =(1+'Phương án 1'!$B$27+'Phương án 1'!$B$14)^D5 -> 1.0201 | G7: =(1+'Phương án 1'!$B$27+'Phương án 1'!$B$14)^E5 -> 1.030301 | H7: =(1+'Phương án 1'!$B$27+'Phương án 1'!$B$14)^F5 -> 1.040604 | I7: =(1+'Phương án 1'!$B$27+'Phương án 1'!$B$14)^G5 -> 1.0510101 | J7: =(1+'Phương án 1'!$B$27+'Phương án 1'!$B$14)^H5 -> 1.0615202 | K7: =(1+'Phương án 1'!$B$27+'Phương án 1'!$B$14)^I5 -> 1.0721354 | ... AA7: =(1+'Phương án 1'!$B$27+'Phương án 1'!$B$14)^Y5 -> 1.257163 | AB7: =(1+'Phương án 1'!$B$27+'Phương án 1'!$B$15)^AB6 -> 1 | AC7: =(1+'Phương án 1'!$B$27+'Phương án 1'!$B$15)^AC6 -> 1 | AD7: =(1+'Phương án 1'!$B$27+'Phương án 1'!$B$15)^AD6 -> 1 | AE7: =(1+'Phương án 1'!$B$27+'Phương án 1'!$B$15)^AE5 -> 1 | AF7: =(1+'Phương án 1'!$B$27+'Phương án 1'!$B$15)^AF5 -> 1 | AG7: =(1+'Phương án 1'!$B$27+'Phương án 1'!$B$15)^AG5 -> 1 | AH7: =(1+'Phương án 1'!$B$27+'Phương án 1'!$B$15)^AH5 -> 1 | AI7: =(1+'Phương án 1'!$B$27+'Phương án 1'!$B$15)^AI5 -> 1 | AJ7: =(1+'Phương án 1'!$B$27+'Phương án 1'!$B$15)^AJ5 -> 1 | AK7: =(1+'Phương án 1'!$B$27+'Phương án 1'!$B$15)^AK5 -> 1 | AL7: =(1+'Phương án 1'!$B$27+'Phương án 1'!$B$15)^AL5 -> 1 | ... AY7: =(1+'Phương án 1'!$B$27+'Phương án 1'!$B$15)^AY5 -> 1
A9: CÔNG SUẤT
AY10: Đơn vị: ML/a
A11: Năm | B11: =B5 -> 0 | C11: =C5 -> 1 | D11: =D5 -> 2 | E11: =E5 -> 3 | F11: =F5 -> 4 | G11: =G5 -> 5 | H11: =H5 -> 6 | I11: =I5 -> 7 | ... AY11: =AY5 -> 49
A12: Công suất | D12: ='Phương án 1'!$B$9 -> 90000 | E12: ='Phương án 1'!$B$9 -> 90000 | F12: ='Phương án 1'!$B$9 -> 90000 | G12: ='Phương án 1'!$B$9 -> 90000 | H12: ='Phương án 1'!$B$9 -> 90000 | I12: ='Phương án 1'!$B$9 -> 90000 | J12: ='Phương án 1'!$B$9 -> 90000 | K12: ='Phương án 1'!$B$9 -> 90000 | ... Q12: ='Phương án 1'!$B$9 -> 90000 | R12: ='Phương án 1'!$B$10 -> 144000 | S12: ='Phương án 1'!$B$10 -> 144000 | T12: ='Phương án 1'!$B$10 -> 144000 | U12: ='Phương án 1'!$B$10 -> 144000 | V12: ='Phương án 1'!$B$10 -> 144000 | W12: ='Phương án 1'!$B$10 -> 144000 | X12: ='Phương án 1'!$B$10 -> 144000 | Y12: ='Phương án 1'!$B$10 -> 144000 | ... AY12: ='Phương án 1'!$B$10 -> 144000
A15: BÁO CÁO NGÂN LƯU QUAN ĐIỂM DWR
AY16: Đơn vị: Triệu VNĐ
A17: Năm | B17: =B5 -> 0 | C17: =C5 -> 1 | D17: =D5 -> 2 | E17: =E5 -> 3 | F17: =F5 -> 4 | G17: =G5 -> 5 | H17: =H5 -> 6 | I17: =I5 -> 7 | ... AY17: =AY5 -> 49
A18: Ngân lưu ra
A19: Đầu tư ban đầu
A20: VAT @2%
A21: Chi phí cố định
A22: Lương nhân viên, nhân công
A23: Thuế lương @3%
A24: Năng lượng
A25: VAT @10%
A26: Nguyên vật liệu
A27: VAT @10%
A28: Chi phí biến đổi
A29: Lương nhân viên, nhân công
... A34: VAT @10%
A35: Cải thiện vốn | F35: ='Phương án 1'!$H$28*'Phân tích phương án 1'!F6 -> 0.1372549 | K35: ='Phương án 1'!$H$29*'Phân tích phương án 1'!K6 -> 0.83333333 | P35: ='Phương án 1'!$H$30*'Phân tích phương án 1'!P6 -> 0.58823529 | U35: ='Phương án 1'!$H$31*'Phân tích phương án 1'!U6 -> 2.1568627 | Z35: ='Phương án 1'!$H$32*'Phân tích phương án 1'!Z6 -> 0.32352941 | AB35: ='Phương án 1'!$H$33*AB6 -> 19.607843 | AC35: ='Phương án 1'!$H$33*AC6 -> 19.607843 | AD35: ='Phương án 1'!$H$33*AD6 -> 19.607843 | AE35: ='Phương án 1'!$H$33*AE6 -> 19.607843 | AF35: ='Phương án 1'!$H$33*AF6 -> 19.607843 | AG35: ='Phương án 1'!$H$33*AG6 -> 19.607843 | AH35: ='Phương án 1'!$H$33*AH6 -> 19.607843 | AI35: ='Phương án 1'!$H$33*AI6 -> 19.607843 | ... AY35: ='Phương án 1'!$H$33*AY6 -> 19.607843
A36: VAT @2% | F36: ='Phương án 1'!$G$28*F6 -> 0.002745098 | K36: ='Phương án 1'!$G$29*K6 -> 0.016666667 | P36: ='Phương án 1'!$G$30*P6 -> 0.011764706 | U36: ='Phương án 1'!$G$31*U6 -> 0.043137255 | Z36: ='Phương án 1'!$G$32*Z6 -> 0.0064705882 | AB36: ='Phương án 1'!$G$33*AB6 -> 0.39215686 | AC36: ='Phương án 1'!$G$33*AC6 -> 0.39215686 | AD36: ='Phương án 1'!$G$33*AD6 -> 0.39215686 | AE36: ='Phương án 1'!$G$33*AE6 -> 0.39215686 | AF36: ='Phương án 1'!$G$33*AF6 -> 0.39215686 | AG36: ='Phương án 1'!$G$33*AG6 -> 0.39215686 | AH36: ='Phương án 1'!$G$33*AH6 -> 0.39215686 | AI36: ='Phương án 1'!$G$33*AI6 -> 0.39215686 | ... AY36: ='Phương án 1'!$G$33*AY6 -> 0.39215686
A37: Tổng | B37: =SUM(B19:B20,B21,B28,B35:B36) -> 0 | C37: =SUM(C19:C20,C21,C28,C35:C36) -> 0 | D37: =SUM(D19:D20,D21,D28,D35:D36) -> 0 | E37: =SUM(E19:E20,E21,E28,E35:E36) -> 0 | F37: =SUM(F19:F20,F21,F28,F35:F36) -> 0.14 | G37: =SUM(G19:G20,G21,G28,G35:G36) -> 0 | H37: =SUM(H19:H20,H21,H28,H35:H36) -> 0 | I37: =SUM(I19:I20,I21,I28,I35:I36) -> 0 | ... AY37: =SUM(AY19:AY20,AY21,AY28,AY35:AY36) -> 20
A39: Nộp thuế
A40: Thuế VAT phải nộp (+) / hoàn lại (-) | B40: =-SUM(B20,B25,B27,B32,B34,B36)+SUM(B23,B30) -> 0 | C40: =-SUM(C20,C25,C27,C32,C34,C36)+SUM(C23,C30) -> 0 | D40: =-SUM(D20,D25,D27,D32,D34,D36)+SUM(D23,D30) -> 0 | E40: =-SUM(E20,E25,E27,E32,E34,E36)+SUM(E23,E30) -> 0 | F40: =-SUM(F20,F25,F27,F32,F34,F36)+SUM(F23,F30) -> -0.002745098 | G40: =-SUM(G20,G25,G27,G32,G34,G36)+SUM(G23,G30) -> 0 | H40: =-SUM(H20,H25,H27,H32,H34,H36)+SUM(H23,H30) -> 0 | I40: =-SUM(I20,I25,I27,I32,I34,I36)+SUM(I23,I30) -> 0 | ... AY40: =-SUM(AY20,AY25,AY27,AY32,AY34,AY36)+SUM(AY23,AY30) -> -0.39215686
A42: NCF (DWR, sau thuế) | B42: =B37+B40 -> 0 | C42: =C37+C40 -> 0 | D42: =D37+D40 -> 0 | E42: =E37+E40 -> 0 | F42: =F37+F40 -> 0.1372549 | G42: =G37+G40 -> 0 | H42: =H37+H40 -> 0 | I42: =I37+I40 -> 0 | ... AY42: =AY37+AY40 -> 19.607843
A44: Suất chiết khấu | B44: ='Phương án 1'!B28 -> 0.06
A45: NPV_Chi phí DWR | B45: =NPV($B$44,$C$42:$AA$42)+$B$42 -> 1.6549205
A46: Phân tích hiệu quả - chi phí ($/ML) | B46: =B45/SUM(B12:AA12)*'Phương án 1'!B29 -> 0.61293353
A49: PHÂN TÍCH HIỆU QUẢ KINH TẾ | AZ49: -
AZ50: -
A51: Năm | B51: =B5 -> 0 | C51: =C5 -> 1 | D51: =D5 -> 2 | E51: =E5 -> 3 | F51: =F5 -> 4 | G51: =G5 -> 5 | H51: =H5 -> 6 | I51: =I5 -> 7 | ... AY51: =AY5 -> 49 | AZ51: -
A52: Chi phí | AZ52: -
A53: Đầu tư ban đầu | AZ53: -
A54: Chi phí cố định | AZ54: -
A55: Lương nhân viên, nhân công | AZ55: -
A56: Năng lượng | AZ56: -
A57: Nguyên vật liệu | AZ57: -
A58: Chi phí biến đổi | AZ58: -
A59: Lương nhân viên, nhân công | AZ59: -
A60: Năng lượng | AZ60: -
A61: Nguyên vật liệu | AZ61: -
A62: Cải thiện vốn | F62: ='Phương án 1'!$I$28*F6 -> 0.1372549 | K62: ='Phương án 1'!$I$29*K6 -> 0.83333333 | P62: ='Phương án 1'!$I$30*P6 -> 0.58823529 | U62: ='Phương án 1'!$H$31*U6 -> 2.1568627 | Z62: ='Phương án 1'!$H$32*Z6 -> 0.32352941 | AB62: ='Phương án 1'!$H$33*AB6 -> 19.607843 | AC62: ='Phương án 1'!$H$33*AC6 -> 19.607843 | AD62: ='Phương án 1'!$H$33*AD6 -> 19.607843 | AE62: ='Phương án 1'!$H$33*AE6 -> 19.607843 | AF62: ='Phương án 1'!$H$33*AF6 -> 19.607843 | AG62: ='Phương án 1'!$H$33*AG6 -> 19.607843 | AH62: ='Phương án 1'!$H$33*AH6 -> 19.607843 | AI62: ='Phương án 1'!$H$33*AI6 -> 19.607843 | ... AY62: ='Phương án 1'!$H$33*AY6 -> 19.607843
A63: Ảnh hưởng đến môi trường | D63: ='Phương án 1'!$B$24*D6 -> 40 | E63: ='Phương án 1'!$B$24*E6 -> 40 | F63: ='Phương án 1'!$B$24*F6 -> 40 | G63: ='Phương án 1'!$B$24*G6 -> 40 | H63: ='Phương án 1'!$B$24*H6 -> 40 | I63: ='Phương án 1'!$B$24*I6 -> 40 | J63: ='Phương án 1'!$B$24*J6 -> 40 | K63: ='Phương án 1'!$B$24*K6 -> 40 | ... AY63: ='Phương án 1'!$B$24*AY6 -> 40 | AZ63: -
A64: NCF (Chi phí kinh tế) | B64: =SUM(B53,B54,B58,B62,B63) -> 0 | C64: =SUM(C53,C54,C58,C62,C63) -> 0 | D64: =SUM(D53,D54,D58,D62,D63) -> 40 | E64: =SUM(E53,E54,E58,E62,E63) -> 40 | F64: =SUM(F53,F54,F58,F62,F63) -> 40.137255 | G64: =SUM(G53,G54,G58,G62,G63) -> 40 | H64: =SUM(H53,H54,H58,H62,H63) -> 40 | I64: =SUM(I53,I54,I58,I62,I63) -> 40 | ... AY64: =SUM(AY53,AY54,AY58,AY62,AY63) -> 59.607843 | AZ64: -
AZ65: -
A66: Suất chiết khấu xã hội | B66: ='Phương án 1'!B28 -> 0.06 | AZ66: -
A67: NPV_Chi phí Kinh tế (2009-2034) | B67: =NPV(B66,C64:AA64)+B64 -> 475.25332 | AZ67: -
A68: Phân tích hiệu quả - chi phí ($/ML) | B68: =B67/SUM(B12:AA12)*'Phương án 1'!B29 -> 176.01975
A69: NPV_Chi phí Kinh tế (2034-2058) | B69: =NPV(B66,AC64:AY64)+AB64 -> 792.98573
AZ70: -
AZ71: -
A72: PHÂN TÍCH NHÓM MỤC TIÊU | AZ72: -
AY73: Đơn vị: Triệu VNĐ | AZ73: -
A74: Năm | B74: =B5 -> 0 | C74: =C5 -> 1 | D74: =D5 -> 2 | E74: =E5 -> 3 | F74: =F5 -> 4 | G74: =G5 -> 5 | H74: =H5 -> 6 | I74: =I5 -> 7 | ... AY74: =AY5 -> 49 | AZ74: -
A75: Phương pháp 1 | AZ75: -
AZ76: -
A77: Ngân lưu kinh tế | B77: =B64 -> 0 | C77: =C64 -> 0 | D77: =D64 -> 40 | E77: =E64 -> 40 | F77: =F64 -> 40.137255 | G77: =G64 -> 40 | H77: =H64 -> 40 | I77: =I64 -> 40 | ... AY77: =AY64 -> 59.607843 | AZ77: -
A78: Ngân lưu nhóm ngoài mục tiêu | AZ78: -
A79: Ngân lưu nhóm mục tiêu | B79: =B77+B78 -> 0 | C79: =C77+C78 -> 0 | D79: =D77+D78 -> 40 | E79: =E77+E78 -> 40 | F79: =F77+F78 -> 40.137255 | G79: =G77+G78 -> 40 | H79: =H77+H78 -> 40 | I79: =I77+I78 -> 40 | ... AY79: =AY77+AY78 -> 59.607843 | AZ79: -
AZ80: -
A81: Phương pháp 1 | AZ81: -
AZ82: -
A83: 1) Ngân lưu DWR | AZ83: -
AZ84: -
A85: 2) Chuyển giao thuế VAT | B85: =-SUM(B20,B25,B27,B32,B34,B36) -> 0 | C85: =-SUM(C20,C25,C27,C32,C34,C36) -> 0 | D85: =-SUM(D20,D25,D27,D32,D34,D36) -> 0 | E85: =-SUM(E20,E25,E27,E32,E34,E36) -> 0 | F85: =-SUM(F20,F25,F27,F32,F34,F36) -> -0.002745098 | G85: =-SUM(G20,G25,G27,G32,G34,G36) -> 0 | H85: =-SUM(H20,H25,H27,H32,H34,H36) -> 0 | I85: =-SUM(I20,I25,I27,I32,I34,I36) -> 0 | ... AY85: =-SUM(AY20,AY25,AY27,AY32,AY34,AY36) -> -0.39215686 | AZ85: -
A87: 3) Chính phủ | B87: =SUM(B88,B89) -> 0 | C87: =SUM(C88,C89) -> 0 | D87: =SUM(D88,D89) -> 0 | E87: =SUM(E88,E89) -> 0 | F87: =SUM(F88,F89) -> 0 | G87: =SUM(G88,G89) -> 0 | H87: =SUM(H88,H89) -> 0 | I87: =SUM(I88,I89) -> 0 | ... AY87: =SUM(AY88,AY89) -> 0 | AZ87: -
A88: Thuế VAT | AZ88: -
A89: Thuế lương | AZ89: -
AZ90: -
A91: 4) Cộng đồng địa phương | B91: =B92 -> 0 | C91: =C92 -> 0 | D91: =D92 -> 0 | E91: =E92 -> 0 | F91: =F92 -> 0 | G91: =G92 -> 0 | H91: =H92 -> 0 | I91: =I92 -> 0 | ... AY91: =AY92 -> 0 | AZ91: -
A92: Ảnh hưởng đến môi trường | AZ92: -
A94: Ngân lưu nhóm mục tiêu | B94: =SUM(B83,B85,B87,B91) -> 0 | C94: =SUM(C83,C85,C87,C91) -> 0 | D94: =SUM(D83,D85,D87,D91) -> 0 | E94: =SUM(E83,E85,E87,E91) -> 0 | F94: =SUM(F83,F85,F87,F91) -> -0.002745098 | G94: =SUM(G83,G85,G87,G91) -> 0 | H94: =SUM(H83,H85,H87,H91) -> 0 | I94: =SUM(I83,I85,I87,I91) -> 0 | ... AY94: =SUM(AY83,AY85,AY87,AY91) -> -0.39215686 | AZ94: -
AZ95: -
A96: Kiểm tra phân tích kinh tế | B96: =B79-B94 -> 0 | C96: =C79-C94 -> 0 | D96: =D79-D94 -> 40 | E96: =E79-E94 -> 40 | F96: =F79-F94 -> 40.14 | G96: =G79-G94 -> 40 | H96: =H79-H94 -> 40 | I96: =I79-I94 -> 40 | ... AY96: =AY79-AY94 -> 60 | AZ96: -
AZ97: -
A98: Suất chiết khấu xã hội | B98: ='Phương án 1'!B28 -> 0.06 | AZ98: -
A99: Cách 1 | B99: =NPV(B98,C79:AA79)+B79 -> 475.25332 | AZ99: -
A100: Cách 2 | B100: =SUM(B101:B104) -> -0.03309841 | AZ100: -
A101: 1) DWR | B101: =NPV($B$98,C83:AA83)+B83 -> 0 | AZ101: -
A102: 2) VAT | B102: =NPV(B98,C85:AA85)+B85 -> -0.03309841 | AZ102: -
A103: 3) Chính phủ | B103: =NPV(B98,C87:AA87)+B87 -> 0 | AZ103: -
A104: 4) Cộng đồng địa phương | B104: =NPV(B98,C91:AA91)+B91 -> 0 | AZ104: -
A107: CÁC CHỈ TIÊU ĐÁNH GIÁ DỰ ÁN
A109: Suất chiết khấu | B109: 0.04 | C109: 0.06 | D109: 0.08
A110: =A45 -> NPV_Chi phí DWR | B110: =NPV(B109,$C$42:$AA$42)+$B$42 -> 2.1924606 | C110: =NPV(C109,$C$42:$AA$42)+$B$42 -> 1.6549205 | D110: =NPV(D109,$C$42:$AA$42)+$B$42 -> 1.2688233
A111: =A67 -> NPV_Chi phí Kinh tế (2009-2034) | B111: =NPV(B109,$C$64:$AA$64)+$B$64 -> 588.61412 | C111: =NPV(C109,$C$64:$AA$64)+$B$64 -> 475.25332 | D111: =NPV(D109,$C$64:$AA$64)+$B$64 -> 391.22283
A112: NPV_Rgroup | B112: =NPV(B109,$C$94:$AA$94)+$B$94 -> -0.043849211 | C112: =NPV(C109,$C$94:$AA$94)+$B$94 -> -0.03309841 | D112: =NPV(D109,$C$94:$AA$94)+$B$94 -> -0.025376466

Sheet Phương án 2
A2: DỰ ÁN CẤP NƯỚC ĐÔ THỊ Ở ĐÔNG NAM QUEENSLAND
A3: HAI PHƯƠNG ÁN PHƯƠNG ÁN 1: DWR TỪ CHỐI ĐỀ XUẤT CỦA AV VÀ THỰC HIỆN DỰ ÁN ĐẬP TRÊN SÔNG ELIZABETH PHƯƠNG ÁN 2: DWR CHẤP THUẬN ĐỀ XUẤT CỦA AV VÀ XÂY DỰNG HỆ THỐNG NHÀ MÁY KHỬ MUỐI
A5: Vòng đời | B5: Năm | D5: Các mức thuế suất và giá ẩn | E5: % | G5: Khác
A6: Vòng đời dự án | B6: 49 | D6: Giá ẩn lao động không kỹ năng | E6: 0.26 | G6: Lạm phát | H6: 0
A7: Đường hầm và cơ sở hạ tầng biển | B7: 40 | D7: Thuế TNDN | E7: 0.3 | G7: Suất chiết khấu | H7: 0.06
A8: Nhà máy, công trình và thiết bị | B8: 30 | D8: Thuế VAT | E8: 0.1 | G8: Hệ số chuyển đổi | H8: 1000000
A9: Đường ống, máy bơm và hồ chứa | B9: 25 | D9: Thuế VAT (đầu tư ban đầu) | E9: 0.02
D10: Thuế lương | E10: 0.03 | G10: Chi phí ngoại tác | H10: ($/ML)
A11: Công suất | B11: (ML/pa) | G11: Môi trường | H11: 400
A12: 2011-2016 | B12: 36000 | D12: Cơ cấu vốn | E12: =E13+E17 -> 510
A13: 2017-2022 | B13: =B12*2 -> 72000 | D13: Vốn vay | E13: 500 | G13: Vốn nâng cấp | H13: Giá trị tài chính (sau VAT) | I13: Thuế VAT | J13: Giá trị tài chính (trước VAT) | K13: Giá trị kinh tế
A14: 2023-2028 | B14: =B12*3 -> 108000 | D14: Lãi suất (thực) | E14: 0.08 | G14: 2035-2058 | H14: 20 | I14: =H14-J14 -> 0.39215686 | J14: =H14/(1+E9) -> 19.607843 | K14: =J14 -> 19.607843 | L14: (triệu $/a)
A15: 2029-2058 | B15: =B12*4 -> 144000 | D15: Lãi suất (dn) | E15: =(E14+1)*(H6+1)-1 -> 0.08
D16: Thời gian trả nợ | E16: 15 | G16: DWR | I16: Đơn vị | J16: Giai đoạn
D17: Vốn chủ sỡ hữu | E17: =B29-E13 -> 10 | G17: Bán nước | H17: 5250 | I17: $/ML | J17: 2011-2034
A18: Hệ số tăng chi phí năng lượng | D18: re (thực) | E18: 0.09 | G18: Bán nhà máy | H18: 100 | I18: Triệu $ | J18: 2034
A19: 2012-2034 | B19: 0.01 | D19: WACC | E19: =(E13/E12*E14)+(E17/E12*E18) -> 0.080196078
A20: 2035-2058 | B20: 0
A22: CHI PHÍ ĐẦU TƯ BAN ĐẦU
A23: Năm | B23: 2009 | C23: 2010 | D23: 2015 | E23: 2016 | F23: 2021 | G23: 2022 | H23: 2027 | I23: 2028
A24: TÀI CHÍNH (TRIỆU $) | B24: Nhà máy 1 | D24: Nhà máy 2 | F24: Nhà mày 3 | H24: Nhà máy 4
A25: Đường hầm và cơ sở hạ tầng biển | B25: 160 | C25: 160 | F25: 160 | G25: 160 | J25: =SUM(B25:I25) -> 640
A26: Nhà máy, công trình, thiết bị | B26: 250 | C26: 250 | D26: 176 | E26: 176 | F26: 250 | G26: 250 | H26: 176 | I26: 176 | J26: =SUM(B26:I26) -> 1704
A27: Chi phí đất | B27: 5 | F27: 5 | J27: =SUM(B27:I27) -> 10
A28: Đường ống, máy bơm, hồ chứa | B28: 95 | C28: 95 | F28: 95 | G28: 95 | J28: =SUM(B28:I28) -> 380
A29: Tổng | B29: =SUM(B25:B28) -> 510 | C29: =SUM(C25:C28) -> 505 | D29: =SUM(D25:D28) -> 176 | E29: =SUM(E25:E28) -> 176 | F29: =SUM(F25:F28) -> 510 | G29: =SUM(G25:G28) -> 505 | H29: =SUM(H25:H28) -> 176 | I29: =SUM(I25:I28) -> 176 | J29: =SUM(J25:J28) -> 2734
A30: KINH TẾ (TRIỆU $) | B30: Nhà máy 1 | D30: Nhà máy 2 | F30: Nhà mày 3 | H30: Nhà máy 4
A31: Đường hầm và cơ sở hạ tầng biển | B31: =B25/(1+$E$9) -> 156.86275 | C31: =C25/(1+$E$9) -> 156.86275 | F31: =F25/(1+$E$9) -> 156.86275 | G31: =G25/(1+$E$9) -> 156.86275 | J31: =SUM(B31:I31) -> 627.45098
A32: Nhà máy, công trình, thiết bị | B32: =B26/(1+$E$9) -> 245.09804 | C32: =C26/(1+$E$9) -> 245.09804 | D32: =D26/(1+$E$9) -> 172.54902 | E32: =E26/(1+$E$9) -> 172.54902 | F32: =F26/(1+$E$9) -> 245.09804 | G32: =G26/(1+$E$9) -> 245.09804 | H32: =H26/(1+$E$9) -> 172.54902 | I32: =I26/(1+$E$9) -> 172.54902 | J32: =SUM(B32:I32) -> 1670.5882
A33: Chi phí đất | B33: =B27/(1+$E$9) -> 4.9019608 | F33: =F27/(1+$E$9) -> 4.9019608 | J33: =SUM(B33:I33) -> 9.8039216
A34: Đường ống, máy bơm, hồ chứa | B34: =B28/(1+$E$9) -> 93.137255 | C34: =C28/(1+$E$9) -> 93.137255 | F34: =F28/(1+$E$9) -> 93.137255 | G34: =G28/(1+$E$9) -> 93.137255 | J34: =SUM(B34:I34) -> 372.54902
A35: Tổng | B35: =SUM(B31:B34) -> 500 | C35: =SUM(C31:C34) -> 495.09804 | D35: =SUM(D31:D34) -> 172.54902 | E35: =SUM(E31:E34) -> 172.54902 | F35: =SUM(F31:F34) -> 500 | G35: =SUM(G31:G34) -> 495.09804 | H35: =SUM(H31:H34) -> 172.54902 | I35: =SUM(I31:I34) -> 172.54902 | J35: =SUM(J31:J34) -> 2680.3922
A36: THUẾ VAT | B36: =B29-B35 -> 10 | C36: =C29-C35 -> 9.9019608 | D36: =D29-D35 -> 3.4509804 | E36: =E29-E35 -> 3.4509804 | F36: =F29-F35 -> 10 | G36: =G29-G35 -> 9.9019608 | H36: =H29-H35 -> 3.4509804 | I36: =I29-I35 -> 3.4509804
A38: CHI PHÍ HOẠT ĐỘNG (TỪ NĂM 2011)
A39: Nhà máy 1 và 3 | B39: Tỉ lệ | C39: Giá trị tài chính (sau VAT/tiền lương) | D39: Thuế VAT/tiền lương | E39: Giá trị tài chính (trước VAT/tiền lương) | F39: Giá trị kinh tế
A40: Cố định ($ million/pa) | C40: 22 | F40: =SUM(F41:F43) -> 20.8
A41: Lương nhân viên, nhân công | B41: 0.4 | C41: =$C$40*B41 -> 8.8 | E41: =C41 -> 8.8 | F41: =E41 -> 8.8
A42: Năng lượng | B42: 0.3 | C42: =$C$40*B42 -> 6.6 | D42: =C42-E42 -> 0.6 | E42: =C42/(1+$E$8) -> 6 | F42: =E42 -> 6
A43: Nguyên vật liệu | B43: 0.3 | C43: =$C$40*B43 -> 6.6 | D43: =C43-E43 -> 0.6 | E43: =C43/(1+$E$8) -> 6 | F43: =E43 -> 6
A44: Biến đổi ($/ML) | C44: 350 | F44: =SUM(F45:F47) -> 330.90909
A45: Lương nhân viên, nhân công | B45: 0.4 | C45: =$C$44*B45 -> 140 | E45: =C45 -> 140 | F45: =E45 -> 140
A46: Năng lượng | B46: 0.3 | C46: =$C$44*B46 -> 105 | D46: =C46-E46 -> 9.5454545 | E46: =C46/(1+E8) -> 95.454545 | F46: =E46 -> 95.454545
A47: Nguyên vật liệu | B47: 0.3 | C47: =$C$44*B47 -> 105 | D47: =C47-E47 -> 9.5454545 | E47: =C47/(1+E8) -> 95.454545 | F47: =E47 -> 95.454545
A48: Nhà máy 2 và 4
A49: Cố định ($ million/pa) | C49: 10 | F49: =SUM(F50:F52) -> 9.4545455
A50: Lương nhân viên, nhân công | B50: 0.4 | C50: =$C$49*B50 -> 4 | E50: =C50 -> 4 | F50: =E50 -> 4
A51: Năng lượng | B51: 0.3 | C51: =$C$49*B51 -> 3 | D51: =C51-E51 -> 0.27272727 | E51: =C51/(1+$E$8) -> 2.7272727 | F51: =E51 -> 2.7272727
A52: Nguyên vật liệu | B52: 0.3 | C52: =$C$49*B52 -> 3 | D52: =C52-E52 -> 0.27272727 | E52: =C52/(1+$E$8) -> 2.7272727 | F52: =E52 -> 2.7272727
A53: Biến đổi ($/ML) | C53: 350 | F53: =SUM(F54:F56) -> 330.90909
A54: Lương nhân viên, nhân công | B54: 0.4 | C54: =$C$53*B54 -> 140 | E54: =C54 -> 140 | F54: =E54 -> 140
A55: Năng lượng | B55: 0.3 | C55: =$C$53*B55 -> 105 | D55: =C55-E55 -> 9.5454545 | E55: =C55/(1+E8) -> 95.454545 | F55: =E55 -> 95.454545
A56: Nguyên vật liệu | B56: 0.3 | C56: =$C$53*B56 -> 105 | D56: =C56-E56 -> 9.5454545 | E56: =C56/(1+E8) -> 95.454545 | F56: =E56 -> 95.454545
A58: DOANH THU (TỪ NĂM 2011) ($)
A59: Giai đoạn | B59: Công suất | C59: Giá thị trường | D59: Giá trị tài chính (sau VAT) | E59: Thuế VAT | F59: Giá trị tài chính (trước VAT) | G59: Giá trị kinh tế
A60: 2011-2016 | B60: 36000 | C60: =H17 -> 5250 | D60: =B60*$C$60 -> 189000000 | E60: =D60-F60 -> 17181818 | F60: =D60/(1+$E$8) -> 1.7181818e+08 | G60: =F60 -> 1.7181818e+08
A61: 2017-2022 | B61: =B60*2 -> 72000 | D61: =B61*$C$60 -> 378000000 | E61: =D61-F61 -> 34363636 | F61: =D61/(1+$E$8) -> 3.4363636e+08 | G61: =F61 -> 3.4363636e+08
A62: 2023-2028 | B62: =B60*3 -> 108000 | D62: =B62*$C$60 -> 567000000 | E62: =D62-F62 -> 51545455 | F62: =D62/(1+$E$8) -> 5.1545455e+08 | G62: =F62 -> 5.1545455e+08
A63: 2029-2034 | B63: =B60*4 -> 144000 | D63: =B63*$C$60 -> 756000000 | E63: =D63-F63 -> 68727273 | F63: =D63/(1+$E$8) -> 6.8727273e+08 | G63: =F63 -> 6.8727273e+08
D65: Nhà máy 1 hoạt động | J65: Nhà máy 2 hoạt động | P65: Nhà máy 3 hoạt động | V65: Nhà máy 4 hoạt động | AA65: Chuyển giao cho DWR
A66: LỊCH KHẤU HAO | B66: 2009 | C66: 2010 | D66: 2011 | E66: 2012 | F66: 2013 | G66: 2014 | H66: 2015 | I66: 2016 | J66: 2017 | K66: 2018 | L66: 2019 | M66: 2020 | N66: 2021 | O66: 2022 | P66: 2023 | Q66: 2024 | R66: 2025 | S66: 2026 | T66: 2027 | U66: 2028 | V66: 2029 | W66: 2030 | X66: 2031 | Y66: 2032 | Z66: 2033 | AA66: 2034 | AB66: 2035 | AC66: 2036 | AD66: 2037 | AE66: 2038 | AF66: 2039 | AG66: 2040 | AH66: 2041 | AI66: 2042 | AJ66: 2043 | AK66: 2044 | AL66: 2045 | AM66: 2046 | AN66: 2047 | AO66: 2048 | AP66: 2049 | AQ66: 2050 | AR66: 2051 | AS66: 2052 | AT66: 2053 | AU66: 2054 | AV66: 2055 | AW66: 2056 | AX66: 2057 | AY66: 2058
A67: Năm | B67: 0 | C67: 1 | D67: 2 | E67: 3 | F67: 4 | G67: 5 | H67: 6 | I67: 7 | J67: 8 | K67: 9 | L67: 10 | M67: 11 | N67: 12 | O67: 13 | P67: 14 | Q67: 15 | R67: 16 | S67: 17 | T67: 18 | U67: 19 | V67: 20 | W67: 21 | X67: 22 | Y67: 23 | Z67: 24 | AA67: 25 | AB67: 26 | AC67: 27 | AD67: 28 | AE67: 29 | AF67: 30 | AG67: 31 | AH67: 32 | AI67: 33 | AJ67: 34 | AK67: 35 | AL67: 36 | AM67: 37 | AN67: 38 | AO67: 39 | AP67: 40 | AQ67: 41 | AR67: 42 | AS67: 43 | AT67: 44 | AU67: 45 | AV67: 46 | AW67: 47 | AX67: 48 | AY67: 49
A68: Đường hầm và cơ sở hạ tầng biển | D68: =($B$31+$C$31)/$B$7 -> 7.8431373 | E68: =($B$31+$C$31)/$B$7 -> 7.8431373 | F68: =($B$31+$C$31)/$B$7 -> 7.8431373 | G68: =($B$31+$C$31)/$B$7 -> 7.8431373 | H68: =($B$31+$C$31)/$B$7 -> 7.8431373 | I68: =($B$31+$C$31)/$B$7 -> 7.8431373 | J68: =($B$31+$C$31)/$B$7 -> 7.8431373 | K68: =($B$31+$C$31)/$B$7 -> 7.8431373 | ... O68: =($B$31+$C$31)/$B$7 -> 7.8431373 | P68: =($B$31+$C$31+$F$31+$G$31)/$B$7 -> 15.686275 | Q68: =($B$31+$C$31+$F$31+$G$31)/$B$7 -> 15.686275 | R68: =($B$31+$C$31+$F$31+$G$31)/$B$7 -> 15.686275 | S68: =($B$31+$C$31+$F$31+$G$31)/$B$7 -> 15.686275 | T68: =($B$31+$C$31+$F$31+$G$31)/$B$7 -> 15.686275 | U68: =($B$31+$C$31+$F$31+$G$31)/$B$7 -> 15.686275 | V68: =($B$31+$C$31+$F$31+$G$31)/$B$7 -> 15.686275 | W68: =($B$31+$C$31+$F$31+$G$31)/$B$7 -> 15.686275 | ... AQ68: =($B$31+$C$31+$F$31+$G$31)/$B$7 -> 15.686275 | AR68: =($F$31+$G$31)/$B$7 -> 7.8431373 | AS68: =($F$31+$G$31)/$B$7 -> 7.8431373 | AT68: =($F$31+$G$31)/$B$7 -> 7.8431373 | AU68: =($F$31+$G$31)/$B$7 -> 7.8431373 | AV68: =($F$31+$G$31)/$B$7 -> 7.8431373 | AW68: =($F$31+$G$31)/$B$7 -> 7.8431373 | AX68: =($F$31+$G$31)/$B$7 -> 7.8431373 | AY68: =($F$31+$G$31)/$B$7 -> 7.8431373
A69: Nhà máy 1 | D69: =($B$32+$C$32)/$B$8 -> 16.339869 | E69: =($B$32+$C$32)/$B$8 -> 16.339869 | F69: =($B$32+$C$32)/$B$8 -> 16.339869 | G69: =($B$32+$C$32)/$B$8 -> 16.339869 | H69: =($B$32+$C$32)/$B$8 -> 16.339869 | I69: =($B$32+$C$32)/$B$8 -> 16.339869 | J69: =($B$32+$C$32)/$B$8 -> 16.339869 | K69: =($B$32+$C$32)/$B$8 -> 16.339869 | ... AG69: =($B$32+$C$32)/$B$8 -> 16.339869
A70: Nhà máy 2 | J70: =($D$32+$E$32)/$B$8 -> 11.503268 | K70: =($D$32+$E$32)/$B$8 -> 11.503268 | L70: =($D$32+$E$32)/$B$8 -> 11.503268 | M70: =($D$32+$E$32)/$B$8 -> 11.503268 | N70: =($D$32+$E$32)/$B$8 -> 11.503268 | O70: =($D$32+$E$32)/$B$8 -> 11.503268 | P70: =($D$32+$E$32)/$B$8 -> 11.503268 | Q70: =($D$32+$E$32)/$B$8 -> 11.503268 | ... AM70: =($D$32+$E$32)/$B$8 -> 11.503268
A71: Nhà máy 3 | P71: =($F$32+$G$32)/$B$8 -> 16.339869 | Q71: =($F$32+$G$32)/$B$8 -> 16.339869 | R71: =($F$32+$G$32)/$B$8 -> 16.339869 | S71: =($F$32+$G$32)/$B$8 -> 16.339869 | T71: =($F$32+$G$32)/$B$8 -> 16.339869 | U71: =($F$32+$G$32)/$B$8 -> 16.339869 | V71: =($F$32+$G$32)/$B$8 -> 16.339869 | W71: =($F$32+$G$32)/$B$8 -> 16.339869 | ... AS71: =($F$32+$G$32)/$B$8 -> 16.339869
A72: Nhà máy 4 | V72: =($H$32+$I$32)/$B$8 -> 11.503268 | W72: =($H$32+$I$32)/$B$8 -> 11.503268 | X72: =($H$32+$I$32)/$B$8 -> 11.503268 | Y72: =($H$32+$I$32)/$B$8 -> 11.503268 | Z72: =($H$32+$I$32)/$B$8 -> 11.503268 | AA72: =($H$32+$I$32)/$B$8 -> 11.503268 | AB72: =($H$32+$I$32)/$B$8 -> 11.503268 | AC72: =($H$32+$I$32)/$B$8 -> 11.503268 | ... AY72: =($H$32+$I$32)/$B$8 -> 11.503268
A73: Đường ống, máy bơm và hồ chứa | D73: =($B$34+$C$34)/$B$9 -> 7.4509804 | E73: =($B$34+$C$34)/$B$9 -> 7.4509804 | F73: =($B$34+$C$34)/$B$9 -> 7.4509804 | G73: =($B$34+$C$34)/$B$9 -> 7.4509804 | H73: =($B$34+$C$34)/$B$9 -> 7.4509804 | I73: =($B$34+$C$34)/$B$9 -> 7.4509804 | J73: =($B$34+$C$34)/$B$9 -> 7.4509804 | K73: =($B$34+$C$34)/$B$9 -> 7.4509804 | ... O73: =($B$34+$C$34)/$B$9 -> 7.4509804 | P73: =($B$34+$C$34+$F$34+$G$34)/$B$9 -> 14.901961 | Q73: =($B$34+$C$34+$F$34+$G$34)/$B$9 -> 14.901961 | R73: =($B$34+$C$34+$F$34+$G$34)/$B$9 -> 14.901961 | S73: =($B$34+$C$34+$F$34+$G$34)/$B$9 -> 14.901961 | T73: =($B$34+$C$34+$F$34+$G$34)/$B$9 -> 14.901961 | U73: =($B$34+$C$34+$F$34+$G$34)/$B$9 -> 14.901961 | V73: =($B$34+$C$34+$F$34+$G$34)/$B$9 -> 14.901961 | W73: =($B$34+$C$34+$F$34+$G$34)/$B$9 -> 14.901961 | ... AB73: =($B$34+$C$34+$F$34+$G$34)/$B$9 -> 14.901961 | AC73: =($F$34+$G$34)/$B$9 -> 7.4509804 | AD73: =($F$34+$G$34)/$B$9 -> 7.4509804 | AE73: =($F$34+$G$34)/$B$9 -> 7.4509804 | AF73: =($F$34+$G$34)/$B$9 -> 7.4509804 | AG73: =($F$34+$G$34)/$B$9 -> 7.4509804 | AH73: =($F$34+$G$34)/$B$9 -> 7.4509804 | AI73: =($F$34+$G$34)/$B$9 -> 7.4509804 | AJ73: =($F$34+$G$34)/$B$9 -> 7.4509804 | ... AN73: =($F$34+$G$34)/$B$9 -> 7.4509804
A74: Tổng | D74: =SUM(D68:D73) -> 31.633987 | E74: =SUM(E68:E73) -> 31.633987 | F74: =SUM(F68:F73) -> 31.633987 | G74: =SUM(G68:G73) -> 31.633987 | H74: =SUM(H68:H73) -> 31.633987 | I74: =SUM(I68:I73) -> 31.633987 | J74: =SUM(J68:J73) -> 43.137255 | K74: =SUM(K68:K73) -> 43.137255 | ... AY74: =SUM(AY68:AY73) -> 19.346405

Sheet Phân tích phương án 2
A1: Năm | B1: 2009 | C1: 2010 | D1: 2011 | E1: 2012 | F1: 2013 | G1: 2014 | H1: 2015 | I1: 2016 | J1: 2017 | K1: 2018 | L1: 2019 | M1: 2020 | N1: 2021 | O1: 2022 | P1: 2023 | Q1: 2024 | R1: 2025 | S1: 2026 | T1: 2027 | U1: 2028 | V1: 2029 | W1: 2030 | X1: 2031 | Y1: 2032 | Z1: 2033 | AA1: 2034 | AB1: 2035 | AC1: 2036 | AD1: 2037 | AE1: 2038 | AF1: 2039 | AG1: 2040 | AH1: 2041 | AI1: 2042 | AJ1: 2043 | AK1: 2044 | AL1: 2045 | AM1: 2046 | AN1: 2047 | AO1: 2048 | AP1: 2049 | AQ1: 2050 | AR1: 2051 | AS1: 2052 | AT1: 2053 | AU1: 2054 | AV1: 2055 | AW1: 2056 | AX1: 2057 | AY1: 2058
AZ2: -
A3: LỊCH VAY VÀ TRẢ NỢ | AZ3: -
Q4: Đơn vị: Triệu VNĐ | AZ4: -
A5: Năm | B5: 0 | C5: 1 | D5: 2 | E5: 3 | F5: 4 | G5: 5 | H5: 6 | I5: 7 | J5: 8 | K5: 9 | L5: 10 | M5: 11 | N5: 12 | O5: 13 | P5: 14 | Q5: 15 | AZ5: -
A6: Nợ đầu kỳ | C6: =B11 -> 500 | D6: =C11 -> 481.58523 | E6: =D11 -> 461.69727 | F6: =E11 -> 440.21828 | G6: =F11 -> 417.02097 | H6: =G11 -> 391.96788 | I6: =H11 -> 364.91054 | J6: =I11 -> 335.68861 | ... Q6: =P11 -> 54.087752 | AZ6: -
A7: Lãi phát sinh | C7: =C6*'Phương án 2'!$E$15 -> 40 | D7: =D6*'Phương án 2'!$E$15 -> 38.526818 | E7: =E6*'Phương án 2'!$E$15 -> 36.935782 | F7: =F6*'Phương án 2'!$E$15 -> 35.217463 | G7: =G6*'Phương án 2'!$E$15 -> 33.361678 | H7: =H6*'Phương án 2'!$E$15 -> 31.35743 | I7: =I6*'Phương án 2'!$E$15 -> 29.192843 | J7: =J6*'Phương án 2'!$E$15 -> 26.855089 | ... Q7: =Q6*'Phương án 2'!$E$15 -> 4.3270202 | AZ7: -
A8: Trả nợ | C8: =-PMT('Phương án 2'!$E$15,'Phương án 2'!$E$16,$C$6) -> 58.414772 | D8: =-PMT('Phương án 2'!$E$15,'Phương án 2'!$E$16,$C$6) -> 58.414772 | E8: =-PMT('Phương án 2'!$E$15,'Phương án 2'!$E$16,$C$6) -> 58.414772 | F8: =-PMT('Phương án 2'!$E$15,'Phương án 2'!$E$16,$C$6) -> 58.414772 | G8: =-PMT('Phương án 2'!$E$15,'Phương án 2'!$E$16,$C$6) -> 58.414772 | H8: =-PMT('Phương án 2'!$E$15,'Phương án 2'!$E$16,$C$6) -> 58.414772 | I8: =-PMT('Phương án 2'!$E$15,'Phương án 2'!$E$16,$C$6) -> 58.414772 | J8: =-PMT('Phương án 2'!$E$15,'Phương án 2'!$E$16,$C$6) -> 58.414772 | ... Q8: =-PMT('Phương án 2'!$E$15,'Phương án 2'!$E$16,$C$6) -> 58.414772 | AZ8: -
A9: Nợ gốc | C9: =C8-C10 -> 18.414772 | D9: =D8-D10 -> 19.887954 | E9: =E8-E10 -> 21.478991 | F9: =F8-F10 -> 23.19731 | G9: =G8-G10 -> 25.053095 | H9: =H8-H10 -> 27.057342 | I9: =I8-I10 -> 29.22193 | J9: =J8-J10 -> 31.559684 | ... Q9: =Q8-Q10 -> 54.087752 | AZ9: -
A10: Trả lãi | C10: =C7 -> 40 | D10: =D7 -> 38.526818 | E10: =E7 -> 36.935782 | F10: =F7 -> 35.217463 | G10: =G7 -> 33.361678 | H10: =H7 -> 31.35743 | I10: =I7 -> 29.192843 | J10: =J7 -> 26.855089 | ... Q10: =Q7 -> 4.3270202 | AZ10: -
A11: Nợ cuối kỳ | B11: ='Phương án 2'!E13 -> 500 | C11: =C6+C7-C8 -> 481.58523 | D11: =D6+D7-D8 -> 461.69727 | E11: =E6+E7-E8 -> 440.21828 | F11: =F6+F7-F8 -> 417.02097 | G11: =G6+G7-G8 -> 391.96788 | H11: =H6+H7-H8 -> 364.91054 | I11: =I6+I7-I8 -> 335.68861 | J11: =J6+J7-J8 -> 304.12892 | ... Q11: =Q6+Q7-Q8 -> -5.8264504e-13 | AZ11: -
A12: Ngân lưu tài trợ | B12: =-B11 -> -500 | C12: =C8 -> 58.414772 | D12: =D8 -> 58.414772 | E12: =E8 -> 58.414772 | F12: =F8 -> 58.414772 | G12: =G8 -> 58.414772 | H12: =H8 -> 58.414772 | I12: =I8 -> 58.414772 | J12: =J8 -> 58.414772 | ... Q12: =Q8 -> 58.414772 | AZ12: -
AZ13: -
AZ14: -
A15: CHỈ SỐ GIÁ | AZ15: -
AZ16: -
A17: Năm | B17: 0 | C17: 1 | D17: 2 | E17: 3 | F17: 4 | G17: 5 | H17: 6 | I17: 7 | J17: 8 | K17: 9 | L17: 10 | M17: 11 | N17: 12 | O17: 13 | P17: 14 | Q17: 15 | R17: 16 | S17: 17 | T17: 18 | U17: 19 | V17: 20 | W17: 21 | X17: 22 | Y17: 23 | Z17: 24 | AA17: 25 | AB17: 26 | AC17: 27 | AD17: 28 | AE17: 29 | AF17: 30 | AG17: 31 | AH17: 32 | AI17: 33 | AJ17: 34 | AK17: 35 | AL17: 36 | AM17: 37 | AN17: 38 | AO17: 39 | AP17: 40 | AQ17: 41 | AR17: 42 | AS17: 43 | AT17: 44 | AU17: 45 | AV17: 46 | AW17: 47 | AX17: 48 | AY17: 49 | AZ17: -
A18: Mức giá chung | B18: =(1+'Phương án 2'!$H$6)^'Phân tích phương án 2'!B17 -> 1 | C18: =(1+'Phương án 2'!$H$6)^'Phân tích phương án 2'!C17 -> 1 | D18: =(1+'Phương án 2'!$H$6)^'Phân tích phương án 2'!D17 -> 1 | E18: =(1+'Phương án 2'!$H$6)^'Phân tích phương án 2'!E17 -> 1 | F18: =(1+'Phương án 2'!$H$6)^'Phân tích phương án 2'!F17 -> 1 | G18: =(1+'Phương án 2'!$H$6)^'Phân tích phương án 2'!G17 -> 1 | H18: =(1+'Phương án 2'!$H$6)^'Phân tích phương án 2'!H17 -> 1 | I18: =(1+'Phương án 2'!$H$6)^'Phân tích phương án 2'!I17 -> 1 | ... AY18: =(1+'Phương án 2'!$H$6)^'Phân tích phương án 2'!AY17 -> 1 | AZ18: -
A19: Giá năng lượng | D19: =(1+('Phương án 2'!$H$6+'Phương án 2'!$B$19))^'Phân tích phương án 2'!B17 -> 1 | E19: =(1+('Phương án 2'!$H$6+'Phương án 2'!$B$19))^'Phân tích phương án 2'!C17 -> 1.01 | F19: =(1+('Phương án 2'!$H$6+'Phương án 2'!$B$19))^'Phân tích phương án 2'!D17 -> 1.0201 | G19: =(1+('Phương án 2'!$H$6+'Phương án 2'!$B$19))^'Phân tích phương án 2'!E17 -> 1.030301 | H19: =(1+('Phương án 2'!$H$6+'Phương án 2'!$B$19))^'Phân tích phương án 2'!F17 -> 1.040604 | I19: =(1+('Phương án 2'!$H$6+'Phương án 2'!$B$19))^'Phân tích phương án 2'!G17 -> 1.0510101 | J19: =(1+('Phương án 2'!$H$6+'Phương án 2'!$B$19))^'Phân tích phương án 2'!H17 -> 1.0615202 | K19: =(1+('Phương án 2'!$H$6+'Phương án 2'!$B$19))^'Phân tích phương án 2'!I17 -> 1.0721354 | ... AA19: =(1+('Phương án 2'!$H$6+'Phương án 2'!$B$19))^'Phân tích phương án 2'!Y17 -> 1.257163 | AB19: =(1+('Phương án 2'!$H$6+'Phương án 2'!$B$20))^'Phân tích phương án 2'!AB17 -> 1 | AC19: =(1+('Phương án 2'!$H$6+'Phương án 2'!$B$20))^'Phân tích phương án 2'!AC17 -> 1 | AD19: =(1+('Phương án 2'!$H$6+'Phương án 2'!$B$20))^'Phân tích phương án 2'!AD17 -> 1 | AE19: =(1+('Phương án 2'!$H$6+'Phương án 2'!$B$20))^'Phân tích phương án 2'!AE17 -> 1 | AF19: =(1+('Phương án 2'!$H$6+'Phương án 2'!$B$20))^'Phân tích phương án 2'!AF17 -> 1 | AG19: =(1+('Phương án 2'!$H$6+'Phương án 2'!$B$20))^'Phân tích phương án 2'!AG17 -> 1 | AH19: =(1+('Phương án 2'!$H$6+'Phương án 2'!$B$20))^'Phân tích phương án 2'!AH17 -> 1 | AI19: =(1+('Phương án 2'!$H$6+'Phương án 2'!$B$20))^'Phân tích phương án 2'!AI17 -> 1 | ... AY19: =(1+('Phương án 2'!$H$6+'Phương án 2'!$B$20))^'Phân tích phương án 2'!AY17 -> 1
AZ20: -
A21: CÔNG SUẤT | AZ21: -
AY22: Đơn vị: ML/a | AZ22: -
A23: Năm | B23: =B17 -> 0 | C23: =C17 -> 1 | D23: =D17 -> 2 | E23: =E17 -> 3 | F23: =F17 -> 4 | G23: =G17 -> 5 | H23: =H17 -> 6 | I23: =I17 -> 7 | ... AY23: =AY17 -> 49 | AZ23: -
A24: Công suất | D24: ='Phương án 2'!$B$12 -> 36000 | E24: ='Phương án 2'!$B$12 -> 36000 | F24: ='Phương án 2'!$B$12 -> 36000 | G24: ='Phương án 2'!$B$12 -> 36000 | H24: ='Phương án 2'!$B$12 -> 36000 | I24: ='Phương án 2'!$B$12 -> 36000 | J24: ='Phương án 2'!$B$13 -> 72000 | K24: ='Phương án 2'!$B$13 -> 72000 | L24: ='Phương án 2'!$B$13 -> 72000 | M24: ='Phương án 2'!$B$13 -> 72000 | N24: ='Phương án 2'!$B$13 -> 72000 | O24: ='Phương án 2'!$B$13 -> 72000 | P24: ='Phương án 2'!$B$14 -> 108000 | Q24: ='Phương án 2'!$B$14 -> 108000 | R24: ='Phương án 2'!$B$14 -> 108000 | S24: ='Phương án 2'!$B$14 -> 108000 | T24: ='Phương án 2'!$B$14 -> 108000 | U24: ='Phương án 2'!$B$14 -> 108000 | V24: ='Phương án 2'!$B$15 -> 144000 | W24: ='Phương án 2'!$B$15 -> 144000 | X24: ='Phương án 2'!$B$15 -> 144000 | Y24: ='Phương án 2'!$B$15 -> 144000 | Z24: ='Phương án 2'!$B$15 -> 144000 | AA24: ='Phương án 2'!$B$15 -> 144000 | AB24: ='Phương án 2'!$B$15 -> 144000 | AC24: ='Phương án 2'!$B$15 -> 144000 | ... AY24: ='Phương án 2'!$B$15 -> 144000 | AZ24: -
AZ25: -
AZ26: -
A27: BÁO CÁO THU NHẬP | AZ27: -
AB28: Giả sử không bán nhà máy cho DWR | AY28: Đơn vị: Triệu $ | AZ28: -
A29: Năm | B29: =B23 -> 0 | C29: =C23 -> 1 | D29: =D23 -> 2 | E29: =E23 -> 3 | F29: =F23 -> 4 | G29: =G23 -> 5 | H29: =H23 -> 6 | I29: =I23 -> 7 | ... AY29: =AY23 -> 49 | AZ29: -
A30: Doanh thu thuần | D30: ='Phương án 2'!$F$60/'Phương án 2'!$H$8*D18 -> 171.81818 | E30: ='Phương án 2'!$F$60/'Phương án 2'!$H$8*E18 -> 171.81818 | F30: ='Phương án 2'!$F$60/'Phương án 2'!$H$8*F18 -> 171.81818 | G30: ='Phương án 2'!$F$60/'Phương án 2'!$H$8*G18 -> 171.81818 | H30: ='Phương án 2'!$F$60/'Phương án 2'!$H$8*H18 -> 171.81818 | I30: ='Phương án 2'!$F$60/'Phương án 2'!$H$8*I18 -> 171.81818 | J30: ='Phương án 2'!$F$61/'Phương án 2'!$H$8*J18 -> 343.63636 | K30: ='Phương án 2'!$F$61/'Phương án 2'!$H$8*K18 -> 343.63636 | L30: ='Phương án 2'!$F$61/'Phương án 2'!$H$8*L18 -> 343.63636 | M30: ='Phương án 2'!$F$61/'Phương án 2'!$H$8*M18 -> 343.63636 | N30: ='Phương án 2'!$F$61/'Phương án 2'!$H$8*N18 -> 343.63636 | O30: ='Phương án 2'!$F$61/'Phương án 2'!$H$8*O18 -> 343.63636 | P30: ='Phương án 2'!$F$62/'Phương án 2'!$H$8*P18 -> 515.45455 | Q30: ='Phương án 2'!$F$62/'Phương án 2'!$H$8*Q18 -> 515.45455 | R30: ='Phương án 2'!$F$62/'Phương án 2'!$H$8*R18 -> 515.45455 | S30: ='Phương án 2'!$F$62/'Phương án 2'!$H$8*S18 -> 515.45455 | T30: ='Phương án 2'!$F$62/'Phương án 2'!$H$8*T18 -> 515.45455 | U30: ='Phương án 2'!$F$62/'Phương án 2'!$H$8*U18 -> 515.45455 | V30: ='Phương án 2'!$F$63/'Phương án 2'!$H$8*V18 -> 687.27273 | W30: ='Phương án 2'!$F$63/'Phương án 2'!$H$8*W18 -> 687.27273 | X30: ='Phương án 2'!$F$63/'Phương án 2'!$H$8*X18 -> 687.27273 | Y30: ='Phương án 2'!$F$63/'Phương án 2'!$H$8*Y18 -> 687.27273 | Z30: ='Phương án 2'!$F$63/'Phương án 2'!$H$8*Z18 -> 687.27273 | AA30: ='Phương án 2'!$F$63/'Phương án 2'!$H$8*AA18 -> 687.27273 | AB30: ='Phương án 2'!$F$63/'Phương án 2'!$H$8*AB18 -> 687.27273 | AC30: ='Phương án 2'!$F$63/'Phương án 2'!$H$8*AC18 -> 687.27273 | ... AY30: ='Phương án 2'!$F$63/'Phương án 2'!$H$8*AY18 -> 687.27273 | AZ30: -
A31: Bán thiết bị khử muối | AA31: ='Phương án 2'!$H$18*AA18 -> 100
AZ32: -
A33: Chi phí cố định | D33: =SUM(D34:D36) -> 20.8 | E33: =SUM(E34:E36) -> 20.86 | F33: =SUM(F34:F36) -> 20.9206 | G33: =SUM(G34:G36) -> 20.981806 | H33: =SUM(H34:H36) -> 21.043624 | I33: =SUM(I34:I36) -> 21.10606 | J33: =SUM(J34:J36) -> 30.791449 | K33: =SUM(K34:K36) -> 30.88409 | ... AY33: =SUM(AY34:AY36) -> 60.509091 | AZ33: -
A34: Lương nhân viên, nhân công | D34: ='Phương án 2'!$E$41*D18 -> 8.8 | E34: ='Phương án 2'!$E$41*E18 -> 8.8 | F34: ='Phương án 2'!$E$41*F18 -> 8.8 | G34: ='Phương án 2'!$E$41*G18 -> 8.8 | H34: ='Phương án 2'!$E$41*H18 -> 8.8 | I34: ='Phương án 2'!$E$41*I18 -> 8.8 | J34: =('Phương án 2'!$E$41+'Phương án 2'!$E$50)*J18 -> 12.8 | K34: =('Phương án 2'!$E$41+'Phương án 2'!$E$50)*K18 -> 12.8 | L34: =('Phương án 2'!$E$41+'Phương án 2'!$E$50)*L18 -> 12.8 | M34: =('Phương án 2'!$E$41+'Phương án 2'!$E$50)*M18 -> 12.8 | N34: =('Phương án 2'!$E$41+'Phương án 2'!$E$50)*N18 -> 12.8 | O34: =('Phương án 2'!$E$41+'Phương án 2'!$E$50)*O18 -> 12.8 | P34: =('Phương án 2'!$E$41*2+'Phương án 2'!$E$50)*P18 -> 21.6 | Q34: =('Phương án 2'!$E$41*2+'Phương án 2'!$E$50)*Q18 -> 21.6 | R34: =('Phương án 2'!$E$41*2+'Phương án 2'!$E$50)*R18 -> 21.6 | S34: =('Phương án 2'!$E$41*2+'Phương án 2'!$E$50)*S18 -> 21.6 | T34: =('Phương án 2'!$E$41*2+'Phương án 2'!$E$50)*T18 -> 21.6 | U34: =('Phương án 2'!$E$41*2+'Phương án 2'!$E$50)*U18 -> 21.6 | V34: =('Phương án 2'!$E$41*2+'Phương án 2'!$E$50*2)*V18 -> 25.6 | W34: =('Phương án 2'!$E$41*2+'Phương án 2'!$E$50*2)*W18 -> 25.6 | X34: =('Phương án 2'!$E$41*2+'Phương án 2'!$E$50*2)*X18 -> 25.6 | Y34: =('Phương án 2'!$E$41*2+'Phương án 2'!$E$50*2)*Y18 -> 25.6 | Z34: =('Phương án 2'!$E$41*2+'Phương án 2'!$E$50*2)*Z18 -> 25.6 | AA34: =('Phương án 2'!$E$41*2+'Phương án 2'!$E$50*2)*AA18 -> 25.6 | AB34: =('Phương án 2'!$E$41*2+'Phương án 2'!$E$50*2)*AB18 -> 25.6 | AC34: =('Phương án 2'!$E$41*2+'Phương án 2'!$E$50*2)*AC18 -> 25.6 | ... AY34: =('Phương án 2'!$E$41*2+'Phương án 2'!$E$50*2)*AY18 -> 25.6 | AZ34: -
A35: Năng lượng | D35: ='Phương án 2'!$E$42*D19 -> 6 | E35: ='Phương án 2'!$E$42*E19 -> 6.06 | F35: ='Phương án 2'!$E$42*F19 -> 6.1206 | G35: ='Phương án 2'!$E$42*G19 -> 6.181806 | H35: ='Phương án 2'!$E$42*H19 -> 6.2436241 | I35: ='Phương án 2'!$E$42*I19 -> 6.3060603 | J35: =('Phương án 2'!$E$42+'Phương án 2'!$E$51)*J19 -> 9.2641759 | K35: =('Phương án 2'!$E$42+'Phương án 2'!$E$51)*K19 -> 9.3568176 | L35: =('Phương án 2'!$E$42+'Phương án 2'!$E$51)*L19 -> 9.4503858 | M35: =('Phương án 2'!$E$42+'Phương án 2'!$E$51)*M19 -> 9.5448897 | N35: =('Phương án 2'!$E$42+'Phương án 2'!$E$51)*N19 -> 9.6403385 | O35: =('Phương án 2'!$E$42+'Phương án 2'!$E$51)*O19 -> 9.7367419 | P35: =('Phương án 2'!$E$42*2+'Phương án 2'!$E$51)*P19 -> 16.59506 | Q35: =('Phương án 2'!$E$42*2+'Phương án 2'!$E$51)*Q19 -> 16.76101 | R35: =('Phương án 2'!$E$42*2+'Phương án 2'!$E$51)*R19 -> 16.92862 | S35: =('Phương án 2'!$E$42*2+'Phương án 2'!$E$51)*S19 -> 17.097906 | T35: =('Phương án 2'!$E$42*2+'Phương án 2'!$E$51)*T19 -> 17.268885 | U35: =('Phương án 2'!$E$42*2+'Phương án 2'!$E$51)*U19 -> 17.441574 | V35: =('Phương án 2'!$E$42*2+'Phương án 2'!$E$51*2)*V19 -> 20.87821 | W35: =('Phương án 2'!$E$42*2+'Phương án 2'!$E$51*2)*W19 -> 21.086993 | X35: =('Phương án 2'!$E$42*2+'Phương án 2'!$E$51*2)*X19 -> 21.297863 | Y35: =('Phương án 2'!$E$42*2+'Phương án 2'!$E$51*2)*Y19 -> 21.510841 | Z35: =('Phương án 2'!$E$42*2+'Phương án 2'!$E$51*2)*Z19 -> 21.72595 | AA35: =('Phương án 2'!$E$42*2+'Phương án 2'!$E$51*2)*AA19 -> 21.943209 | AB35: =('Phương án 2'!$E$42*2+'Phương án 2'!$E$51*2)*AB19 -> 17.454545 | AC35: =('Phương án 2'!$E$42*2+'Phương án 2'!$E$51*2)*AC19 -> 17.454545 | ... AY35: =('Phương án 2'!$E$42*2+'Phương án 2'!$E$51*2)*AY19 -> 17.454545 | AZ35: -
A36: Nguyên vật liệu | D36: ='Phương án 2'!$E$43*D18 -> 6 | E36: ='Phương án 2'!$E$43*E18 -> 6 | F36: ='Phương án 2'!$E$43*F18 -> 6 | G36: ='Phương án 2'!$E$43*G18 -> 6 | H36: ='Phương án 2'!$E$43*H18 -> 6 | I36: ='Phương án 2'!$E$43*I18 -> 6 | J36: =('Phương án 2'!$E$43+'Phương án 2'!$E$52)*J18 -> 8.7272727 | K36: =('Phương án 2'!$E$43+'Phương án 2'!$E$52)*K18 -> 8.7272727 | L36: =('Phương án 2'!$E$43+'Phương án 2'!$E$52)*L18 -> 8.7272727 | M36: =('Phương án 2'!$E$43+'Phương án 2'!$E$52)*M18 -> 8.7272727 | N36: =('Phương án 2'!$E$43+'Phương án 2'!$E$52)*N18 -> 8.7272727 | O36: =('Phương án 2'!$E$43+'Phương án 2'!$E$52)*O18 -> 8.7272727 | P36: =('Phương án 2'!$E$43*2+'Phương án 2'!$E$52)*P18 -> 14.727273 | Q36: =('Phương án 2'!$E$43*2+'Phương án 2'!$E$52)*Q18 -> 14.727273 | R36: =('Phương án 2'!$E$43*2+'Phương án 2'!$E$52)*R18 -> 14.727273 | S36: =('Phương án 2'!$E$43*2+'Phương án 2'!$E$52)*S18 -> 14.727273 | T36: =('Phương án 2'!$E$43*2+'Phương án 2'!$E$52)*T18 -> 14.727273 | U36: =('Phương án 2'!$E$43*2+'Phương án 2'!$E$52)*U18 -> 14.727273 | V36: =('Phương án 2'!$E$43*2+'Phương án 2'!$E$52*2)*V18 -> 17.454545 | W36: =('Phương án 2'!$E$43*2+'Phương án 2'!$E$52*2)*W18 -> 17.454545 | X36: =('Phương án 2'!$E$43*2+'Phương án 2'!$E$52*2)*X18 -> 17.454545 | Y36: =('Phương án 2'!$E$43*2+'Phương án 2'!$E$52*2)*Y18 -> 17.454545 | Z36: =('Phương án 2'!$E$43*2+'Phương án 2'!$E$52*2)*Z18 -> 17.454545 | AA36: =('Phương án 2'!$E$43*2+'Phương án 2'!$E$52*2)*AA18 -> 17.454545 | AB36: =('Phương án 2'!$E$43*2+'Phương án 2'!$E$52*2)*AB18 -> 17.454545 | AC36: =('Phương án 2'!$E$43*2+'Phương án 2'!$E$52*2)*AC18 -> 17.454545 | ... AY36: =('Phương án 2'!$E$43*2+'Phương án 2'!$E$52*2)*AY18 -> 17.454545 | AZ36: -
A37: Chi phí biến đổi | D37: =SUM(D38:D40) -> 11.912727 | E37: =SUM(E38:E40) -> 11.947091 | F37: =SUM(F38:F40) -> 11.981798 | G37: =SUM(G38:G40) -> 12.016853 | H37: =SUM(H38:H40) -> 12.052257 | I37: =SUM(I38:I40) -> 12.088016 | J37: =SUM(J38:J40) -> 24.248266 | K37: =SUM(K38:K40) -> 24.321221 | ... AY37: =SUM(AY38:AY40) -> 47.650909 | AZ37: -
A38: Lương nhân viên, nhân công | D38: =('Phương án 2'!$E$45)*'Phương án 2'!$B$12/'Phương án 2'!$H$8*'Phân tích phương án 2'!D18 -> 5.04 | E38: =('Phương án 2'!$E$45)*'Phương án 2'!$B$12/'Phương án 2'!$H$8*'Phân tích phương án 2'!E18 -> 5.04 | F38: =('Phương án 2'!$E$45)*'Phương án 2'!$B$12/'Phương án 2'!$H$8*'Phân tích phương án 2'!F18 -> 5.04 | G38: =('Phương án 2'!$E$45)*'Phương án 2'!$B$12/'Phương án 2'!$H$8*'Phân tích phương án 2'!G18 -> 5.04 | H38: =('Phương án 2'!$E$45)*'Phương án 2'!$B$12/'Phương án 2'!$H$8*'Phân tích phương án 2'!H18 -> 5.04 | I38: =('Phương án 2'!$E$45)*'Phương án 2'!$B$12/'Phương án 2'!$H$8*'Phân tích phương án 2'!I18 -> 5.04 | J38: =('Phương án 2'!$E$45+'Phương án 2'!$E$54)*'Phương án 2'!$B$12/'Phương án 2'!$H$8*'Phân tích phương án 2'!J18 -> 10.08 | K38: =('Phương án 2'!$E$45+'Phương án 2'!$E$54)*'Phương án 2'!$B$12/'Phương án 2'!$H$8*'Phân tích phương án 2'!K18 -> 10.08 | L38: =('Phương án 2'!$E$45+'Phương án 2'!$E$54)*'Phương án 2'!$B$12/'Phương án 2'!$H$8*'Phân tích phương án 2'!L18 -> 10.08 | M38: =('Phương án 2'!$E$45+'Phương án 2'!$E$54)*'Phương án 2'!$B$12/'Phương án 2'!$H$8*'Phân tích phương án 2'!M18 -> 10.08 | N38: =('Phương án 2'!$E$45+'Phương án 2'!$E$54)*'Phương án 2'!$B$12/'Phương án 2'!$H$8*'Phân tích phương án 2'!N18 -> 10.08 | O38: =('Phương án 2'!$E$45+'Phương án 2'!$E$54)*'Phương án 2'!$B$12/'Phương án 2'!$H$8*'Phân tích phương án 2'!O18 -> 10.08 | P38: =('Phương án 2'!$E$45*2+'Phương án 2'!$E$54)*'Phương án 2'!$B$12/'Phương án 2'!$H$8*'Phân tích phương án 2'!P18 -> 15.12 | Q38: =('Phương án 2'!$E$45*2+'Phương án 2'!$E$54)*'Phương án 2'!$B$12/'Phương án 2'!$H$8*'Phân tích phương án 2'!Q18 -> 15.12 | R38: =('Phương án 2'!$E$45*2+'Phương án 2'!$E$54)*'Phương án 2'!$B$12/'Phương án 2'!$H$8*'Phân tích phương án 2'!R18 -> 15.12 | S38: =('Phương án 2'!$E$45*2+'Phương án 2'!$E$54)*'Phương án 2'!$B$12/'Phương án 2'!$H$8*'Phân tích phương án 2'!S18 -> 15.12 | T38: =('Phương án 2'!$E$45*2+'Phương án 2'!$E$54)*'Phương án 2'!$B$12/'Phương án 2'!$H$8*'Phân tích phương án 2'!T18 -> 15.12 | U38: =('Phương án 2'!$E$45*2+'Phương án 2'!$E$54)*'Phương án 2'!$B$12/'Phương án 2'!$H$8*'Phân tích phương án 2'!U18 -> 15.12 | V38: =('Phương án 2'!$E$45*2+'Phương án 2'!$E$54*2)*'Phương án 2'!$B$12/'Phương án 2'!$H$8*'Phân tích phương án 2'!V18 -> 20.16 | W38: =('Phương án 2'!$E$45*2+'Phương án 2'!$E$54*2)*'Phương án 2'!$B$12/'Phương án 2'!$H$8*'Phân tích phương án 2'!W18 -> 20.16 | X38: =('Phương án 2'!$E$45*2+'Phương án 2'!$E$54*2)*'Phương án 2'!$B$12/'Phương án 2'!$H$8*'Phân tích phương án 2'!X18 -> 20.16 | Y38: =('Phương án 2'!$E$45*2+'Phương án 2'!$E$54*2)*'Phương án 2'!$B$12/'Phương án 2'!$H$8*'Phân tích phương án 2'!Y18 -> 20.16 | Z38: =('Phương án 2'!$E$45*2+'Phương án 2'!$E$54*2)*'Phương án 2'!$B$12/'Phương án 2'!$H$8*'Phân tích phương án 2'!Z18 -> 20.16 | AA38: =('Phương án 2'!$E$45*2+'Phương án 2'!$E$54*2)*'Phương án 2'!$B$12/'Phương án 2'!$H$8*'Phân tích phương án 2'!AA18 -> 20.16 | AB38: =('Phương án 2'!$E$45*2+'Phương án 2'!$E$54*2)*'Phương án 2'!$B$12/'Phương án 2'!$H$8*'Phân tích phương án 2'!AB18 -> 20.16 | AC38: =('Phương án 2'!$E$45*2+'Phương án 2'!$E$54*2)*'Phương án 2'!$B$12/'Phương án 2'!$H$8*'Phân tích phương án 2'!AC18 -> 20.16 | ... AY38: =('Phương án 2'!$E$45*2+'Phương án 2'!$E$54*2)*'Phương án 2'!$B$12/'Phương án 2'!$H$8*'Phân tích phương án 2'!AY18 -> 20.16 | AZ38: -
A39: Năng lượng | D39: =('Phương án 2'!$E$46)*'Phương án 2'!$B$12/'Phương án 2'!$H$8*D19 -> 3.4363636 | E39: =('Phương án 2'!$E$46)*'Phương án 2'!$B$12/'Phương án 2'!$H$8*E19 -> 3.4707273 | F39: =('Phương án 2'!$E$46)*'Phương án 2'!$B$12/'Phương án 2'!$H$8*F19 -> 3.5054345 | G39: =('Phương án 2'!$E$46)*'Phương án 2'!$B$12/'Phương án 2'!$H$8*G19 -> 3.5404889 | H39: =('Phương án 2'!$E$46)*'Phương án 2'!$B$12/'Phương án 2'!$H$8*H19 -> 3.5758938 | I39: =('Phương án 2'!$E$46)*'Phương án 2'!$B$12/'Phương án 2'!$H$8*I19 -> 3.6116527 | J39: =('Phương án 2'!$E$46+'Phương án 2'!$E$55)*'Phương án 2'!$B$12/'Phương án 2'!$H$8*J19 -> 7.2955385 | K39: =('Phương án 2'!$E$46+'Phương án 2'!$E$55)*'Phương án 2'!$B$12/'Phương án 2'!$H$8*K19 -> 7.3684939 | L39: =('Phương án 2'!$E$46+'Phương án 2'!$E$55)*'Phương án 2'!$B$12/'Phương án 2'!$H$8*L19 -> 7.4421788 | M39: =('Phương án 2'!$E$46+'Phương án 2'!$E$55)*'Phương án 2'!$B$12/'Phương án 2'!$H$8*M19 -> 7.5166006 | N39: =('Phương án 2'!$E$46+'Phương án 2'!$E$55)*'Phương án 2'!$B$12/'Phương án 2'!$H$8*N19 -> 7.5917666 | O39: =('Phương án 2'!$E$46+'Phương án 2'!$E$55)*'Phương án 2'!$B$12/'Phương án 2'!$H$8*O19 -> 7.6676843 | P39: =('Phương án 2'!$E$46*2+'Phương án 2'!$E$55)*'Phương án 2'!$B$12/'Phương án 2'!$H$8*P19 -> 11.616542 | Q39: =('Phương án 2'!$E$46*2+'Phương án 2'!$E$55)*'Phương án 2'!$B$12/'Phương án 2'!$H$8*Q19 -> 11.732707 | R39: =('Phương án 2'!$E$46*2+'Phương án 2'!$E$55)*'Phương án 2'!$B$12/'Phương án 2'!$H$8*R19 -> 11.850034 | S39: =('Phương án 2'!$E$46*2+'Phương án 2'!$E$55)*'Phương án 2'!$B$12/'Phương án 2'!$H$8*S19 -> 11.968535 | T39: =('Phương án 2'!$E$46*2+'Phương án 2'!$E$55)*'Phương án 2'!$B$12/'Phương án 2'!$H$8*T19 -> 12.08822 | U39: =('Phương án 2'!$E$46*2+'Phương án 2'!$E$55)*'Phương án 2'!$B$12/'Phương án 2'!$H$8*U19 -> 12.209102 | V39: =('Phương án 2'!$E$46*2+'Phương án 2'!$E$55*2)*'Phương án 2'!$B$12/'Phương án 2'!$H$8*V19 -> 16.441591 | W39: =('Phương án 2'!$E$46*2+'Phương án 2'!$E$55*2)*'Phương án 2'!$B$12/'Phương án 2'!$H$8*W19 -> 16.606007 | X39: =('Phương án 2'!$E$46*2+'Phương án 2'!$E$55*2)*'Phương án 2'!$B$12/'Phương án 2'!$H$8*X19 -> 16.772067 | Y39: =('Phương án 2'!$E$46*2+'Phương án 2'!$E$55*2)*'Phương án 2'!$B$12/'Phương án 2'!$H$8*Y19 -> 16.939787 | Z39: =('Phương án 2'!$E$46*2+'Phương án 2'!$E$55*2)*'Phương án 2'!$B$12/'Phương án 2'!$H$8*Z19 -> 17.109185 | AA39: =('Phương án 2'!$E$46*2+'Phương án 2'!$E$55*2)*'Phương án 2'!$B$12/'Phương án 2'!$H$8*AA19 -> 17.280277 | AB39: =('Phương án 2'!$E$46*2+'Phương án 2'!$E$55*2)*'Phương án 2'!$B$12/'Phương án 2'!$H$8*AB19 -> 13.745455 | AC39: =('Phương án 2'!$E$46*2+'Phương án 2'!$E$55*2)*'Phương án 2'!$B$12/'Phương án 2'!$H$8*AC19 -> 13.745455 | ... AY39: =('Phương án 2'!$E$46*2+'Phương án 2'!$E$55*2)*'Phương án 2'!$B$12/'Phương án 2'!$H$8*AY19 -> 13.745455 | AZ39: -
A40: Nguyên vật liệu | D40: =('Phương án 2'!$E$47)*'Phương án 2'!$B$12/'Phương án 2'!$H$8*'Phân tích phương án 2'!D18 -> 3.4363636 | E40: =('Phương án 2'!$E$47)*'Phương án 2'!$B$12/'Phương án 2'!$H$8*'Phân tích phương án 2'!E18 -> 3.4363636 | F40: =('Phương án 2'!$E$47)*'Phương án 2'!$B$12/'Phương án 2'!$H$8*'Phân tích phương án 2'!F18 -> 3.4363636 | G40: =('Phương án 2'!$E$47)*'Phương án 2'!$B$12/'Phương án 2'!$H$8*'Phân tích phương án 2'!G18 -> 3.4363636 | H40: =('Phương án 2'!$E$47)*'Phương án 2'!$B$12/'Phương án 2'!$H$8*'Phân tích phương án 2'!H18 -> 3.4363636 | I40: =('Phương án 2'!$E$47)*'Phương án 2'!$B$12/'Phương án 2'!$H$8*'Phân tích phương án 2'!I18 -> 3.4363636 | J40: =('Phương án 2'!$E$47+'Phương án 2'!$E$56)*'Phương án 2'!$B$12/'Phương án 2'!$H$8*'Phân tích phương án 2'!J18 -> 6.8727273 | K40: =('Phương án 2'!$E$47+'Phương án 2'!$E$56)*'Phương án 2'!$B$12/'Phương án 2'!$H$8*'Phân tích phương án 2'!K18 -> 6.8727273 | L40: =('Phương án 2'!$E$47+'Phương án 2'!$E$56)*'Phương án 2'!$B$12/'Phương án 2'!$H$8*'Phân tích phương án 2'!L18 -> 6.8727273 | M40: =('Phương án 2'!$E$47+'Phương án 2'!$E$56)*'Phương án 2'!$B$12/'Phương án 2'!$H$8*'Phân tích phương án 2'!M18 -> 6.8727273 | N40: =('Phương án 2'!$E$47+'Phương án 2'!$E$56)*'Phương án 2'!$B$12/'Phương án 2'!$H$8*'Phân tích phương án 2'!N18 -> 6.8727273 | O40: =('Phương án 2'!$E$47+'Phương án 2'!$E$56)*'Phương án 2'!$B$12/'Phương án 2'!$H$8*'Phân tích phương án 2'!O18 -> 6.8727273 | P40: =('Phương án 2'!$E$47*2+'Phương án 2'!$E$56)*'Phương án 2'!$B$12/'Phương án 2'!$H$8*'Phân tích phương án 2'!P18 -> 10.309091 | Q40: =('Phương án 2'!$E$47*2+'Phương án 2'!$E$56)*'Phương án 2'!$B$12/'Phương án 2'!$H$8*'Phân tích phương án 2'!Q18 -> 10.309091 | R40: =('Phương án 2'!$E$47*2+'Phương án 2'!$E$56)*'Phương án 2'!$B$12/'Phương án 2'!$H$8*'Phân tích phương án 2'!R18 -> 10.309091 | S40: =('Phương án 2'!$E$47*2+'Phương án 2'!$E$56)*'Phương án 2'!$B$12/'Phương án 2'!$H$8*'Phân tích phương án 2'!S18 -> 10.309091 | T40: =('Phương án 2'!$E$47*2+'Phương án 2'!$E$56)*'Phương án 2'!$B$12/'Phương án 2'!$H$8*'Phân tích phương án 2'!T18 -> 10.309091 | U40: =('Phương án 2'!$E$47*2+'Phương án 2'!$E$56)*'Phương án 2'!$B$12/'Phương án 2'!$H$8*'Phân tích phương án 2'!U18 -> 10.309091 | V40: =('Phương án 2'!$E$47*2+'Phương án 2'!$E$56*2)*'Phương án 2'!$B$12/'Phương án 2'!$H$8*'Phân tích phương án 2'!V18 -> 13.745455 | W40: =('Phương án 2'!$E$47*2+'Phương án 2'!$E$56*2)*'Phương án 2'!$B$12/'Phương án 2'!$H$8*'Phân tích phương án 2'!W18 -> 13.745455 | X40: =('Phương án 2'!$E$47*2+'Phương án 2'!$E$56*2)*'Phương án 2'!$B$12/'Phương án 2'!$H$8*'Phân tích phương án 2'!X18 -> 13.745455 | Y40: =('Phương án 2'!$E$47*2+'Phương án 2'!$E$56*2)*'Phương án 2'!$B$12/'Phương án 2'!$H$8*'Phân tích phương án 2'!Y18 -> 13.745455 | Z40: =('Phương án 2'!$E$47*2+'Phương án 2'!$E$56*2)*'Phương án 2'!$B$12/'Phương án 2'!$H$8*'Phân tích phương án 2'!Z18 -> 13.745455 | AA40: =('Phương án 2'!$E$47*2+'Phương án 2'!$E$56*2)*'Phương án 2'!$B$12/'Phương án 2'!$H$8*'Phân tích phương án 2'!AA18 -> 13.745455 | AB40: =('Phương án 2'!$E$47*2+'Phương án 2'!$E$56*2)*'Phương án 2'!$B$12/'Phương án 2'!$H$8*'Phân tích phương án 2'!AB18 -> 13.745455 | AC40: =('Phương án 2'!$E$47*2+'Phương án 2'!$E$56*2)*'Phương án 2'!$B$12/'Phương án 2'!$H$8*'Phân tích phương án 2'!AC18 -> 13.745455 | ... AY40: =('Phương án 2'!$E$47*2+'Phương án 2'!$E$56*2)*'Phương án 2'!$B$12/'Phương án 2'!$H$8*'Phân tích phương án 2'!AY18 -> 13.745455 | AZ40: -
AZ41: -
A42: EBITDA | D42: =SUM(D30:D31)-D33-D37 -> 139.10545 | E42: =SUM(E30:E31)-E33-E37 -> 139.01109 | F42: =SUM(F30:F31)-F33-F37 -> 138.91578 | G42: =SUM(G30:G31)-G33-G37 -> 138.81952 | H42: =SUM(H30:H31)-H33-H37 -> 138.7223 | I42: =SUM(I30:I31)-I33-I37 -> 138.62411 | J42: =SUM(J30:J31)-J33-J37 -> 288.59665 | K42: =SUM(K30:K31)-K33-K37 -> 288.43105 | ... AY42: =SUM(AY30:AY31)-AY33-AY37 -> 579.11273 | AZ42: -
A43: Khấu hao | E43: ='Phương án 2'!E74 -> 31.633987 | F43: ='Phương án 2'!F74 -> 31.633987 | G43: ='Phương án 2'!G74 -> 31.633987 | H43: ='Phương án 2'!H74 -> 31.633987 | I43: ='Phương án 2'!I74 -> 31.633987 | J43: ='Phương án 2'!J74 -> 43.137255 | K43: ='Phương án 2'!K74 -> 43.137255 | L43: ='Phương án 2'!L74 -> 43.137255 | ... AY43: ='Phương án 2'!AY74 -> 19.346405 | AZ43: -
A44: Trả lãi | C44: =C10 -> 40 | D44: =D10 -> 38.526818 | E44: =E10 -> 36.935782 | F44: =F10 -> 35.217463 | G44: =G10 -> 33.361678 | H44: =H10 -> 31.35743 | I44: =I10 -> 29.192843 | J44: =J10 -> 26.855089 | ... Q44: =Q10 -> 4.3270202 | AZ44: -
AZ45: -
A46: EBT | C46: =C42-C43-C44 -> -40 | D46: =D42-D43-D44 -> 100.57864 | E46: =E42-E43-E44 -> 70.441322 | F46: =F42-F43-F44 -> 72.064334 | G46: =G42-G43-G44 -> 73.823859 | H46: =H42-H43-H44 -> 75.730883 | I46: =I42-I43-I44 -> 77.797275 | J46: =J42-J43-J44 -> 218.60431 | ... AY46: =AY42-AY43-AY44 -> 559.76632 | AZ46: -
A47: Thuế TNDN | C47: 0 | D47: =D46*'Phương án 2'!$E$7 -> 30.173591 | E47: =E46*'Phương án 2'!$E$7 -> 21.132397 | F47: =F46*'Phương án 2'!$E$7 -> 21.6193 | G47: =G46*'Phương án 2'!$E$7 -> 22.147158 | H47: =H46*'Phương án 2'!$E$7 -> 22.719265 | I47: =I46*'Phương án 2'!$E$7 -> 23.339183 | J47: =J46*'Phương án 2'!$E$7 -> 65.581292 | K47: =K46*'Phương án 2'!$E$7 -> 66.289045 | ... AY47: =AY46*'Phương án 2'!$E$7 -> 167.9299 | AZ47: -
AZ48: -
AZ49: -
A50: BÁO CÁO NGÂN LƯU QUAN ĐIỂM TỔNG ĐẦU TƯ | AZ50: -
AY51: Đơn vị: Triệu $ | AZ51: -
A52: Năm | B52: =B23 -> 0 | C52: =C23 -> 1 | D52: =D23 -> 2 | E52: =E23 -> 3 | F52: =F23 -> 4 | G52: =G23 -> 5 | H52: =H23 -> 6 | I52: =I23 -> 7 | ... AY52: =AY23 -> 49 | AZ52: -
A53: Ngân lưu vào | AZ53: -
A54: Doanh thu | D54: =D30 -> 171.81818 | E54: =E30 -> 171.81818 | F54: =F30 -> 171.81818 | G54: =G30 -> 171.81818 | H54: =H30 -> 171.81818 | I54: =I30 -> 171.81818 | J54: =J30 -> 343.63636 | K54: =K30 -> 343.63636 | ... AY54: =AY30 -> 687.27273 | AZ54: -
A55: VAT @10% | D55: ='Phương án 2'!$E$60/'Phương án 2'!$H$8*D18 -> 17.181818 | E55: ='Phương án 2'!$E$60/'Phương án 2'!$H$8*E18 -> 17.181818 | F55: ='Phương án 2'!$E$60/'Phương án 2'!$H$8*F18 -> 17.181818 | G55: ='Phương án 2'!$E$60/'Phương án 2'!$H$8*G18 -> 17.181818 | H55: ='Phương án 2'!$E$60/'Phương án 2'!$H$8*H18 -> 17.181818 | I55: ='Phương án 2'!$E$60/'Phương án 2'!$H$8*I18 -> 17.181818 | J55: ='Phương án 2'!$E$61/'Phương án 2'!$H$8*J18 -> 34.363636 | K55: ='Phương án 2'!$E$61/'Phương án 2'!$H$8*K18 -> 34.363636 | L55: ='Phương án 2'!$E$61/'Phương án 2'!$H$8*L18 -> 34.363636 | M55: ='Phương án 2'!$E$61/'Phương án 2'!$H$8*M18 -> 34.363636 | N55: ='Phương án 2'!$E$61/'Phương án 2'!$H$8*N18 -> 34.363636 | O55: ='Phương án 2'!$E$61/'Phương án 2'!$H$8*O18 -> 34.363636 | P55: ='Phương án 2'!$E$62/'Phương án 2'!$H$8*P18 -> 51.545455 | Q55: ='Phương án 2'!$E$62/'Phương án 2'!$H$8*Q18 -> 51.545455 | R55: ='Phương án 2'!$E$62/'Phương án 2'!$H$8*R18 -> 51.545455 | S55: ='Phương án 2'!$E$62/'Phương án 2'!$H$8*S18 -> 51.545455 | T55: ='Phương án 2'!$E$62/'Phương án 2'!$H$8*T18 -> 51.545455 | U55: ='Phương án 2'!$E$62/'Phương án 2'!$H$8*U18 -> 51.545455 | V55: ='Phương án 2'!$E$63/'Phương án 2'!$H$8*V18 -> 68.727273 | W55: ='Phương án 2'!$E$63/'Phương án 2'!$H$8*W18 -> 68.727273 | X55: ='Phương án 2'!$E$63/'Phương án 2'!$H$8*X18 -> 68.727273 | Y55: ='Phương án 2'!$E$63/'Phương án 2'!$H$8*Y18 -> 68.727273 | Z55: ='Phương án 2'!$E$63/'Phương án 2'!$H$8*Z18 -> 68.727273 | AA55: ='Phương án 2'!$E$63/'Phương án 2'!$H$8*AA18 -> 68.727273 | AB55: ='Phương án 2'!$E$63/'Phương án 2'!$H$8*AB18 -> 68.727273 | AC55: ='Phương án 2'!$E$63/'Phương án 2'!$H$8*AC18 -> 68.727273 | ... AY55: ='Phương án 2'!$E$63/'Phương án 2'!$H$8*AY18 -> 68.727273 | AZ55: -
A56: Bán thiết bị khử muối | AA56: =AA31 -> 100
A57: Tổng | D57: =SUM(D54:D56) -> 189 | E57: =SUM(E54:E56) -> 189 | F57: =SUM(F54:F56) -> 189 | G57: =SUM(G54:G56) -> 189 | H57: =SUM(H54:H56) -> 189 | I57: =SUM(I54:I56) -> 189 | J57: =SUM(J54:J56) -> 378 | K57: =SUM(K54:K56) -> 378 | ... AY57: =SUM(AY54:AY56) -> 756 | AZ57: -
AZ58: -
A59: Ngân lưu ra | AZ59: -
A60: Đầu tư ban đầu | B60: ='Phương án 2'!B35*'Phân tích phương án 2'!B$18 -> 500 | C60: ='Phương án 2'!C35*'Phân tích phương án 2'!C$18 -> 495.09804 | H60: ='Phương án 2'!D35*'Phân tích phương án 2'!H$18 -> 172.54902 | I60: ='Phương án 2'!E35*'Phân tích phương án 2'!I$18 -> 172.54902 | N60: ='Phương án 2'!F35*'Phân tích phương án 2'!N$18 -> 500 | O60: ='Phương án 2'!G35*'Phân tích phương án 2'!O$18 -> 495.09804 | T60: ='Phương án 2'!H35*'Phân tích phương án 2'!T$18 -> 172.54902 | U60: ='Phương án 2'!I35*'Phân tích phương án 2'!U$18 -> 172.54902 | AZ60: -
A61: VAT @2% | B61: ='Phương án 2'!B36*'Phân tích phương án 2'!B$18 -> 10 | C61: ='Phương án 2'!C36*'Phân tích phương án 2'!C$18 -> 9.9019608 | H61: ='Phương án 2'!D36*'Phân tích phương án 2'!H$18 -> 3.4509804 | I61: ='Phương án 2'!E36*'Phân tích phương án 2'!I$18 -> 3.4509804 | N61: ='Phương án 2'!F36*'Phân tích phương án 2'!N$18 -> 10 | O61: ='Phương án 2'!G36*'Phân tích phương án 2'!O$18 -> 9.9019608 | T61: ='Phương án 2'!H36*'Phân tích phương án 2'!T$18 -> 3.4509804 | U61: ='Phương án 2'!I36*'Phân tích phương án 2'!U$18 -> 3.4509804 | AZ61: -
A62: Chi phí cố định | AZ62: -
A63: Lương nhân viên, nhân công | AZ63: -
A64: Năng lượng | AZ64: -
A65: VAT @10% | AZ65: -
A66: Nguyên vật liệu | AZ66: -
A67: VAT @10% | AZ67: -
A68: Chi phí biến đổi | AZ68: -
A69: Lương nhân viên, nhân công | D69: =D38 -> 5.04 | E69: =E38 -> 5.04 | F69: =F38 -> 5.04 | G69: =G38 -> 5.04 | H69: =H38 -> 5.04 | I69: =I38 -> 5.04 | J69: =J38 -> 10.08 | K69: =K38 -> 10.08 | ... AY69: =AY38 -> 20.16 | AZ69: -
A70: Năng lượng | D70: =D39 -> 3.4363636 | E70: =E39 -> 3.4707273 | F70: =F39 -> 3.5054345 | G70: =G39 -> 3.5404889 | H70: =H39 -> 3.5758938 | I70: =I39 -> 3.6116527 | J70: =J39 -> 7.2955385 | K70: =K39 -> 7.3684939 | ... AY70: =AY39 -> 13.745455 | AZ70: -
A71: VAT @10% | D71: ='Phương án 2'!$D$46*'Phương án 2'!$B$12/'Phương án 2'!$H$8*D19 -> 0.34363636 | E71: ='Phương án 2'!$D$46*'Phương án 2'!$B$12/'Phương án 2'!$H$8*E19 -> 0.34707273 | F71: ='Phương án 2'!$D$46*'Phương án 2'!$B$12/'Phương án 2'!$H$8*F19 -> 0.35054345 | G71: ='Phương án 2'!$D$46*'Phương án 2'!$B$12/'Phương án 2'!$H$8*G19 -> 0.35404889 | H71: ='Phương án 2'!$D$46*'Phương án 2'!$B$12/'Phương án 2'!$H$8*H19 -> 0.35758938 | I71: ='Phương án 2'!$D$46*'Phương án 2'!$B$12/'Phương án 2'!$H$8*I19 -> 0.36116527 | J71: =('Phương án 2'!$D$46+'Phương án 2'!$D$55)*'Phương án 2'!$B$12/'Phương án 2'!$H$8*J19 -> 0.72955385 | K71: =('Phương án 2'!$D$46+'Phương án 2'!$D$55)*'Phương án 2'!$B$12/'Phương án 2'!$H$8*K19 -> 0.73684939 | L71: =('Phương án 2'!$D$46+'Phương án 2'!$D$55)*'Phương án 2'!$B$12/'Phương án 2'!$H$8*L19 -> 0.74421788 | M71: =('Phương án 2'!$D$46+'Phương án 2'!$D$55)*'Phương án 2'!$B$12/'Phương án 2'!$H$8*M19 -> 0.75166006 | N71: =('Phương án 2'!$D$46+'Phương án 2'!$D$55)*'Phương án 2'!$B$12/'Phương án 2'!$H$8*N19 -> 0.75917666 | O71: =('Phương án 2'!$D$46+'Phương án 2'!$D$55)*'Phương án 2'!$B$12/'Phương án 2'!$H$8*O19 -> 0.76676843 | P71: =('Phương án 2'!$D$46*2+'Phương án 2'!$D$55)*'Phương án 2'!$B$12/'Phương án 2'!$H$8*P19 -> 1.1616542 | Q71: =('Phương án 2'!$D$46*2+'Phương án 2'!$D$55)*'Phương án 2'!$B$12/'Phương án 2'!$H$8*Q19 -> 1.1732707 | R71: =('Phương án 2'!$D$46*2+'Phương án 2'!$D$55)*'Phương án 2'!$B$12/'Phương án 2'!$H$8*R19 -> 1.1850034 | S71: =('Phương án 2'!$D$46*2+'Phương án 2'!$D$55)*'Phương án 2'!$B$12/'Phương án 2'!$H$8*S19 -> 1.1968535 | T71: =('Phương án 2'!$D$46*2+'Phương án 2'!$D$55)*'Phương án 2'!$B$12/'Phương án 2'!$H$8*T19 -> 1.208822 | U71: =('Phương án 2'!$D$46*2+'Phương án 2'!$D$55)*'Phương án 2'!$B$12/'Phương án 2'!$H$8*U19 -> 1.2209102 | V71: =('Phương án 2'!$D$46*2+'Phương án 2'!$D$55*2)*'Phương án 2'!$B$12/'Phương án 2'!$H$8*V19 -> 1.6441591 | W71: =('Phương án 2'!$D$46*2+'Phương án 2'!$D$55*2)*'Phương án 2'!$B$12/'Phương án 2'!$H$8*W19 -> 1.6606007 | X71: =('Phương án 2'!$D$46*2+'Phương án 2'!$D$55*2)*'Phương án 2'!$B$12/'Phương án 2'!$H$8*X19 -> 1.6772067 | Y71: =('Phương án 2'!$D$46*2+'Phương án 2'!$D$55*2)*'Phương án 2'!$B$12/'Phương án 2'!$H$8*Y19 -> 1.6939787 | Z71: =('Phương án 2'!$D$46*2+'Phương án 2'!$D$55*2)*'Phương án 2'!$B$12/'Phương án 2'!$H$8*Z19 -> 1.7109185 | AA71: =('Phương án 2'!$D$46*2+'Phương án 2'!$D$55*2)*'Phương án 2'!$B$12/'Phương án 2'!$H$8*AA19 -> 1.7280277 | AB71: =('Phương án 2'!$D$46*2+'Phương án 2'!$D$55*2)*'Phương án 2'!$B$12/'Phương án 2'!$H$8*AB19 -> 1.3745455 | AC71: =('Phương án 2'!$D$46*2+'Phương án 2'!$D$55*2)*'Phương án 2'!$B$12/'Phương án 2'!$H$8*AC19 -> 1.3745455 | ... AY71: =('Phương án 2'!$D$46*2+'Phương án 2'!$D$55*2)*'Phương án 2'!$B$12/'Phương án 2'!$H$8*AY19 -> 1.3745455 | AZ71: -
A72: Nguyên vật liệu | D72: =D40 -> 3.4363636 | E72: =E40 -> 3.4363636 | F72: =F40 -> 3.4363636 | G72: =G40 -> 3.4363636 | H72: =H40 -> 3.4363636 | I72: =I40 -> 3.4363636 | J72: =J40 -> 6.8727273 | K72: =K40 -> 6.8727273 | ... AY72: =AY40 -> 13.745455 | AZ72: -
A73: VAT @10% | D73: ='Phương án 2'!$D$47*'Phương án 2'!$B$12/'Phương án 2'!$H$8*'Phân tích phương án 2'!D18 -> 0.34363636 | E73: ='Phương án 2'!$D$47*'Phương án 2'!$B$12/'Phương án 2'!$H$8*'Phân tích phương án 2'!E18 -> 0.34363636 | F73: ='Phương án 2'!$D$47*'Phương án 2'!$B$12/'Phương án 2'!$H$8*'Phân tích phương án 2'!F18 -> 0.34363636 | G73: ='Phương án 2'!$D$47*'Phương án 2'!$B$12/'Phương án 2'!$H$8*'Phân tích phương án 2'!G18 -> 0.34363636 | H73: ='Phương án 2'!$D$47*'Phương án 2'!$B$12/'Phương án 2'!$H$8*'Phân tích phương án 2'!H18 -> 0.34363636 | I73: ='Phương án 2'!$D$47*'Phương án 2'!$B$12/'Phương án 2'!$H$8*'Phân tích phương án 2'!I18 -> 0.34363636 | J73: =('Phương án 2'!$D$47+'Phương án 2'!$D$56)*'Phương án 2'!$B$12/'Phương án 2'!$H$8*'Phân tích phương án 2'!J18 -> 0.68727273 | K73: =('Phương án 2'!$D$47+'Phương án 2'!$D$56)*'Phương án 2'!$B$12/'Phương án 2'!$H$8*'Phân tích phương án 2'!K18 -> 0.68727273 | L73: =('Phương án 2'!$D$47+'Phương án 2'!$D$56)*'Phương án 2'!$B$12/'Phương án 2'!$H$8*'Phân tích phương án 2'!L18 -> 0.68727273 | M73: =('Phương án 2'!$D$47+'Phương án 2'!$D$56)*'Phương án 2'!$B$12/'Phương án 2'!$H$8*'Phân tích phương án 2'!M18 -> 0.68727273 | N73: =('Phương án 2'!$D$47+'Phương án 2'!$D$56)*'Phương án 2'!$B$12/'Phương án 2'!$H$8*'Phân tích phương án 2'!N18 -> 0.68727273 | O73: =('Phương án 2'!$D$47+'Phương án 2'!$D$56)*'Phương án 2'!$B$12/'Phương án 2'!$H$8*'Phân tích phương án 2'!O18 -> 0.68727273 | P73: =('Phương án 2'!$D$47*2+'Phương án 2'!$D$56)*'Phương án 2'!$B$12/'Phương án 2'!$H$8*'Phân tích phương án 2'!P18 -> 1.0309091 | Q73: =('Phương án 2'!$D$47*2+'Phương án 2'!$D$56)*'Phương án 2'!$B$12/'Phương án 2'!$H$8*'Phân tích phương án 2'!Q18 -> 1.0309091 | R73: =('Phương án 2'!$D$47*2+'Phương án 2'!$D$56)*'Phương án 2'!$B$12/'Phương án 2'!$H$8*'Phân tích phương án 2'!R18 -> 1.0309091 | S73: =('Phương án 2'!$D$47*2+'Phương án 2'!$D$56)*'Phương án 2'!$B$12/'Phương án 2'!$H$8*'Phân tích phương án 2'!S18 -> 1.0309091 | T73: =('Phương án 2'!$D$47*2+'Phương án 2'!$D$56)*'Phương án 2'!$B$12/'Phương án 2'!$H$8*'Phân tích phương án 2'!T18 -> 1.0309091 | U73: =('Phương án 2'!$D$47*2+'Phương án 2'!$D$56)*'Phương án 2'!$B$12/'Phương án 2'!$H$8*'Phân tích phương án 2'!U18 -> 1.0309091 | V73: =('Phương án 2'!$D$47*2+'Phương án 2'!$D$56*2)*'Phương án 2'!$B$12/'Phương án 2'!$H$8*'Phân tích phương án 2'!V18 -> 1.3745455 | W73: =('Phương án 2'!$D$47*2+'Phương án 2'!$D$56*2)*'Phương án 2'!$B$12/'Phương án 2'!$H$8*'Phân tích phương án 2'!W18 -> 1.3745455 | X73: =('Phương án 2'!$D$47*2+'Phương án 2'!$D$56*2)*'Phương án 2'!$B$12/'Phương án 2'!$H$8*'Phân tích phương án 2'!X18 -> 1.3745455 | Y73: =('Phương án 2'!$D$47*2+'Phương án 2'!$D$56*2)*'Phương án 2'!$B$12/'Phương án 2'!$H$8*'Phân tích phương án 2'!Y18 -> 1.3745455 | Z73: =('Phương án 2'!$D$47*2+'Phương án 2'!$D$56*2)*'Phương án 2'!$B$12/'Phương án 2'!$H$8*'Phân tích phương án 2'!Z18 -> 1.3745455 | AA73: =('Phương án 2'!$D$47*2+'Phương án 2'!$D$56*2)*'Phương án 2'!$B$12/'Phương án 2'!$H$8*'Phân tích phương án 2'!AA18 -> 1.3745455 | AB73: =('Phương án 2'!$D$47*2+'Phương án 2'!$D$56*2)*'Phương án 2'!$B$12/'Phương án 2'!$H$8*'Phân tích phương án 2'!AB18 -> 1.3745455 | AC73: =('Phương án 2'!$D$47*2+'Phương án 2'!$D$56*2)*'Phương án 2'!$B$12/'Phương án 2'!$H$8*'Phân tích phương án 2'!AC18 -> 1.3745455 | ... AY73: =('Phương án 2'!$D$47*2+'Phương án 2'!$D$56*2)*'Phương án 2'!$B$12/'Phương án 2'!$H$8*'Phân tích phương án 2'!AY18 -> 1.3745455 | AZ73: -
A74: Cải thiện vốn | AB74: ='Phương án 2'!$J$14*'Phân tích phương án 2'!AB18 -> 19.607843 | AC74: ='Phương án 2'!$J$14*'Phân tích phương án 2'!AC18 -> 19.607843 | AD74: ='Phương án 2'!$J$14*'Phân tích phương án 2'!AD18 -> 19.607843 | AE74: ='Phương án 2'!$J$14*'Phân tích phương án 2'!AE18 -> 19.607843 | AF74: ='Phương án 2'!$J$14*'Phân tích phương án 2'!AF18 -> 19.607843 | AG74: ='Phương án 2'!$J$14*'Phân tích phương án 2'!AG18 -> 19.607843 | AH74: ='Phương án 2'!$J$14*'Phân tích phương án 2'!AH18 -> 19.607843 | AI74: ='Phương án 2'!$J$14*'Phân tích phương án 2'!AI18 -> 19.607843 | ... AY74: ='Phương án 2'!$J$14*'Phân tích phương án 2'!AY18 -> 19.607843 | AZ74: -
A75: VAT @2% | AB75: ='Phương án 2'!$I$14*'Phân tích phương án 2'!AB19 -> 0.39215686 | AC75: ='Phương án 2'!$I$14*'Phân tích phương án 2'!AC19 -> 0.39215686 | AD75: ='Phương án 2'!$I$14*'Phân tích phương án 2'!AD19 -> 0.39215686 | AE75: ='Phương án 2'!$I$14*'Phân tích phương án 2'!AE19 -> 0.39215686 | AF75: ='Phương án 2'!$I$14*'Phân tích phương án 2'!AF19 -> 0.39215686 | AG75: ='Phương án 2'!$I$14*'Phân tích phương án 2'!AG19 -> 0.39215686 | AH75: ='Phương án 2'!$I$14*'Phân tích phương án 2'!AH19 -> 0.39215686 | AI75: ='Phương án 2'!$I$14*'Phân tích phương án 2'!AI19 -> 0.39215686 | ... AY75: ='Phương án 2'!$I$14*'Phân tích phương án 2'!AY19 -> 0.39215686
A76: Tổng | B76: =SUM(B60:B75) -> 510 | C76: =SUM(C60:C75) -> 505 | D76: =SUM(D60:D75) -> 12.6 | E76: =SUM(E60:E75) -> 12.6378 | F76: =SUM(F60:F75) -> 12.675978 | G76: =SUM(G60:G75) -> 12.714538 | H76: =SUM(H60:H75) -> 188.75348 | I76: =SUM(I60:I75) -> 188.79282 | ... AY76: =SUM(AY60:AY75) -> 70.4 | AZ76: -
AZ77: -
A78: Nộp thuế | AZ78: -
A79: Thuế TNDN | C79: =C47 -> 0 | D79: =D47 -> 30.173591 | E79: =E47 -> 21.132397 | F79: =F47 -> 21.6193 | G79: =G47 -> 22.147158 | H79: =H47 -> 22.719265 | I79: =I47 -> 23.339183 | J79: =J47 -> 65.581292 | ... AY79: =AY47 -> 167.9299 | AZ79: -
A80: Thuế VAT phải nộp (+) / hoàn lại (-) | B80: =B55-SUM(B61,B67,B71,B65,B73,B75) -> -10 | C80: =C55-SUM(C61,C67,C71,C65,C73,C75) -> -9.9019608 | D80: =D55-SUM(D61,D67,D71,D65,D73,D75) -> 16.494545 | E80: =E55-SUM(E61,E67,E71,E65,E73,E75) -> 16.491109 | F80: =F55-SUM(F61,F67,F71,F65,F73,F75) -> 16.487638 | G80: =G55-SUM(G61,G67,G71,G65,G73,G75) -> 16.484133 | H80: =H55-SUM(H61,H67,H71,H65,H73,H75) -> 13.029612 | I80: =I55-SUM(I61,I67,I71,I65,I73,I75) -> 13.026036 | ... AY80: =AY55-SUM(AY61,AY67,AY71,AY65,AY73,AY75) -> 65.586025 | AZ80: -
A81: Tổng thuế phải nộp | B81: =SUM(B79:B80) -> -10 | C81: =SUM(C79:C80) -> -9.9019608 | D81: =SUM(D79:D80) -> 46.668136 | E81: =SUM(E79:E80) -> 37.623506 | F81: =SUM(F79:F80) -> 38.106939 | G81: =SUM(G79:G80) -> 38.63129 | H81: =SUM(H79:H80) -> 35.748877 | I81: =SUM(I79:I80) -> 36.365219 | ... AY81: =SUM(AY79:AY80) -> 233.51592 | AZ81: -
AZ82: -
A83: NCF (TIPV, sau thuế) | B83: =B57-B76-B81 -> -500 | C83: =C57-C76-C81 -> -495.09804 | D83: =D57-D76-D81 -> 129.73186 | E83: =E57-E76-E81 -> 138.73869 | F83: =F57-F76-F81 -> 138.21708 | G83: =G57-G76-G81 -> 137.65417 | H83: =H57-H76-H81 -> -35.50236 | I83: =I57-I76-I81 -> -36.158037 | ... AY83: =AY57-AY76-AY81 -> 452.08408 | AZ83: -
AZ84: -
A85: WACC | B85: ='Phương án 2'!$E$19 -> 0.080196078 | AZ85: -
A86: NPV_TIPV (2009-2034) | B86: =NPV($B$85,$C$83:$AA$83)+$B$83 -> 797.45345 | AZ86: -
AZ87: -
AZ88: -
A89: BÁO CÁO NGÂN LƯU THEO QUAN ĐIỂM AV | AZ89: -
AY90: Đơn vị: Triệu $ | AZ90: -
A91: Năm | B91: =B52 -> 0 | C91: =C52 -> 1 | D91: =D52 -> 2 | E91: =E52 -> 3 | F91: =F52 -> 4 | G91: =G52 -> 5 | H91: =H52 -> 6 | I91: =I52 -> 7 | ... AY91: =AY52 -> 49 | AZ91: -
A92: NCF (TIPV, sau thuế) | B92: =B83 -> -500 | C92: =C83 -> -495.09804 | D92: =D83 -> 129.73186 | E92: =E83 -> 138.73869 | F92: =F83 -> 138.21708 | G92: =G83 -> 137.65417 | H92: =H83 -> -35.50236 | I92: =I83 -> -36.158037 | ... AY92: =AY83 -> 452.08408 | AZ92: -
A93: Ngân lưu vay vốn | B93: =-B12 -> 500 | C93: =-C12 -> -58.414772 | D93: =-D12 -> -58.414772 | E93: =-E12 -> -58.414772 | F93: =-F12 -> -58.414772 | G93: =-G12 -> -58.414772 | H93: =-H12 -> -58.414772 | I93: =-I12 -> -58.414772 | ... Q93: =-Q12 -> -58.414772 | AZ93: -
A94: NCF (EPV, sau thuế) | B94: =B92+B93 -> 0 | C94: =C92+C93 -> -553.51281 | D94: =D92+D93 -> 71.317091 | E94: =E92+E93 -> 80.323922 | F94: =F92+F93 -> 79.802311 | G94: =G92+G93 -> 79.239399 | H94: =H92+H93 -> -93.917133 | I94: =I92+I93 -> -94.572809 | ... AY94: =AY92+AY93 -> 452.08408 | AZ94: -
AZ95: -
A96: re | B96: ='Phương án 2'!E18 -> 0.09 | AZ96: -
A97: NPV_AV (2009-2034) | B97: =NPV($B$96,$C$94:$AA$94)+$B$94 -> 629.72636 | AZ97: -
A98: IRR | B98: =IRR(B94:AA94) -> 0.16158909
A99: NPV_AV (2035-2058) | B99: =NPV($B$96,$AB$94:$AY$94) -> 4516.1708 | C99: > 100 triệu nên AV không nên bán nhà máy cho DWR | AZ99: -
AZ100: -
...

Sheet CB_DATA_
A1: Crystal Ball Data
P2: =_xll.CB.RecalcCounterFN() -> #NAME?
A3: Workbook Variables | B3: Last Var Column | C3: 0
A4: Name:
A5: Value:
A7: Worksheet Data | B7: Last Data Column Used
B8: 7
A10: Sheet Ref
A11: =CB_DATA_!#REF! -> #REF! | D11: ='Phân tích phương án 2'!#REF! -> #REF! | E11: ='Phương án 1'!#REF! -> #REF! | F11: ='Phân tích phương án 1'!#REF! -> #REF! | G11: ='Phương án 2'!#REF! -> #REF!
A13: Sheet Guid
A14: 1b98f190-3b3f-4dea-abd6-770101860c78 | D14: c8058413-c379-4623-aa28-a8a5f0ccfd18 | E14: c344aa33-a1c8-496c-8060-abfebccf436d | F14: e279ecc4-4e25-4a2c-9bdc-6b232e9deb8b | G14: a930a620-0c81-47cc-86a9-b89af5fd6c9c
A16: Deleted sheet count
A19: Last row used
A20: 31 | D20: 31 | E20: 31 | F20: 31 | G20: 31
A25: Data blocks
A26: CB_Block_0 | D26: CB_Block_7.0.0.0:1 | E26: CB_Block_7.0.0.0:1 | F26: CB_Block_7.0.0.0:1 | G26: CB_Block_7.0.0.0:1
A27: 㜸〱敤㕣㕢㙣ㅣ㔷ㄹ摥㌳摥㕤敦慣敤搸㡤搳㑢㑡㘹㑤㑢㈹搴挱㡤搳㠶㔲㈰〴㕦㥡㑢㜱㘲㌷㜶㔲㄰愰捤㜸昷㑣㍣捤捥㡣㍢㌳敢挴愵愸〵捡㑤㕣㉡㤵㡢㈸㉤㔰㔵愸ㄲ㉦㕣㕥愰〵ㅥ㐰〲㠱㔰㤱㜸㈸て㐸㍣ㄴ㠴攰〱㠴㈲昱〰て㐸昰㝤㘷㘶㜶㘷㜶扤㘳㜷摢㠲㡢㝣搲晤㝤收摣收㥣昳㕦捦晦㥦㘹㑥攴㜲戹㝦㈳昱㉦㔳㥥㤹㙢ㄶ搷晤㐰摡ㄳ㌳㙥扤㉥慢㠱攵㍡晥挴㤴攷ㄹ敢㜳㤶ㅦ昴愱㐱戱㘲愱摥㉦㔴㝣敢㝥㔹慡慣㐹捦㐷愳㐲㉥㔷㉡改ㅡ敡㌹〸㝦㈳昱㠳捥㕥㠳㜹㠰愵㤹改昹攵㝢㌱敡㘲攰㝡㜲摦搸㤹戰敦愱挹挹㠹挹㠹摢㙥㥦㝣换挴晥㝤㘳㌳㡤㝡搰昰攴㈱㐷㌶〲捦愸敦ㅢ㕢㘸㉣搷慤敡扢攵晡㤲㝢㕥㍡㠷攴昲晥㕢㤷㡤摢摥㍡㜹摢挱㠳收ㅤ㜷扣㜵㄰慦捥㥤㥣㤹㕥昰愴改扦㑣㘳ㄶ㌸攵摢㘶㘵搵攲摡愴昴㉣攷摣挴捣㌴晥㑢捣ㅦ㑦户㑦㉣慥㐸ㄹ昰搵搲㤳㑥㔵晡㍡㍡づ搸㔳扥摦戰㔷戹㜹扡㝤〴㑢慤ㅡ㝥㔰戰㘷㘴扤慥摢昱愸㈵㝢ㅥ㝢㔷㌷搶〷敤㐵改昸㔶㘰慤㔹挱㝡搱㕥挲㐰戵㈱晢戴㉦㑦ㄹ捥㌹㜹搲戰㘵挱㍥摡戰㙡昹㌰攵晡㙥㡡㠷㐸㑥㑣㉤㝦㘲捡户㘷㔶っ㑦捤挸攷挶㘴戴㍤攲㔵搳㙤㙦攸㍥㉥愷慥摥挰㌱㙦散摥づ㌵㘷っ慦搹㜲扣㝢换㘸昱改ㄹ摣搲扤㝤㘲㡦搲㝤摥搴扤㡦摡捡㜴㙢㌱㄰搱户摡㔱㉣㐶㉦ㄲ昴ㄳ㤴〸㠸㐰扤㑣㌰㐰㌰〸㈰昲㝦〷㤷㈴㍢戲㑡慢ㄸ㕡㘵㔹慢㔴戵㑡㑤慢㐸慤㘲㙡㤵㜳㕡㘵㐵慢㔸㕡攵㕥慤㜲ㅥ㙤攲㔴敡敦搷愲昴晣愵㍦慤㍦㝡挷捦收㍦昵攳てㄷ㍦㔴晤挷昵㠳扢搰攸敥㘸㔲戳㥥㜱〱愴搶愲攲〳ㄳ晢昹㙦㜳慥〰㔳㤸〷捤摢捤挹挹摡挱晤挶慤㐶㠱换捡㐰㝥㡡㔰㐶搰㜶搰扣挷㜲㙡敥〵㠵扢㙢愶つ㕦戶㌶㙥㍣慡㥢㜶ㅢ㑥捤㝦捤挶㤵㡢㠱ㄱ挸慢摢敢㕡㠳㜴㜴㕢〴㕢㐹㕦扤敦摡昶㙥㘷㡣㝡㐳㑥㕤戴挲敡搷戶㔵摢ぢ㥥扢摣扤昶㠸㈷敦㙢搶㜶捣㘸ち㐲㙤㑤㡤摤戱捡戰㉡㥣搷搸捣㡡敢㑢㐷㑤㙦摣㕥戰慡攷愵户㈸㈹ㄲ㘵㑤㉤昵㜲㔶㐵㕣㍦㍥敦㘰愱攰搶摡昵挹㔲昳捥㡢〱㤸㔹搶㌰摦㔵改〵敢㑢挶㜲㕤㕥㤱㙡ㄲ扥ㄳㄵ㝢㔳挵㐷摣㙡挳㥦㜱㥤挰㜳敢改㥡愹摡㥡〱㐹㔳㍢攱搶㘴㍥㥦㔳㐲〱〲户慦㑦㠸摣捤摤㜹㐱㈱㈲㠱㘲㌲昲㔵㘹戲㥢㌸㠵搵㘱ㄵ㜵㐹㥡搴㕥扦挹㘰㥣慦㤲㌱ㄹㅣ㤸㔸ㄳ昵〷㕦晡挶㑤㠶㙤㘲敥㤵㙤慣㘹愳搱敡敦㕣㤳㑥㜰捣㜰㙡㜵改㘵㙡㍦挱ㄹ改挳〰㠵㑢㄰〸㕤㜷㡦慡㑥㕣ㄴ敢㠵ぢ㔶㉤㔸㈹慥㐸敢摣㑡㠰㌲㘸挸㔲㠹㕢摢㤱昴换㔰愴敦㈶ㄸ〵㈸㤷㜳挵㍤㙣㔴㉣㈳攵ち㤴㑥ㄹ扣㥣ㄲ攴散㤷攲攵㐱昳㠸㔵て㘴㈸㤴㠷㑤㘰㈴搴㙡ち㝤㐳㈴㔱捦愸㠶ち㘳㡦㌹〳㉡㌵㉣㈷㔸㙦昱㙤〷㤷㠴㐴戴㈳ぢ戶㥤㉣愰㈸㐸换㠳っ㕥〳搱戴㐹㠳散挶〹㈲㈲ㅢ㘴㘸㜶㡣㥣㈶㌲戶捦㤰ㄱ㘸㥦㈴㐲戶摥摦㕤㐶㤰搸㍢㠹㤴㥤扡昲攳㡥㌴摢挸㤶て愵搹攵搸㌸晤ち㠲㉢〹慥㈲搸ぢ㈰晥〴〹㐷㈹㠷㝣㍡改慦挱戳㝥つ挱㙢〱㈰㥦㜴捡㥣㐸㔴搱㠶摡㡡ㅤ挹㜶㐳戰㤳㤵㔱ㅣ㡡㈲㕡挶㑤㍢㜳挸㔶㠸㡥慣捥敤愱㙢昳㑡挷扥愱㍢㙤㈶㤷㐳㡡捣㘸㥡㕣敢㈶㑤㤳ㅢ挱愶㍤敡慤敢搰㔵ㅦ㈳㜸ㅤ㐰㔹扦㥥㄰捡㠵〶敦搶㉣㝡㥡㤴慦ち戳㈸㌴㠶㝡㔴昰ㄱ㈱昳〸㤰㈱攴㍡㡥㉦㍢㌶㌴捤挱㜱昳㔵㙦㐳敦敢捥摦ㄱ搲摢昴收㡥摥愱扦攸㐵㕡搱㌷㠰扤挴敦扡敡㤸ㅢ㔱慤扦㠱攰㈶㠰㌶ㅤ挳搳昷㡢昵ㄴ㈸戳搸㑥㘰㙥㌷扤㉥捡捡㕤㕡㕦㤵㑡〳つ㥡㑢㠶㜷㑥〶昰㘰ㅣ㥦㠵㉤散㝡㥥慣攳㔰㕢㔳〵㍣扦㕣㤹㉥昴㡦㜸慥捤昲ㅤㅢ搹㝦㔵㈸㠶㝣㕥敢换戵搹挸ㄹ戶㘶挲攷㤴愰ㅣ敡攰㕢扢ぢ㠹㐴愷㌴㜹戱㕦昶昹㜲㐷㤲昴㈰㐹摥㠴㙤搵㙦〶㠰㤴㄰扦改㉡㔱昶戱搹㥢㔵戳戴挵㑡て㕦挶改愴捤㠷搸㈱㐷〶㐲㠷敤㌴晣〷晥㤰扤㘸搹㑤㘱㌱㘰㉦㐸慦ち摦㠲㔵㤷攵搰㉤㑢㔱戳㈳㉢㕥㈵戲愲慦慦攳㍣㥤攱㕦㔳㜴搲㈶㈵㌲戹㍤戳㌲攳㉣摥㈲㉡扡㈱㈹㔴㌲㕣㐳㑤〹㐴捡㘳摢ㅤㄱ搳㠳㠸戹〵ㅢ愷敦㈷㤸㈴㌸〰㔰昸ㄵ㈴捤㔶㌷㥥攱戰晥㌵扡戴㉢㤵㕣㠹㘸㔰㉥挲攷扡ち慢㠳㝣捤㕢〸㙥〷㘸㌳㝦攸㠰捣㈰㐴㠵昲〴㈱慡㌰㠶㜹挶㤲ㄷ㐸〳扢㑣〴㤶㘶ㅡ㝥攰摡㡣㉣つ㤹戳敥㐹㌷㤸戵晣㔵㐴愲㐶捤㈸㜳捦㡡㜴㐰㕤ㅥ㙣㥦戶㌲㜷㜵㔵搶㜴㜳搱㙤㐰戴ㅤ㥦摤づ〷㜳㙣〷㙣㐹㜵㌶搷〴㔲㙦攷㘳っ㈱戰搳捡摦㑡㙦散㤶扣摦㍣昴つ户㜶㜴挹ち敡㜲挰っ㤹㡥昹㤲㠹㕤㐴攴愰搶㙦㉥慤㜸㔲捥づ㤹㐷㍤慢㔶户ㅣ㐹㘴挰挶㘴戰㙥㑥㥥㐳㤴㘰挱㘵っ搰㜵㠶捣㈵捦㜰晣㔵㠳〱挵昵摤愹㈷ㄵㄶ㈹㤸搳㤶攳攳㌵ち㡢捣て㥢㡢㉢敥〵㐴㙣ㅢ戶㜳搴㔸昵户〵㔶㐸昴㘱㔲愸ㄱ㥡搰㌴㔱搲㑡扤攲㠷〷昲㕣㡥扣㤷㈷㔰戸捡ㄵ攸㌳捦搰摥戴敢愳ㄸつ敤㜴捥㘹㄰搱愳㘶㘱㕦愶ㄴ㈶愷敡㜷戰捦摢〰敥㍡㝡晡㜸㉢㌲昷㤲㘲搶〵㝡昹㌳㘴扣㈲㡢㘶㈰㠴㍥扡㕤㈱愹戰㡣㤴〳づ〴挶昹搴㑥㝥㘵㔳戵㈱昵敤㙡㘵㡦㈰㤲㌴㘸捥ㄹ换戲㡥㜸戴㙤〴扢挲〷㥡戱戶㔱昷愳扡ㄹ搷戶つ㤲ㄶ挹㜲戱㙡㤰㠲愷ㅡ㠱㝢挲㜲㜴ㄳ㐰搱㕦㔴㘴㕣㐴㤱㜱㔱ㄵつ㥡愷ㄸㅡ㔴㜹㡥攵㥥㌳㍣㉢㔸戱慤㙡㠹てっ摦㙤ぢ㥡〴㤳㔳昲挶㈹㤶ㄹ㘳㙤搶晣㘹㤸㙣晥〴搰㍤〱㌹捡慤㈳晡㐱戹㥡㈸攲㥦攸搱戱〴〱愳㍣愵晡㍢㌰㕡㐱摤㡥㠰挸㔱改㔲㝣〷攳搲㠳㈸〹㠵㄰戱㥥㐱㈲昰ち㈶㠴㍣㕤摣㐵昳戴㘳〵挰ㅥ㌱㜶挴ち㘶㝤愰ㅣ〰㔹㜵扣扤㕡㘱㌵搱㘹扣愹ㄵ慥敢慣㑡愹㠹㙢㍢敢㤳㝡攳昵ㅢ㔴㠷ㅡ㈵愱㐸㌶㙢愴㌴换〶㜳摣㑥慡㐶㈸挵ㅤ㙢ㅢ㤱攵㌶㙤敤㍢愵挸㑢㔰㑣㡡㘶㜲晡㍢ㄵ愱㈰搰ㅢ改㈸晡散戳挹㈳ㄱ戱愱つ㔰愶㥥ち换㠶愲㤰攰㜱㕣㍢愹挹㜲昴〴晥摥ㄵ㘵攷ㅢ㐱慡挶戸㌸ㅡ搵㑣搵敢昳づ慣㠴慡攱搵戶〹㑢㘳㙤愱㠶㔱摣搹慢昶て户㌷挱㠸ㄱㅢ㌲㉣㤲攱〷〶ㅢ㠲戹ㄲㄱ㔵㕡㘷㐳摣敡㘶㜱㠹㑦㈷愴攱㈸っ㉣〶戵㔹戹愶捣戰㤶㈵㍦慡㍡㌴㑦㡢㑡㡥敡收搴戲て㤵ㅥ㔰㡥㐷㌹挵攰扡㜹㡡㙥㈹㕣㘲㠰搸㡤㜲ぢ搵〰愱摤收〰㍣ㄹ㙣ㅦ散㘰㐷挲搰〹慤㌳㑡搰㘲〶攱愶ㄷ㐱摥改ㄱ愳㄰愴愶㑡㝦㍢㉣扥昲ㄸ搳㌷て攷攲㑣挴㐴っ㜷㘵㔸て㐰㙥㌲㌲㐹㉥ㅡ㡤〳收愱㘴㔳㐲㙢㌰㉥愳㠹㌱㐴㤳捦ぢ㜰㡢㠷戱慣㘱戲㑤ㅤ昷摣〲ぢ摡戴扥扥换㍣敥㔴敢㡤㥡㔴慡㌸㤶搵㑡㈳㙦ぢ㝣愹㉢㠰㈱㌷㘵散㑢戴㈹挷㜱㤴攲㤲㠹愴摥敤㙥晤㌰扡㉢㈱㠷㌱㐲搵挷〰㘴㠶㕢㑥〵挴㍡敥㈹搰㍥摣摤扡挰愰㉥捦㐱愴㜵ㄴ㔱㤶捤攱㍥㕥㌳㡡慣戸㉤搱㙣捥㥤㜳㘹戳㈷㡡㡥㔹㘱搱戶挰ㄱ搶ㄹち扣㘲ㄱ挶㐸㡦摣挱㐱㜲㤷愲攸敥愵〷搵㘳敥ㄲ㔰愱㌰㈰ㄸ攳攵㈹㈸㠷㕤〵㈳搱攰搶㕡㔶户㘰昴㤷㤶户㍥〵㈰ㄸ〶愶㐱㡢㤶愱㠱㌳㠳晣收〶捥㜵㘸㤵ㄱ㈱㑤〶㔳ㄹ愳ㅣ㠵挳ㅥ㐸〳㌷昱㈰扤攴㐲〹〵㝢搴挵戰昸㙥攲戸㡤㈳㤰敢㕤搱㔶戸㘰〴戸晥攲散㙤㉢㥥慡搵㘸敥挲㍦户㉤戰㡡慢ㅢ愱㌹扡愷敤㔲㤶㕡ㄳ敤扢ㅢ摡㉡愲换㠲〷㘶㈷㡥ㄹ㐱㜵㘵㌱㔸て㉦㙥昵㑡ㄲ㠵ㅦ挱ㅦ戱攱摢㘹㌳攷ㅤ㕥㐴㕤攳摥㤷捦㍢敥〵㐷捤慢攰昳搶ㅦ㈸〴㔷㈸晢㌹挹㜲敥摦昸愷㤲㤶㉢晣㄰㈳㙥㘵摡ㅣ愰攵㈰攱㌸㉡㠵搲㘰っ昹っ㍡㠱敤摥扣㌵㐰㍡搹搳㐶㈷㑡㄰散㄰㡡㜳敥㘵㈳ㄴ昱〳愰㤵挴ㄲㅥ挹戱攷㑦㠳昵挵戳㈸㈱挲昱ㅣ㠹㤱挲敢㤰换㐰㥤ㄲ攴搱ㄵて㕥〸昹晦挱㔲捣捤ㅢ戲搳㝦㠱㤹挵㌳敤㈸扡㤶㈸晡㝥〷㡡〴慦㠱㈸晥扤ぢ㤹㌸ㄵㄸ㥥㝤㔱㠱㜰慥㘹攷〰晡㡡㕦昸晤ㅦㅥ㐰攷㈲攲㔰㌶ㅡ㐲㙤㌷攲戹㘹㈲昴㜵㤸〸っ摥㉢ㄳ攱〴㌲㠲㔱晣搰㐴㠸㝣㈰昳㈸搸摣㐴㘰㙣㉦挳㄰㑣㠴㕡ㄳ㙥つ㥥挰慥戰改ㅦ㍢㠶㡢户搲㐷㍣ㅦ㑡换㥦㠱㐷敡捡捥攲〵挳㌳散扤慡晣愸㈷愱捣扣㈵摣攴㔶㕤搸攳敡つ㙢㔴愷つ㝣ㄵ戱㤷㝤挷㥦戲戵晢敢挰㔴㤸㐲昷扤㈸㠹攲㑢昰㤴〸㥥ㅢ㜲ㅦ摣昳慤愳扦扦晦攱挳扣慤ㄶ搱㙡攱㘶攴㝢〹搹搳㥥㐰㔰㌷㜱㔱攴㜲㝥㤸㜳〲㥦㈸㔹慢㜵㌹㙤㜸捡ち昲㜵㍢捥㠶㠴㤷㈰捣㤰昸戶㠳㠹㠹㝢て愱㠹㌹搱收敥㔴ㅦ㌶㈹ㄷ攱㐴㘲攲捡愷ㄷ㠷つ㐵㔷㐵搶愳戵㔹昸づ㔴搱㡢㥣㐸摡㑡攴愹㤳㐹㠸㙦户敢扡㠳搴㜵攱㐱㠶㘱晦㔸㑡㈱晥㐰ち㐹ㅥ㘴㜸㈱㐰㐹愹㔳挸ㄴ㙥〱挸㠸慣戵㠷㜸改て搸ㄱ〲戲㜹改慦挷㡦㔸戰㡢挰㘲散㡢敦昵㐴㑢㕢㌴㔶㑤っ搵㉡㥢㘶ㄱㄹ㜵㜸㘱挱㘴㕣㥡戲㜴づ愰㜴换敥㈸扥㘴挸づ〳㙦㈱㘳ㄷ㙣晡摡捡昶㥤㑥〳㌷㍦愰㘷㡡㑡㘱㌸扢㔹㡣〳愹㡡搱㠵㑤换㘱ㄱ攱㜰㤸㙤㜶ㅡ㠸慡愰戳㥣扤㌸㤵㈲昸挷㉦㠵㔸㍦摥ㅡ晡昲昶ㅡ敡㌸愷ㅦぢ攴て昶搷戵ㄹ㡣㡤户㤲㘳㈰㘱户搴慡ㄴ㕥て㍦㡤㉥㕣㜴㑥攸慤慣㝡ㄶ〷昱㈷收慣㍥慤㐳晦㌳㝡慤㌸敢っ㝢㌳㡣㥤搲晦敦㐱挱愶晡㕦㌰昶愶㄰昹摥㈸挳㠷〲攳㈷㥢㠶㙣戸㈳昰㙣㈳㜸愳づ挶扡捡㌲攴ㅤ收ㄶ昱昱㙡㔸慤㈴㌸晣㕥昹昶慢ㄱ捤扥戴㙤〷扡ち㐰挶㠶ち㑦㐳〴㜵敤㥦㤶㕢昱改戶昸㍥㜴摣㜳挲慡㝡慥敦㥡挱搸㈲㠲扥㘳晣昶捣㠴捤㌳㈵扥搱㉥搴㙥挰㑥っ㝥〰㝤㑥捥㐳㘰㥦㤴挱换ㄵ㡢㘴㘴㘱㙢㤱っ㝥㠷㌴㤲〸㉦㔱㍢昸㤷㤹㜷㌷㡣㍡㍥㕤㥤㠷慦㌳㘰搱戶㔰㜶愱挷戹晤㠶〶户づ㜷戴摥つ㝦㤰慣㑦㈰㌸愶㤶昰扥て㜰㕦摢昷㈰摤㌶㕡㥢捦㤶扤昹摣捡㠵愷㠰搳慤扤㈵㑤㌲㝣㈷扦㐸㉥敢ㄵ㐲㕣摡㍦㡣扦㕢㜷搰㜲戴㔱搰㜹昴㐱㌷ㅤ㘱攳㜵戸捦戶㄰晤㍥㡢慥㘲㡡〰㍦摤㠸㌲㝣㄰昴昲㤱ㄵ挵搷戰㉣㌲〰昲戹㘲ㄵ愰㍢㔵㍦戱ㄱ㔵㡦挴〲㔹昰㡣㐱㜲㉣㡢挷搱㤰摢ㄵ㉥ㅢ㉣挱㘵ぢ㜵㤶㐰㕥㡦㝢㈰㥦ㄳ㍣㑢愸㠹㝣ㄹㅤ㥡ㄳ戱㔰摡㝤㈲㕦摡㘸㈲㠲㔶㠰㕡㘸㜲晣㤱㔸㡢攸㜵㔴敢㌶㠱㐳攰〲っ㔳㉣㔲搶ㄴ挳搰挲戳挴っ搲慦愳扦㉦ㅣ晥搵㜳㑣㝦㍤㉣㤴㈰㐴㔵㝡昲ㄴ㠴㙡昲㡦㈴㈷敦愱戴晢攴㍦扢搱攴㐷㈸㈳㌹ㄳ㍤〰ㄸ敡ㄳㄵ晣㔱㡢㘹㈰挳㝤攴㑦㥣㈵挰㉦㌵㡢ㄱ〳㈵慡敦〵㘴搰㤷ㅢ慥㕡㕤㐴㈶敥㕢攰晡㌳㍥敥㔱昶ㄱ㉦㐲搲㤷㔳っ㥤戱挵㔰㉢㤶散挸ぢ扢㉤㘴〳㤶挴慦㘵扢㡡昴㘲㡦ㄱ㝥昱㠹ㄸ㌱挷㡥挵㕦㑥㘹㔱捣〹㠴ㄱ㕡愴愴ㅦ㙥愴昸㜸摣昸扢摦㙢戹㑣㔱㠱〴敡〹ㅢ㤳捥㔴攳㡦挵㡤て攰慢㉣搵㈶挷ㅢ〴㑣㉦挴㡤㐹㡦慡昱挳㜱攳扦ㅣ搸摢㙣ㅣ搳㘱㌸㜲㠱㐴㤲㘱敢㉡敢㍦昱㠵昶㌰㥡ㄷ㑣敡捦〱㌳㉣愶攴㔴愱攳扡搲愰㠳戸っ攲攱ㅢ改㌹摣㙤挲ㄵ㄰〸搹昰㝦㤵㜰ㅣ㜷㥥㘶㡤挰挰㈷搰㙢〸㌶㝢扡㝡㘲攷愲㌹敦愱愰摦㍣敥攳㑣㔵摢㔶㈴〲㜳㈰ㅦ敥敦㈶㑥昹っ搳戱戵ㅦ㜱㤰㑣攳ㅤ㤲摥㤴㠷ち慣攴挵㐷㘲捣收ㅥ㙡搱㡣晥㈰㤰〳改〸挸㡣晥㄰㘰ㄸ㠸攱㙤攵摣〸昹㕦㌱昷㐷㔸昱㔱㠲㠷〱捡㠲捣㑥㍡㈸㝥っ㘰㌸晥ㅦ㔵㡣慤㈹㝦㠹㈶敥㡦㕦㤶㈴㈳晤ㄳ散昰㐹㠰㍥戸㙦㐵㐴㠴㘵晤㔳㈸㐹扥㤴㠲㐳扤昴搳慣昸っ挱㘷〱捡〵㑥㜶换扢挶㌵昵愸戹㍥㠷慥攲㈱〲晣昴㐷愲っㅦち摣㠷户㜷户㤵㜹ㄴ㡥㍦散㐷愸㌳昵〵晦㥤昸㈲㝦㥤㡢敥挳晦㤰愴愰っ晢扣昶戶摥挶㈲ㄳ搰㈶㔷扦㔵㙣昶㑢ㄸ㠷敢㙡㐵㔰㌸㈲㤵㑡㐹㉢ち攲㥢ぢㄶ㉥摥挰户ㅣ㔲ㄵ㐲㤰〶㔴㠵ㄳ㔵ㅣ㐶㠱晥㜹㌶㈵㡥㠹㈷晤ぢ㝣㈲㙡搵㈶㝥㌱捡昰㐱㄰慦慡晢扤㔱昷昸㠵挴戵慡戰摡㕥㐸晣慢㡡㤵攴ぢㅦ攳㘰ち㔹挸愴戵ㄲ㤱愶㘸攸㜱㘴㠶晡㠶㌹户㝢昰搳㉥㡡敡搹摡搹戳晦ㅣ捥㡦㕤㥤㝦捦扢〶ㅦ㝢攱㤷㝦㜸昴昹昷ㅦ晡昳扦㥥㜸攲昹㍦㍥晡摣扦㝥戴㝣攸攷㑦㍤昵搳扢扥晥摣ㅦ㜶㥢㑦㙡摦晢攷摣㤳て㑣㥥㝦攰㍥昳昴捤㐷ㅦ㜸敦扤㜷㑦㉥㕣㌶摥搷搷摦㝦搳攸㉦慥㝡攳挸㐳昷㍤㈳㝥昲摢㉢ㅤ愱㤶㡢ㄷ愴愷挱㘵慢㘹㝣ㄵㄹ㑣㠳㌳㝥㐵愷挱攵慡㡤㕡㡥㌶㙡ㅡ〵㈵昸㌴㌸〱㔵㘱愴㉢〶晥〳〴㐲戴ㄶ | D27: 㜸〱敤㝤〷㝣ㄴ㐵晢㝦㈶㤰戲㐷㠰㈰搸摢愹愸㜴〸ㅤㄴ戳ㄱ愴㈸㑤㐰慣〸㤷攴㐲〲㈹㤰扢搰㐴㥡つㄵ㝢㐷㔴㡡㈰愰〸〸愲㠲ㅡㄴ攵戵㘰敦捡慢㘰㜹慤㈸㡡㕤㤴晦昷㍢户戳㌷扢户㠱搳昷㤲㕦昸晣摦㠵㍣㍢㍢昳散捣昷㜹㘶昶㤹㘷㘶㘷攷㤲㐴㔲㔲搲ㅥㅣ㍣昳愸换挰ㄱ㐳㈷㠷挲挱㤲㌶㍤换㡡㡢㠳㜹攱愲戲搲㔰㥢㥣昲昲挰攴晥㐵愱㜰ㅤ㌰愴㡥㉣㐲㝡㈸㘵㘴愸㘸㑡㌰㝤攴㠴㘰㜹〸㑣㈹㐹㐹改改㐶㌲搳慤扦㑣㜵㘱昰㉥愳㉥〹戸㤲っ㌲ㄸ㘹㈴改㈰ㄹ〶挸戰㥥愷づ捡ㅤ㠳攲㠶㠶换捡㠳慤晣挳㈳㤹昶挸捡㙡㤳搵愶㘳㤷慣捥㙤摡戵昲昷慣㈸づ㔷㤴〷㝢㤴〶㉢挲攵㠱攲㔶晥挱ㄵ戹挵㐵㜹㘷〴㈷て㉢ㅢㅢ㉣敤ㄱ捣㙤搷㈱㌷搰戱㙢㔶挷㑥㥤ち扡㜵敢㥡攱㐳捥〳㝢㥥㍡戸㍣㔸㄰㑡㔴㥥昵㤸攷愰㥥愷戶ㄹㄸっ㈷㉡捦っ攴㠹㉣㝢㤵㤵〴㡡㑡ㄳ㤴㘹ち㤵摥愱㔷㌰慦㠸戵ㄳっ㤶ㄷ㤵㡥㙥〳搸づ㐵攳慡㑢㥢摥搰㜸㕥㈰ㄴ敥ㄹ㉣㉥ㅥㄲ㉣㘰挵㘴㤴㔰㘷挱昲㘰㘹㕥㌰搴愰攴戴㐹㜹挱㘲㉢㌹㤴㕥㌲㍣㔰㍥㌰㔰ㄲ慣换㐰挳㤲㐸扤昵换て㤶㠶㡢挲㤳敢㤷㥣ㄵちづ〹㤴㡥づ㤲㈵愵愴㑦㐵㔱㝥摤扡愲㙥摤愴㍡㈷㝡㠱㤱㜵搳愶㜷㜹㕥捦挲㐰㜹㔸㕥戱搶戲扣㜸戵ㄶ㈲㠱㍢㘰戱ㄵ昹㕤㜷戱㥡㠶ㄶ㤵㥣ㄱ㉣㉦つㄶ戳㄰㔶㕥㑢ㄷ㤳搴㐹㐴昵戶㜲㤴㌴慣ㄸ㔱捦㝡㈰㈸ち㑢㌱敡㤳㌴〰㐹㙤〸㤲㍥㜰昰昰㤱挳晡つㅥ㙥㘴㌲扥ㄱ㠸愸晢㉤㥥㉡晤㍥ㄶ㥣㍣㌲㤰㍣㌲㌷㜹㘴㕥昲挸晣攴㤱挱攴㤱〵挹㈳㐷㈷㡦㉣㑣ㅥ㔹㤴㍣㜲㑣昲挸戱攰㔱㐷㝡㕡㕡戲㜵戴㈹㕤㝤晣㡦㈹㌷昴㝥戲挳昴扣ㄳ㌳搶昷ㄵ㝣㤰攴ㄳ搵ㄸ〱愳〹㐸敡㠱㈰㔹挴搱戳戰挸㍦慥㜰搳ち晦ㄹ㐵愵㠵晥昰昶昵㤵晥㜳㌶㉤㥣散㉦㉤摣㌴摦㕦戲㘹挱㘴㝦戳昶敤㍡㜴㙡摤扥㕤愷慥捤㡤㠳㤸挱挱㈰㐲㝣〱挰〴扤㌳㜵㝥昷戱㕦昶㌹㜵昹愷㤷㤷㙣㈹〸摤㉥昸挴捡搲づ㈵昳㘱㈰愹㠷㠳㜴㘷㘹〳ぢ㌷慤㈹昱㤷㙣摦戰㌸捦ㅦ㉥摡戴扣挲摦㑣㤶㤶扦㝤挳敡搲搱㕡愱㘳ぢ户㙦㔸攱㉦愹搸扥攱㠶愲收挶ㄱ捣改㐸㄰㈱㍥戶㡡扤晡㉣晦愷慤慥戸愵搷つ攷㉤搸戹㌸搰愲㐰搰㐶挸㘲㡦㈶戳ㅦ㈴昵ㄸ㤰㌴ㄶ㝢ㅡ㜴㝤㉣愳㡦〳ㄱ㘲慢㤵挷收㠷づ㙥晦挷搶ぢ晢摣戹晡㠰㌷㠳ぢㅡ㘴ち戶㘴㤹挷昱㘴㍥〱㈴昵㐴㤰昸ㄵ搵慥ㅢㄴ搵愱㘳㜳愳ㄹ㌳㘸づ㈲挴摢㔶㘹扦扣搶晥昷㕥㌳敢攷摣㝣挴挲攵㑦㝦㝢㙢㉦㐱㕢㈶㑢㙢㐹收㔶㈰愹慤㐱㍡〱戱㕦㔵换挸㕥㘷て㠹㑦㐷㙤㤸㐹㕢㄰㈱㕥戵㑡㥣㜵敢戳㜷慦㝥㙣晥挰昵㡤㙦㙡㌹㜷㐶㡦换㌳戲㤰㝣愶搵㌸㝢㤵〷㈶攲〹㡦ㅡ㡦昶㙤摡昱摦扥慤㈶㡣㘶㐱愷㠲㉥〵㔹㔹昹㥤摡〵㍡〴㔲搸扣攳㝤㔶搹晡㌲ち捥㉥㉡捤㉦㥢㈸ㅦ摥㡣㠲摥㐵挵攱㘰戹扣㘸㔸㠰㔳挴〰挹敢晡〵愷㑤㠲攵捥㡢㍣攷㑤ち㝡〶换挳戰㜸攱挹搱㠷晦㠸㔳〳愱㘰昴戲愵㤵昷愹㘵ㄵ愵昹愱挳扤ㄳ㠷㠶〳攱攰㘱敥戴㘸㈶㌱户つ㠵㌵っ㠶㈴愴愳摣户つてㄴ㔷〴㜳㈶ㄵ㐵㤲㡦㜴㈵挳㉥㤶攵㔶㥤摡扢㍣㌸摥㑥㡤㐱㤴㠳摥㜴㠲捣㍢㐶捡㐸㔲〴ㄷ㕡㑢㔹㈸㔸㉡攱戵㉣ㄹ㕣㤴㌷㌶㔸㍥㌴挸扥㌸㤸㉦㐵㍤㤰㐹㤶㜱㙥㌹愸ㄴ㠲挲摣收ㅦ慢挷㔲搱挱搲晣㘰㍥昰㡥㠳㤶㈷てぢ攴ㄶ〷て㜲戰㐴捡㐴挲愱㡥攸摥㘵㜹ㄵ愱㥥㘵愵攱昲戲㘲㘷㑡㑥晥㠴〰㍡㠴晣〱㘵昹挱扡昲㐸㡡㔰㤱㔴愷㡥㄰㐹捤扣㉣㉢昳づ搱昶㙡㡤㠴ㄶ㝥敦捣㕡㈳㈲戳愷捤戶㜳㐶㐰㙢㘴攴㙦扥㔷㈴㝡㈳㈴㜷扢扤㜲㝢㌴㔲摥㜴㠸昳挱㙢㌳〴昵㠳㝡㈸づ昲愹㑣㙥㕡㜵㤶搱㜶戹て愴㕡慤搰昵㈲昷㕥㤴㈶戳戵摢㕥昵㌲㈷㈷㌷戶愴㍦㙤〲扡晤扥㠱搲晣攲㘰昹㕥ㅤ㐷㐱㐴㐶㝢㤲づ㈴ㅤ㐹㍡㤱㜴〶㐹㜹ㅥ㌶慥㑡㡤戲挳ㄳ㤳挴攴㤴㠹㐵昹攱挲搴挲㘰搱攸挲㌰攲攰㜰愶愷㔳摤㠳攱㘹㥥っ摦戵㄰㥣㈳㄰㑥㌶扡㈲搶攸㐶搲ㅤ挴攷㑢㑡㍤〹攷っ㌴㐳㍥愲ㄵ昰㙢㈶愷晡㡣㤳ㄱ㤷摡㠳っ㔲㝢晥㘱㤳挷〵㝤㈲㠵㕤晢摦㜷㐰攸敤ㅡ搲摦㠱㐳ㅡ㑡㈹㠱㕢ㄵ慡㔳挷㑢㈹㝤〳愱挲㌰㥦挷扤㈶㑡㔷攳ㄴ㘶㥡つ㤲㘱㠲っ散ㅢ㉣挶搳㥣㈸㕦㌶㠵づ换㍥㝤愶〳挰㜴㔰挹搰挹愵㜹㠵攵㘵愵㜰昹㝢〵挲㠱㥣㍣㌸㠶㈱ㄱ㐸㉤改㕦搶戳㈲㥣㕡搲户〸愷㡣㤲㈱挱㜱挱㐰戸㈷慣㜵戸㝥㐹㝦㌸㤵搲㥣昶换㥦㤴㔲ㄲ昱〷㝢〵㐳㜹〶ㅤ挷㝥戰㑥㤳㔲ㄱ㠲戹捤㈸愱扤〹㑥ち㌳敢戴㤲挱〱㌸㥥㘱〳㑣㉤攵㕤㤱㄰敦慣㉦攳搴摤㍥敢ち㌹㘴捡愰㤶㑢㍤ㄹㄱ挹㈹㠹つ〸ㅤ㈹晡攷扡ㄶ㜵㍦㐸㘷㠵㡢㡡㐳㙤㉣昵戶改㔵㠶㠱㐵㔰づ㝡㑣摣㤹㥡㡡㜶㤶扡搷捡㜲㍦敦昴㍣〷攵攵㐶戲〵㤴㍥攵㘵ㄵ攳攸〴㈶㉡ㅦ收㤵㘴攴㠰摣昳晤昲㤳㡥扦㙢攵ㅥ敢㍣ㅤ㑦㤲㍣っ㍡愷愹㍤挹愷ㅦ㐶㉦㕣昹㘴愲攱㑥㡣愴愵搰㠵昵戴戸㔵㜸挹㜴ㄱ㌳㑡㈰敥戰昲愰㜴晢搳攵〵ㅥ愶晡㈵㘷㤷㤵㡦捤㉤㉢ㅢ换摡㙦㈰慦㐲㠵挱㘰㤸扥㜴㍤㙢攸挰戰㄰愲㑥ㅤ㠷挳慣㌹摤昴挲㔳晢㠲搴捦㈹㉥昶慢ㅣ㐳愹晤㄰㔵〷㡦㜴敡改〸戴敢㕤㔴ㅡ㈸㙥㍤ㄴ㡥㘶愰㜵晢搶㠳ぢ㌷㉤㉣㙤ㅤ摥戴㈲慦戰戵㜴㔳㕢㑢㌷戵戵㜴㔳摢㑣㉡づ㑤ㄲて㐳㑤㜴㜹ㅢ㕦㥡昲摣攴㑤挷昵㕥摥㙣改攲㥤㕢晥㍣㐴慣戵ㄲ㘲㍣㙦㍡摣搲昹ㅦ㠰㠰㌱㤰㘴㄰挹㘰㤲㌳㐱挴㠳戸㤵戶㙣㍥㉥昸㜷〰㥡㕥㠵戴っ㐳㜱㘵っ㈳㌹ぢ〴ㄶ㐹㙡ㅦ㐶攸㙣㕣愶㥥〳搲㔰つ挴晣㤱慥搲㤷㈴攸㕥搱ㅡㄹ攷㤲㥣〷㈲攸戳昳戹㑤㌲捥〷愹戲昲㌹㈲㤰㈵戰㜰㜵ㄸㄷ㈲攴㌳昶㤲㈶㌸ㅡ㘰晤ㅢ搴户㐱つㅢ搴慥戸搳搲㐹㡣戲收㕡〹㌱〳〷㡥ㄷ愴戲㐶㌳㤳㐲㤲㈲㤲㌱㈴ㅣ敢㠸㥢㉤㘵㙤挴〵晦愲捡㉡挱㤵㔱㑡㔲〶愲㈹㙢㍣㉥㔳换㐱㍣㤴挵戱㠹㔴㔶〸〱㠳ㅤ㠴攰㐸㈳愲慣ち㠴慡㔴ㄶ〷㌴㔲㔹㌰ㄱ昶㘱㑣㐲搰㘷散㈵㑤㜰っ攳愵慣㤹㔵㈹㙢㠶㤵㄰㌳摣攱㈸㐷㉡㙢㈶〲挶㉣㤲㑢㐸㉥㈵戹っ㐴㑣戱㤴㌵〷ㄷ㜷攳慦〲㘳つ昶㜵㐹挶ㄵ㈴戳㐹慥〴搱㤴㜵㌵攳愸㉣戴㈴㍦㑥㔲㌹搷㈰㘰㕣ぢ㈲㡥〵㠹㈸攷㍡㠴慡㔴捥㌱扣㠱㤶㐲㕡㔱㥣㜹ㄸ㌷㠲昸㡣扤愴㠹攳挰攱愵㥣搱㔵㈹愷挰㑡㠸ㄹ挷㜱昸㈶㤵㜳㈷㑢㥥㐷㜲ㄷ〹搵㘰摣〳㈲㐶㔹捡㤹㡦ぢ晥㐵㕢搲〲㕣ㄹぢ㐹ㄶ㠱㘸捡㔹捣㌸㍥㜶㔰づ㠷㠶㔲㌹昷㌱㜲㈹㠸㘸〶ㄲ㔱捥㌲㠴慡㔴づ挷㤳㔲㌹愸つ晢㌰ㅥ㐰搰㘷散㈵㑤㌴〷㠷㤷㜲〶㔴愵㥣晥㔶㐲捣戰戳㈵㜲㤲捡㜹ㄸ〱㘳ㅤ挹㈳㈴㡦㤲㍣〶㈲㝡㕢捡㜹㑦㈴㈵捤挱摦㘶戴㥡敦㜱㑥㌲㌶㤰㍣㑥昲〴㠸愶㥣㑡挶㔹㉤㠷㈳㔹愹㥣愷ㄸ昹㌴㠸㘸〳ㄲ㔱捥㈶㠴慡㔴㑥㙢摥搰ㄳ㈴〵㝦敡㌰㌶㈳攴㌳昶㤲㈶摡㠲挳㑢㌹ㅤ慡㔲㑥㝢㉢挱㍤㐲㑥㘹㡦㥣摣㕤扤㥣敦戱挷づ摡愸㠴㐲愶ㄶ㥣㔵㕡ㄴづ搵㉢挸愹〸㤷昵㉥ち昷ち㠵㌳ち㐰㄰㤴户ㅣ㈶ㅤ㐵敤愶㤶〵挳㡢㠲ㄳ改㌸ㅥㅤ㥢㠴愹戰㥥ㄵ愱㜰㤹昴㘲㡥㡡㑤敦㔵㌶戰㉣摣慢㈸㌴慥㌸㌰戹愹㐷㜲㈴攵散挲㘰㈹挶㝤攵ㄸ晥敤㡢愹㙣摣戸㘰扥〷挶愱㘵ㄵ攵㜹挱㝥扤㙡挳挸㔱㔸㠶〴ㅤ㍥㥣㌱㜱㝣搵㈳㈵㑤敦ㅣ㍤㈴挳㐹㄰晦㙣攰㤱晡ち敥捦ㄸ㔶㕥戴㝤挳ㄵㄵ晥攱〳㥦戹㍥挹㜸ㄵ㔱㐹〰㠰㜶㙦扣㠶㈰㥡㝦ち㠷㈶㝢㙦㉦摡挰㤴㉥㤸慦〰㜵ㅣ㠹慢㙦捤㝣昴㉢つㄵ攵〷㝤搶搵㠰愲搲〶㔶㜰㔰㐵搸㤱ㄲ㤸搴搸㑡㠱㕢㌳愸ㄴ敤㈰㉦㔰㥥㕦ㅢ慡〸㠲攱㠸搴㡦㐸挵扦㝦愶昵㐸㌶㐹㐹㍢搵ぢ㠶㥤搳昱攴扦㡥㘸敡扡㈳捥㥥㕥愶晤㙣㈲愰㡤敢ㅢ㠲扦㍥搵㙤㐷愷昳㙡㐰㌰㔰㉡㙢㘱㘸㌸扦㔷㜰㐲〳挹ㄱ㐴㙢挷㜴㜴㜱戰戱昳㔲㡥㌶㡣㠲㥣摣㔰㔹㜱㐵㌸搸挰づ挹愷摥㈸ㄸㄲ㉣づ㜰㡥㈶挳づつ捥ぢ㘳ㄶ换捥㡦昳㉦戵愷㠶愰㤱扡㔶㉤〹㔹㑦愹㝢㘹扣㑥㈱昸㐰晤挳㕡㐵搷㔱㈰㡦㙦戳挵摣㍢㜸㉣换㑥㔲〱ㅦ㡦愴㤴㑥挸㍥晥㐹ㄸ㍥㐹㡤搵摣㘰挴摣㐹㑢㤶愱攲㌸晦㔱扦㐰ㅡ㐱㑣㜲昲㑤㐴㐳㍥㍡挵㜸㑤ㄴ㉥捡ぢㄴㄷ㑦㙥㔰搰慦㌴慦戸㈲㍦搸㍦㤰ㅢ㉣㔶〶扣慣扣愴㤶搴㤷㝣戵ㄶ愹慢扤攸挵㥡㤹敡㠷昷㙢㙡捡攷ㅦ摢扣㈴攳つ愸㌵攲搶ち攱㌳摥挲ㄵ慢㠶昳㉤晦㘸挶敢㠰攸㝣慤㝣挱〳搳ㄶㄳ㐵㥢挶㘱扦㍤㘹㈶㥦㌸㡤慤㝦㔹晦㌲㑣㘸收㙢㔱㝤㡢㈲㔱戵收戹㤲搵㤴㥡㥡晡㑦㝢㥢昹ㄳ㙦ㅦ㌲㙡挹愹ㅢㄷ捤㥥㍢戹改昷㌷㥢愷㝣㜹㘵㡢㌹㑦㝣㠷㘹㥣挸挳搱ㄵ㌵攰㥥㌰搰扣ㄲ改〸㐸㈳㐸ㅦ慢㈱㉤㔸挴㡢ㄸ㔶ㄴ㉥づ搶㉢㤰改㌲㥣捥㐷㠲摡㑣㉢ㄸ㔶㠸戱㜷慦晡〵㝤捡㡢昲㡢㡢㑡㠳昴㐸㌰挱捥㤷㙡晤㠳愳㌱ㄵ㍣戸㉣㔴挴㤷戹昵ぢ㠶㤵〷㑡㐳攳㌸挷㤲㌷昹〰挷㤵慣慣㤴㠲㔳㡢㑡昱〰㐵捡㘴戸㘱挱搰挲戲㠹㜸ㅦ㕣㔱㔲摡㈷㌰㉥㔴㉢㉡㡡づ㙣攴㠸㍣㔵挹㈲㌹㔹愴㈷愷晦搳扥㑡捥㠸搰㈱㐸愲搳㤸㑣㘲㔵ㄷ愷ㄱ昷昲捣戲愶慣挹㜸㍥戳挴攵㜸㝤敡㌹〵㘸扦㔰愷ㅤ㌶摥攱㍤敦㠲㥣摥攷慣㝥搱㔷㌸晦搵换敦ㄴ㑥㝣敥愵㍢㤰㑤挳㥥㉦㍥㄰捣つ㈲捤㠵㜱㙣㍤㠶慣㜵㕥戹㥢愰慦㐰昲戰㌵愲〷㈵㍢㠳扤㌱㠵㤷㠱㠷ㅦ收ㄷㄳㄹ戰扢つ㈲ㄷ昴敦㑡〲挵㈱㉢慤㘷㔹㐹㐹㠰捤㡢㑤㜳㈸㙣㜷㌰㕤㍡摢戰㈶㐶〱㠸㙣㠳㔶㔴㘰ㄲ愲〲㤳㘴ㄴ扡㘴扥〳㤲㘱收㔵㌶㍡㔰㕥ㄴ㉥㉣㈹捡㑢攷〵摦搳搴㡡㜶㠹㈶愴て㤴㘵攳㠴攷敡㥥㘶㡤捣っ愲扡摢㘰㌰㐱搵戱晡搱㝡㤳㘵㍦㉥晥攱〴㍢㥡慦㐱㔷搷㜸ㅦ㈴〵攳㍣捣㝡㕡て㡡收㠴㈱㐶ㅡ㈲挱昹㙦㈶ㅢㅦ㔸〱㕥搴攵㥣昳㕥㈷㍢搳挰攰敢㕦ㄶ挸敦㡤㔷㜹㘵攵㘹搶㘲㡤㜴㔴㉤捤㑡㜹㈶㈷戸㝢攲㈵ㄱ㕥㍥㑤㠰㉦㕣㥥捥㠸愱㤸㍡慥换愹昱搴㐸ㅤ搲挱㑣㑡㐹愹㤷敥㔵㔶㍦㤵㔷㔳㙢ㅥ㔰㕦㡤搲㉦㈶晦㙦捥散ち敢㑡戱㌸づ㌷戶㤲晣ㅢ㐴㌰㤶昲戸ㄸ㍥㈴挳㐷㈰㈹㌹㈰敥愷愴捡挹㘰㘶㥥㔲挲㐹敡昴ㄲ㡡〳㤷㈳ㄵ㔳搷㤸散㠶㑡㔲敢愵㥢㐸㌷戶㠱扣戴㘵㑢て㥣㤲㐴㉦㄰㔵晥㜱〸晢㝣㔴㥥戱㥤攴㘳㄰㌱〰㠴戶㐶昶搳㐹挶愷〸愲㑡攴愰攴㌳〴搱㘱㡢㠱㌸㜳㘰愲づ慤㈶攱㑥晦〷搱攴ㅡ㠴㌳㕤㙡㔶攸扥摣㌳㌱ㄸ㝣㜴搱㤲㡣捦㐹㌸㐶㐷㐳昱ㄹ㕦㈲挰捣捥挴㤹㝥㐲攴搸戹挷㍡㑦户捥搰㙡愴〱つ㐵〴㝢戳㈴㌹愷㈸换㜶㔹㑦㌱っ愹戴愰挶搷㈰攲㉣㄰ㅡ㈶愰㤴愵ㅡ㍢㄰摥㜷㐳攵ㅣ㈹摢愶昱慤ㄵ攰㠵㌸ㄷ㐴㈹ㄷ㐱㘰㤲戵晦ㅤ㠲挶㑥㄰㜱ㅥ㠸〷挳昷㘴昸㠱っ攷㠳攴昰㙡ㄷ㠸㕤㘹ㄷ攲㐲摤㤶㡥戰㔵㘹㍦㤲昱㈷㄰㌱ㅡ㐴慢戴㕦㜰〹㜸戲搲㝥㐵㤰ㅡ㉣挴戹敡㑡晢捤攲㉡挲㌹敥㑡ㅢ〳收㐸愵晤㡥㔰戴搲㜶㕢㤹㡤挵㌹㕡㘹戸㤰〷挶㕣㤱㜳㌶昱ㄱ㕡〹慥㈳㤵㜶戸㑣㠱㉥摤㤵㔶㡡〴㔹㘹㝦㈱㈰捡㐰ㅣ㤵挶扡搸㜷愵㡤攷扤昸㌳㘸㠲ㄸ㤰㝦㈱〴㤴㜲ㄱ㔴㤵㤶㡣㐴愳づㄹ挳摥っ㜴愰㡤ㄴ㌲㔴㠰㈱〷㝦㐶㉡慥散㑡㥢愴摤挶㑥搵慡戴㌴摥㤶捥摢㘶㈲㤲㜲愶ㅡ戸㜲捤〵昸㄰〵㜸戲〶敢㈱㑣㌵捤㐲㔴搵㌵㤸㘱㜱㕤〲慥戸㙢昰㔲㌰㐷㙡戰㍥㙥㡦搶㘰㐳㉢戳换㤰敥㔵㠳㠳㑦扥㘰昸扢㕦㝣㘷搷攰ㄵ攰㡢搴攰㌱〸ㄱ㜹㑣つ捥㐶戴慣挱㐶㐸ㄴ㔷攲㑡搵㈰挵㌷ㅡ㠳散扢〶慦㡥攴㡤㐵㐶捣挴扡㄰搷㈰攰㔱㠳〷㌲摦㠳挸㜸慤㌷挳挱㘴㌸㠴っ搷㠱㈱〷㝦挶愱戸戲㙢昰㐶敤戶愶〸㕢㌵㜸ㄸ㙦㍢㥣户摤㠹㐸敤戱㍢ㄲ㜱慡搲㡥㐲㤸㤵㌶て㔱㔵㔷摡搱ㄶㄷ㘷㡦攳慥戴扢挱ㅣ愹㌴㍦㙥㡦㔶摡戱㔶㘶昷㈰摤慢搲㄰㡤㘳愷㕤㘹ぢ㜰ㄵ愹戴ㄳ㘵ち㙥㜷㍦㜶ぢ㤱㈰㉢慤㈹ㄲ挵㈲㕣愹㑡愳㠵㌶㑥㐰散扥㉢㡤ㄳ摢㘰㑣㌲㑥㘴㈶搶㠵戸て〱㡦㑡㙢〶〶愳㌹ㄹ㤷㝡㌳戴㈰㐳㑢㌲㉣〳㐳づ晥㡣㔶戸戲㉢㡤㔳摤㉡㕦敤戱㙢捤摢摡昰戶㠷挱愰㔵㕡㍢挴愹㑡换㐲㤸㤵戶づ㔱㔵㔷㕡㝢㡢㡢戳摡㜱㔷摡愳㘰㡥㔴㕡〷摣ㅥ慤戴㑥㔶㘶㡦㈱㍤㥥㑡摢〰扥㐸愵戵㐶㠸挸㘳㉡敤㜱㐴换㑡敢㠲㐴挱㠹㜴㐷愵㜵㐳散扥㉢慤㌲㤲㌷㤶㉢㌰ㄳ敢㐲㍣㠵㠰㔲㉥㠲㔰㤶散攰㑥〲㠳挱昵づ攲㘹㙦㠶ㅥ㘴㌸㠵っ㥢挰㤰㠳㍦〳捤㌰㕡㘹㥣㠲㔷昹㌶㐰搸㝡搲㑣摥㤶〳㤲挲戹搱昸㈶㘶搳挰㤹愹捤㤶㜳攴㄰㙡㔴㜰㘶㐵愰ㄸ慢㐱〷㘱㤶㈶捣愸摡攰㥡搷㡤捣㤵戹㤷戶㌹ㄷ㠹㘲捥㔹㡡㜰晥〸㑥㑡戹㜵攰攴戵㘴ぢ㤱昳㥦捤愵昹㔲㥥晣㙢捦㥥昸㑡㐱扤㈴愵㑤攰㜲㠹㤱㈳㤳搲㔹㈶ㅢ㠳捦攸㠹〴㍥㐵㥣挳㈶㡦搱ぢ㌴ㄹ㠱扡㡣㜸㕤挵㥥挶㌴敢㐸㜹〳㠱扤っ㘹㕤搳㔰扣戳㜱搴〱攷㔰慢㘵㌱ㄷ㠳㝢㜹敥捥㤱㙤㙦摣㉢摥挲晤捣挳搰㌱〸づ㝡㘵㙣㕦昲攰㠲攲愴扣て戲捦戱ㄲ㈵挳〴㍢㐶㑤㐳挳㤳㡢㌱㔲㘵㤰㉢っ㈲㈱扡收㤱㘴㠰㉥㉢㠷攷㔰搷扤戶挸扥㌷ぢ㔹搵㙢攲㕡换㈵㙦㘳捡扢昸㑢㜹〴㔵㔴攵晤〴ㅥ慤ㄵ摥挳㈳昵㜴挴㌷ㄹ㔰㤴㔷㕥ㄶ㉡㉢〸晢㠷㘲挶挵捦搵㝤〵㤸㝢换㐹㜹ㄸ㌹㝡㤶㐹挱敡㤶㜲攱戴慣㘸摦搸搲戲㠹愵ㄲ㑤㑡㠸㡢ㅣ㔹㥡㤱㤶挶㘲㘸㙣攵㜱ㅣ㤴㤷昹〱㠲扣搹攸て㤶晡㜵㌲㌹〲攲㤱挹㔱㄰㡦捣て㈳攷愴捣㡦慣㐰挳㙤〸㌰㤷㔴㉢㈲㘱愷捣敤挸㡡㘸㔲〷〰㑤㠳㥥愷㡥搴收㐸㔲〷㈲慥挹挸㘱㘵攵愵㠱晣戲㤱㐳㠲㈱慣敡て㡤ㅣㅡっ愷づ㐲㑡〶戸攵昸㜰〸㤶つ愶づ㐶㑣㈳挴㌸搷㤸㘷㝥㙣攵ㅦ㔹㠹㍤〴㑣㜲㌹戶㌱っ㈱昱㈹ㄲ㘹扦㝣攲㝥愸㤹捦㔷攴㌹ㄹ㡥㐴㍥㈷ㅣ㔶㈱㤸㘴㥣㑤㙡ㅤ㠲挳愸搸搸捦ㄱ换㘷挵㌸〷㘹㠲愳愳㔸㥥慦㔵散㜹攴挱〵㡢ㄳㅣ搷戰㉤㡢挵〰挰ㄶ㠴㜰㔲敡〵㐸慦戲㔹㠸㐵㘰㘳搳㜰㔶㉤㠷㍣戲㙡㉦挴捤愸㕡づ㙦㜸㘴㜲㠸挳㈳昳晢挸㌹㈹昳〷㉢搰㜰ㄷ〲搵㔳戵㍦㈲㘷㔹戵㈳㠱挶㕤戵愳㈸㥥㘷搵〶㤰攲慣摡㕣挴㜸㔴敤㑦㔶晥㐶㘳〴㡣㝣㌰挹ㄵ敥㐶〱㐲㠲〳慤㐸搵摥〱㌵㐵慢戶㄰㠹慣摡㕦㤱㡥㘰㤲㔱㐴㙥〴㘴㔵晣愶㘲挷㌰捡㍡挴敦〸挸慡ㅤ㑢㕥㡥愱㤸㙡㌸㜸晥㔲戱㈵攴挱㠵捣㡦㈱㔹戵㌷〲㠴㕤戵㘵㠸慤扡㙡慦昷慣㕡づ㡣㘴搵㡥㐷〰㔵㥢㡣ㄳ㡦㑣づ㠴㘴〰戶㉢ㄲ㐸戱〲つ㌹攸愹㥥慡攵㔰㐹㔶㙤㌹〲慥慡㌵㐶㈱㉥㤵㤳㥢捥㕡慣㐰㡣㐷㉤㜲挰㈵〵㍢ㄴ攸㡤㠹戸㤲㕦づㄸ㤳ㄱㄲ㍥㤰㐸㉤㕥敥愸挵㡢㄰捦㕡攴〰っ晦㤳㡣愹㔶㐰㙡㥤〳㉥ㄹ敢攸㐴㌸㡥㤲戵㌸㡤挹ㅣ㐷挵昲挸ㄱ㄰昳㥢㘱㈵换晣㌸〲㤲戵㌸㕤慢㐵㠳㜶㥢㈶㕡㕣散㔹㘱ㅣ〷㐹戹㉥㐵〰ㄵ挶㌱て㡦㑣㡥㝢㘴攰㘰ㄵ攰㐰㠷㐷㐳㡥㜱慡愷挲㌸㌲㤲㘸㘸㘶㔳㉦〷昱㝣昸っ摡㔵㠳愶㌴㤳挳㈸㜹挷搱㐰㘶㕣挵㜸㍦㐳㜳㄰ㄲㅣ㑦㐵敡㈵攴愸㤷㙢ㄱ捦㝡攱ㄸぢ晦㤳㡣敢㐰改㘰戰攳㄰ㅣ㔳挹㔸挷㤳攳㐷㤴慣㤷ㅢ㤸㝣慣㈷㑦㔳ㄵ㝢㤳ㄵ㤰昵㜲〲㉥㘴扤ㄴ敢昵挲愷㑢搶换ㄸ捦㝡攱㔰㐷捡㜵ㅢ〲愸ㄷづ㙢㜸㘴㜲㘸㈳〳㉤㔴㠰㘳ㄹㅥつ㌹㡣愹㥥㝡㘹㡤㥣㈵ㅡ㍥㐸昲挹㌱昸攴ㄸ㝣㔸㌲㌹㈸㤲㠹挷〳㠴㜱ㄷ攳㑦㘰攸ㅥ㠴〴㐷㐷㤱㉡ㄸ攵愸㠲〵㠸㘷ㄵ㜰挴㠴晦㔸搱㘴〵愴捡㌸㐲㤲戱㡢㐸慤㐳㜰攰㈳慢攰㕥㈶㜳攰挳㔴挳挱搳㐵挵㉥戱〲㌲㍦づ㔹㘴ㄵ㥣慢㔵㐱敡㔲挴㔶㙤攰捥昶慣ㄷ㡥㘶愴戰换ㄱ㐰扤㜰攴挲㈳㤳愳ㄷㄹ攰㔰㐵〶㌸㕣攱搱㤰㈳㤵敡愹ㄷㄳ㌹ㄳ㑤敡晤〸㜸ㅡ戸ㄵ㐸㜰ㅡ戸〷ㄱ攳㘱攰㌸㑡㤲㠲戵㐴㝥挶㉡㕣挹㉦㝥㡣㠷㄰ㄲ昴挸昱㍦挹㔸〳㑡㡤昲㉦戳ㄷ㉥攴㉤㙢ㄱ㌰ㅥ〶愹㥦㥣愹㡣㤹攸㡤㙢晣㡦晡挸昲㥥扥㠸㤲昷㍣㐲昶㍡㈹昴敥㑥慡㝡挱㡣收㘶戵㠴て敦昸〰攴㌴㝣搰㌱㤹㑦㙤ㅤ捣挱愷㐸ㄷ慢㙥㜲昷㝦㤶ㄷ㐷㐸慣㈲晥愵昴㐵捤晦ㄷ昹㔰攸愸〳捤ㅣ愵㙤㝡っ昱㈹㐳㐰㕡戹㈰㕡㉢慢〷〴㑡〳愳㠳攵㙤㉣㍦搲㜲㈳㜹扢ㄸ㉤㠲愲㐰ㄴ㡡㈲㌱㐶㡣ㄵ挵愲挴戱扣ㅣ㥦㈲攲扤〳搷㑤戴㡤㉦㘷㝥㕣㈳㠷㠴ㅣ㜲戹ㄷ慣戸搰昴〹㐶摥㕦搹晣㕥㈳愴昸㤶晦愷愷户㠸ぢㅦ㤶戸㤷挸ㄱ攸慤挹ㅥ慦㑡〰〸愳㡥扣㌶扤㡡攴㤷扣㠱昲挹愳摡㥦㝦扥挵㌸㌴捣㡦㐲㕢昹㑢㐲㜹㘵攵挵㐵戹搱㌷㡦昱㝦㍣搶愵㑢愰㔳㕥愷捥㔹摤㍡㜴っ戶敢摡㙤㐴慢昳攳㐲㙤搵㔷换㝥愵攳㉡昰㡤㐰㜹攴ㅡ㠳㠰㔶㝥慡㌴㜱摦搶㡥ㄸ戱搷㉡㘰㥤捡搹愱㤴搳搰㡣晦㙥㡢㜰戶㕤收挵㤸㤴㕥挸敡敦㌴ㄴ敦㙣㡣㈷㄰㙦㍣〹㠲搵㡤昲㌰㉡ㄹ戳ㄱ挴㈷㠶㠱㌶㈲昸扥㈴晤㐸㑥〷ㄱ㈷愳㙣捦㐵敤㈷㔹〹㌱㡢摡㌹㉥挲晦㈴㘳㌳愸㙤慤捥㘶ㄴづ㈱㐷㍥〸搸挳㈵㈶㘴㜲慣㈳つ搳㜳〸搴慦㈳㉥挴㠹挶㐹㜴㐱㌱戴〸昲㈱㝥㠱㌱昹㈰㝣㤰㈳㤳㜰ㅤ㤱㐶㔵㈳㈲㐹㜴㐰㠰捡攲㠵昱㌲㜹㕥〱戱挵㝤㤵㌱慦㠱昸昰㍣㝢㡢摢ㄲ㜷㝢㡡摢挲㑡㠸㔹㤶㕥㠸㥣昰ㅦ㉦摤㐱㙤㜱㌹㘰㤰昲扣㡢〰㍡㉡攵捣挰㠰㔸散㜶っ挵㉦㔱散敦㑢㜶㌱ㅥ㈷㈹晥昱㈸搶ㄶ㝦㉢敦㥤〸ㄲㄵ晦㔸愴摢攲ㅦ㠳ぢ㕢晣㙤攰㌳戶㠳搸攲㝦捣㤸㑦㐰㝣㠲㝥戳㔷㙤ㅦ㙡㐹ㄹ戳㉡晦㄰㉢㈱㘶愱㌹㥤㙣晣㑦㌲扥〴戵挵愷愷㉤挵晦ち〱㔴攷㌴㥣昰㍦摡ㅢ愵㔰敡ㄹ㡡敢㥢〸搷愵㌸㐹愹ㅢ愳㌴㕢敡㙦ㄱ㉢慥〲㠹㑡㥤㠹㜴㕢敡㠶戸戰愵晥〱㝣挶㉥㄰㕢敡ㅦㄹ昳ㄳ㠸㑦捣〱昵㤲㍡捤ㄲ㉥㐶敡㔴㉢㈱㘶〵昹戵挸〹晦㤳㡣㍦㐰㙤愹改挷㑡愹㜷㈳㘰晣〹㔲㍦㔹㐸㠷㤵慣慡挲搹㘷㘶搲㐵㤵慣㙣慢㔰搰㙤㌸㐹搱㤳㔰愴㉤扡〰慦愰㑢ㄷㄵ晤捦㍦㌵搱㜷攳挲ㄶ㥤㤳挲㐶㉡㠸㉤㝡ㅡ㘳搲㐱㝣攲ㅥ㘴攲㈵晡㡦挸挱戳扤敦戲ㄲ㘲搶㠷搳㜵挴㝦捣㤰㈰㘳㕢㜴晡㡦㔲㥥㠶㠸㐵㝢㔷㕥愱㤰捥㈲搹㔵っ㙦挹愴㝢㈸搹ㅢ㐹㜶戱ㅣ搷㔲晣㙦㔱慣㉤㝥㘳㈴ち晡㐲㔱昱扦㐶扡㕤昳㕦攱挲ㄶ晦㘰㌰ㅢ㠷㠰搸攲ㅦ捡㤸挳㐰㝣攲㈱㘴攲㈵晥挷㤶㤴㌱㌵扦摤㑡㜰慦〰捦愴ぢ㈶㤱晢㤹晢㌱㈴挷捡㈲攸㠵㐹ㄱ晥㡤㕢㈹〲换㑢㑦慥㈳攸㤹挹㠴慤㔶㐲㌳㈶〸捣〳㈲挱摤㈷扢㤷㙤㘹㕦ㄶ㌷挴㙤㈹〵㥣㤵慣㔷㄰㠹㤶㙥㤳㕣户㈸愷昴㌲戰戶愵ㅣ摦昶昶挷㜲㉤慣㘸挱㐶〵搶㌴ㄷ㤶㜱㜱㡤㠱㕡㍤㘱挸㉢摥㥣㕡㌰愸ㅣ换㈹搲ち晡㠵戰㈸㉣㍦ㅤ㕦捡㠵昱慤㜵㘹㙤㤸㕤挷㈴㙢㕤㈸ㄶ㐷㘴挹㡢攷晣㘶ㄶ㤲摤慢㉤㌴ㄵ㐶昵愱㔶㍦㈶㜳㐹捣㍦㥢㕢㑦㍤ㅥ㜰愲㥦〹挹〹搵㔰戲㜸ㅦ戵㉡㈷搹扥㙥㝦愸㥣㤴攳㔸搶㌸ㄱ扣愹捤㐰昸㍤ㄹㅦ㘳㍥㌴㍥愳㌹㐲戲摦㤲㈴㈹㠵㕥愹㕢㌰捥㌶昷收ㅤ慥捦㔳敢搵愳戴换戲扦㌴愷㤹㔷攵〸昶收敡㥤ぢ戳户摥攵戴㘴〹慤㐰〴㝢㝡て㠶搶㘴㘸〳㤲㔲改搱晥㕣晥愷攵つ摢㍥愱〸㐸㍦㌸㕦㝡挴愳攱て攷㠹㕣愷㌷㕣愷づ㥦づ扡挳㕥㝥㤲㍤㤹扦搷挴扦攳敢搰㐹㑡挷摡捡扦敢㙡昱扥㤵㘲㉦ㅥ㉥㕢捣愸慣昳攳㜳㍦愵㠲㕡㕡摡㔲㍥攸晦㠱敢㤹摡ㄶㄵ㥢㍦㜵㐸㔹㔹㜸慡晡晡㉦㌴昵敦㝥挹㌸㔵㝥散攸㤷ㅦ㍢㘲昷㡦捤慢㌶㉦挰敥ㅢ㥢ㄶ㤴晡摢㑦攵㝥ㄹ㜲㜳㤲㜶㙣㐷㔹㈰攲㘵㍣〱捡っ戳㕦㡦㉣摤㝥扥搲㍡㘷㈳㑡ㅥ攲㈵㌰㉡攳㙤㜴挴慤扥扡ㅢ搱〶晦㌷搰昰摡㙣㘸挴〸㍥㐸㌱㙢攱散愵㙦昵㌱散㤶愳敥挱㠱愲昲㄰㝡攲㍡改㌷敥慤㍤㕢㈳户搳挶㐷摥愴慡昵㜰㙣攲搵㌸㝣ㅢ㤱㍥㜷㙦挳㐸㕤㠶晦敦〶㤲攷㡦㌰㔰挳㐶㈷㍣〸搲㌷改㡣㐰㈶〷㑤搲扦攸㠲㉢愳㉢㐹㌷㄰㥦攰挰㠸ㅥ㠳挱㙥㈸㔹㍣敢搹敤㥣㑣㝥㜶㍢搱㉥攷ㄴ㐶昵㘴㐱㈴㐹攲〵攴挱㙥挷敥㐸㌸㑥昲攸㈷㑣摥㤷挳慣㌸㠶昲㘰㌸㔵㘶㑣〶㡥慢搸㤹愴昶挲搵㌵愲扡捤㡦摡晣㈶扥㍤㠹愲㜶敡戱㜸敤搴愳扡㥤敡〷㤹㝣㠲愳㐶摡㉡㘷㡤㥤㠱戴捣㜷㄰㉤㙢慣㍦慥㡣〱㈴〳攵㍤ㅣ晡㐹挷㙦㌵昲愳㐷㘸㌹㝥㠲㠳㍣慤㉡㔷㝡㔶攵㄰㘶攴慣捡㘱㡣搲慡㤲攳㐱㐷㔵㙥㐳㠴㐷㑤つ攷㝤㘷㠳〸㡥〷㍤ㄸ捥㈱挳戹㘴攰ㄸ㔱㔶攵㜹戸扡戵摡慢昲ㅦ㙥昸ㄴ慤搳㐵昱搶改㐲扤㑥㐷㐲㌸㥦攰㔰㌸戶㑥〳㐸换攴㘰㔶搶㘹㉥慥㡣㍣㤲㝣㜹捦㔷㐸㤰㜵㝡愷慢㑥扦㐱㠲㔶愷㜷㜸搶㘹㈱㌳㜲搶改ㄸ㐶㘹㜵捡搱慥愳㑥㌹愲昵愸戲㘲摥㔷〲㈲㌸摡昵㘰㈸㈵㐳ㄹㄹ㌸〲㤶㜵㍡づ㔷㜹搵晤㜴㜲㌳慤㘸晤㕣ㄳ㙦晤捣搱敢㠷㍢ㅣ昸〴〷敤戱昵㌳ㄱ㘹㤹ㅣ㜶换晡㤹㠴㉢㠳搳搰挶ㄴ㜹て㐷摥戲㝥㉥戳敡㐷㡤挲㌸ㅡ㤷〹㤷㕡〹敡㘱摣㠳〴慤攲㘶㈱㌹搶㥤㥦捥ㄲ㥣ㄵ㌷㤳㔱㕡挵搱攲㍡㉡㡥攳㜱㡦㝡戹㠴昷㕤ち㈲㌸㔶昷㘰戸㡣っ㤷㤳㠱攳㜷㔹㜱㔷㈰㔰㑢散慡扤㠵㔹戴㡥㈷㐰㘵㜱昹㝦ㄵ㘰戴晤扦㌹㤰挹㠷て㙣扣敡昸㕡挴㘶㌶〰㤱㜵㝣ㅤ〲挶昵㈴㌷㠰昸〴愷ㄸ㘴㔵㤶扡慡㤲㤳〹㕡㔵ㄶ㝢㔶攵㉤捣挸㔹㤵户㌱㑡慢㑡捥㍢㌸慡昲㘰㐴㜸搴搴ㅤ扣㙦㉥㠸攰扣㠳〷挳㥤㘴㤸㐷㠶㐳㐱㘴㔵摥㠵挰つ搵㙤㔷晦挱晥㜰搱敡ㅣㄵ㙦㜵㡥搴慢㜳㈱攴昲〹捥戶挴㍥戲昷㈲㔶㜰扥㐴搶摡昹㔶慤㥤っ㙦㈴㍤㌹㔵ㅣ愳ㄲ捥戳ㄲ昸愵㐳㍡㍥㜱攱扣㡡扣攳㕣㉢㠱㈳〹㘳㈹㘲㔳㌸扣㡥㝢摣㡦〷晣㥦㉥㌷㕢㠶㜲〴〷敤捣挳㔸㡥〰晥换扦㑣づ戴㜹㘴㜲戰㉤〳ㅣ㔹换㐰ㅢ㉢㈰愸㔴㜹攷晤㔶っ㤳㠵ㅣ㌴㈱㘰攸戱㜵㌹ㅥ摡敦〶愴㜵㈰㠶昷昶慤㜸㜲㑦㡥敢捤㡤攷搰㌹戲㕡ㄲ晢扦㍥〰慤㐸㥦ぢ〵搵愵愷㕣ㅢ挷㌸挰㤶㤴㐶敦㍤㔲搹㌸搷戹晤㝦愳ㅥ捦㉤㜴㌱慡ㅤ㡡愷昹㝦敡昱摥㘱㜸㠴摣㠱愷捥㔸扣㔱㤷昳㡢愲敥㈹㜱㍤㐴㔵扥晥攴㌴㔷敡㠳㘸㥡〵㔳ㅤ㝢㕤㑤捤〹㠵㉡㑡挶挹摤㤸晦挹晣㤰㘳㑥愸晦昶昵ぢ㑡戸㑤散㠲戰戱ㄲ㘵㠹挱愸㘲㔶㜳敡㙡㕣㡤慢挶㤲㠷㔶㙣㕦扦㌸散捦㉢㉣挲捥戴㘱㍦戶㠵㕤扦戸挲㜸㠸ㄸ〶㈸っ㙢㜱㔵㔶㡤ㄸ晡㙦㕡㔴攴て㐵㠰㌴ぢ㘳㘳摡搵㜹捤㡤㠷〹攱㜴〵攱ㄱ㕣ㄵ㔷㈳㠴㔳㌹㌷㔷扡㜹搵昶つ㜷收昹㥦㝥挴㥦㘵㍣捡昲晢愸昲搷攳㙡慥愸㐶〰捦㕣捦挲敦挲㉣㈱㙡攰扥ㄲ晦㠴㑤昳晤㜹㥢ㄷ昸㐳摢㌷摣挳愸〵摣㍡昸㍥㈴攷㘲挷㤴㑢㑡㠹搱㡦戱㥦戵㠵㜰㤶戱㠱㜰㝢㈹戸㑦攰㙡㔹㜵挲敤㠹㝤㠳晤捦摣戰㝤挳搵搸搴戸㔹㔳㝦〹戶㝥挰愷散㙤挷〵㥡ㄳ㕡㥦愲㑤〰㕣㡥㘴捣㠱捥㉦㐲昳摡戴㠲㡣愱〰昶㝡挹ㄹ搶㌶っ㈱㘶㤶晡㡢㈳て㐱㜳攳㐹愲捦㔱攸㌷攲㙡㘱㜵愲㍦㤵㡤扤㔴攲扦愵〸昰摢づ攸晦㡦㘰㍦㐵搸愷㈸搸㥢㜰昵㐰㜵挲㑥慣搲扢户敦㙥㍣㐳〱㑥㔲〲㙣挶搵攲敡ㄴ㈰㐱㝡㈷昲㝦ㄱ㜹ㄷ㄰改摦㜶㠵〸㥣ㅦ㔲ㅥ㜱㔷㤵搰挵㑡㔰ㅥ㜱㌷㤵搰搹㑡㤰ㅥ昱㡢捣㡣㌳㝦昴㡡㡤㉤扣攲愴㥦㜴㍣㕦㐲〰晦㈳㉥慢挹㄰㡥捣ㅣㄵ攰ㅣ㥥㡣改㘹〵〴愷扢攸㡡ㅡ㉦㤳㈰㡤㝦㘹㘷㌰㔹㘶㠸昳晦㥣㥢㉡㝥ㅦ㘰挴〸㤱愵㕡攳慢搰㔸㑤昵戹慦愱㉣搱㐶㤵晣〶慥㙡扥捦㝤㤳ㄸ㕡㉡っ㙦攳慡挶晢摣㜷〸愱㤹㠲昰ㅥ慥㙡戶捦㝤㥦攵ㅦ慦捡摦㡡慢㕡摤攷晥㥢㜰㡦㔵㜰㍦挲搵晥搴攷㙥㈳晡愳ㄵ晡㡦㜱戵㕦昴戹㥦㄰昶ㄱち昶㘷戸摡捦晡摣晦㔰㠰㐳㤵〰㕦攰㙡㝦改㜳扦㈴昲晥㈰戲捦㍤〸㈲攸㝤㉥摦摢挸㠴〳慤〴搵攷づ㔴〹㑤慣〴搹攷敥㘰㘶㝣㐵㈳晢摣㙦㜹㌵㡣㠴ㅤ收㜷〸攰㝦愴捦攵扢ㄷㅥ㤹㘷慢挰㌹㉡㜰慥ㄵ㄰㝣ㅤ㈱晢摣㥤〸搸㝤㙥㠰挹晦敢㜳昷昱㥢㍣攸㜳ㅢ㕡慤搱㘰㥦㙢散〲ㄱㄹ㉡㡡㥤愱昱㌳愳っㄵ挵扥挹昸㡤㔱愹㉡㡡㝤㠵戱㥢㔱㜵㔴ㄴ捤户戱㠷㔱㐹㉡㡡㈶搲㐸挶㤴㤷昸㜳㜷㘴㝣㙢搰敥ㄸ晣㘵ㅣ昱扢㡡攲㌳㙤愴㌳敡ㄷㄵ挵愷挴愸挷愸㕣㠴㘴㉢晢ㄱ㘹㝡昳换㔳〹扢慣〴搵晣昸摡㐹摥昱㠳㤵㈰㥢㕦㐳㘶㔶㠸㈴搹晣㌲㜹挵ㄷ㐹戲戵㌴挲ㄵ挲㤱收㔷捣㄰㡥捣ㄲㄵ㈸㔵㠱㌲㉢㈰昸戶㐵㌶扦〳㜰愷摤晣㈶㌲昹㝦捤㙦摦捤㙦㠷㔵捤愹㑤愰扥㥡㜲昹づ㘴㤵㝦愵㑡㍥ㄸ㔷㌵敦昲ㅤ㐲っ㥦㉢っ㠷攱慡挶㕤扥挳〹攱㔳〵攱㐸㕣搵慣换㜷ㄴ换摦慥捡昷攳慡㔶扢㝣挷㄰敥㠷ち敥㜱戸摡㥦㕣扥愶㐴晦㠱㐲㝦〲慥昶ぢ㤷敦㐴挲㝥㔷挱㙥㡥慢晤捣攵㙢㐱〱摥㔲〲戴挲搵晥攲昲戵㈶昲㐹攸挸㘴て晡㍡㐴搰晢摣挹㉡攱㌵㉢㐱昵戹㔳㔴挲慢㔶㠲散㜳戳㤸搹㜴㈴挹㍥户㍤慦㘶攲㑡㜶㤱ㅤ㜰㠵㜰愴捦扤㠴㈱ㅣ㤹㝣换㉦〳㝣愵㉦〳㝣慤捦㐳捣㐱㐰昶戹ㅤ㜱愷摤攷㕥换攴晦昵戹晢敥㜳㕦㔴慤戱㌳搴㔷㔳㝤㙥ㄷ㔶昹㜳慡攴㙥戸慡昹㍥户㍢㌱㍣慢㌰㥣㡣慢ㅡ敦㜳㝢㄰挲搳ち㐲㌶慥㙡戶捦㌵㔹㝥愵㉡晦㔴㕣搵敡㍥户㈷攱㍥慥攰㥥㠶慢晤愹捦敤㑤昴㡦㈹昴㝤㜱戵㕦昴戹晤〸㝢㥤㠲㝤〶慥昶戳㍥户㍦〵㔸愳〴ㄸ㠸慢晤愵捦ㅤ㐴攴搷愱㈳㤳㝤敥㉡㠸愰昷戹搷慢㠴㤵㔶㠲敡㜳㙦㔰〹て㕡〹戲捦ㅤ捡捣戸㘲㑢昶戹挳㜸㜵ㅢ慥㘴ㄷ㜹ㄶ慥㄰㡥昴戹㜷㌰㠴㈳㜳慥ち㜰敤㤵㡣㤹㘷〵挴㐲〴㘴㥦㍢ㅣ㜷摡㝤㉥ㄷ㈷晤慦捦摤搷㑦ㅦ㘳㥡㘵㤹㙡㡤攷㐰㝤㌵搵攷㥥换㉡㕦愲㑡㍥ㅦ㔷㌵摦攷㕥㐰っ㡢ㄴ㠶ぢ㜱㔵攳㝤敥㐸㐲㤸慦㈰〴㜰㔵戳㝤㙥㉥换扦㑢㤵㥦㡦慢㕡摤攷〶〹㜷慥㠲㍢ㅡ㔷晢㔳㥦㕢㐸昴户㈹昴㘳㜰戵㕦昴戹㘳〹晢㘶〵扢〴㔷晢㔹㥦㕢㑡〱㙥㔰〲㡣挳搵晥搲攷㡥〷搶㠶㕣ㄸ㝢㌶晡戲攴㐹㈲㙦㔴晥愸㔱扦㌶慣敢㍦慣敥㌹㘶挶ㅤ摢㕥昸昸挶㌷㉦攸昱昹敥㜹昳摥晣昴挶㉤扢ㅦ捦敤昱慦㠵ぢ㥦㌹晤㥥㉤ㅦㅦ㔰㌰㍦㜹摤慦晤攷㑦捤ㅡ㍢㜵㝣挱㔹㉤晡㑣㍤㜷捣㤹㔹㠳ㅢ戵慣㔳㈷㉤敤挴挶捦ㅤ搲㉣㜳挶昸㐷挵㔳敦ㅤ㕣㉡攴㘲㔸ㄴ㘰㤴愳㌸ㅥ㑤昱㤷挹㐵戱㜲㤹㜶〸戱㐶ㄸ〴摢搰愸㤵慤㘹て愸摥㌵ㄳ扣㜵摤摢扡散攵㙢㔳昷挷㤴㕣挸㘶昰㌷敡㡣〹㈴ㄳ㐹㈶㤱㑣㈶㤹㐲㜲ㄱ挹㔴㤲㡢㐱敡愷愵㜰㉤摡㝦戹㝥敥〰ㄴ㡢㡦㕥昳昰挱㙢扥摣〴㘶戴挰〶㌰愲㔴㤴㠹㕣㙢㐳㤸㜱昵㑡㑥㉢挶㑦㤴ㄴ攵㘱㠳㔲挷挷戰昸㤹㝡摣捥㐳㝥ㄴ㡢㑦昴晥搶收㌳ㄴ㌹扥捦㕡攵ㄷ愷昶ㅥ㌱〲㥦挳攲搸敢㈷戶㕤攳㕡㔶攸㔸㥢㥢ㄳ攲捦慣捡〵㠵愹愹慢昶昶愹攱摦晡㜴㔶㉤㕤ㅣㄶっ㠵〷㤷攱挷扢攵㐷㡤㠹晦㜶搶㔳ㅦ昶搶㌹戲㜹搹摢っ愴捣㠰ㄵ昸扢慡愷㔳ㅡ摤㜸㠸ㄹ㌲㐶㝣㌵晥㠷㑦晥摡㌱搵㔴㘷挴敤昵㌰㘶戲〵捦〲愹敡㌰㉥戱ㄳ㝦摤㠳扤つ搰捡搹搲つㅢ扥㤸〲昸ㄴ㘱慦〰㝥㥦㌶收昱昰㑤㑢戳搵㔹ㄵ㘷㕣㐱〰戳㐱㔴捡㐹ㅦつ扡收戶搲㠷戲㝦㤵㜷摣㥥㙤㕣㘹〳攰愲㝦慥㜵㜴〱〸敢〰㥥晢昰慥㌹つ戶ㄷ㥢㙢㡦扢扢挹搵挷捦㌶㤳ㅦ㤸㌰扥捦㡥ㄹ㘶㈴晢㐷戳㜷㉦晢晥昵〱戹慢攸昰换挳戸㠶〰慥〵㔱㈹㑥捥昹搹挶㜵㐸散㝣收㡢㜷㥥㕤㤰扥搱㈷戸搸搱〵愰㔴〷㌰攳昷㐵㕦捥㑥㍦挸晣戹昹搱慦敦㜸㙡㡥㈹㍥㍥㘳攳搶㕢收㤸戲戴挲㔵㤱昳扣㐷㈳㘷㐴ㅡ㌷ㄱ挰捤㈰昲㜰㜳ㄴ捥㌷㡤㕢㤰昸摡〹㥢㝦㐸搹㜶愴改ㄳ㕣扥攸〲㔰愸〳搸㈹㕥昸㘹㜴㜸㡡搹昳改㠳㝡㥣㌵㝤扡搹㕦㜴㌸昲攱㤶挳㑣㉢㝦敢㍣捡㍡愳散㍢〸㘰慥〲㤰愴㔲ち㉤㡥挱愶㜱㈷ㄲ晢捦晤昹㥥㤵㝢㍥愸昴〹慥㐰㜴〱挸搵〱昸〷㑦ㄸ㤰㝢攳ㄴ昳昱㥢㑡愷摣搹㙦扡㌹慥挱昶㌵㥦㙥ㅤ㘲㐶㝥搸愱扢ㄹ昹㔴㍢㉢ち攰ㅥ〲㤸て愲㔲ㄴ攷敤昲〷扡㡥㌱㡤〵㐸昴捤晣晡㍦捦昴㝡ㅦ〰戸㤶搰〵攰〲ㅤ挰㕦㍤摥ㅡ㝦晡捤ㄷ㤹㕢ㄷ㌷ㅣ扥愶捦㌴㜳攷㈹㙦ㅣ搳攷捥搳㈲〵㥡㔳㈲攷ㄹ攳愳〰ㄶㄳ挰ㄲ㄰㜹愸ㄴ㥢㌳㘰ㅡ昷㈱昱㈱晦愴ぢ捡晦㜸〹〰戸ㄶ搰〵㘰戸づ㘰攱攳㍦ㅤ㤲㌹㘲慡搹昹挴敦ㅥ摣㌱敤㘲搳㕣㜶敢挸昷㡥㙣㙦ㄵ搸捣㍡晢慤㌳捡扥㥦〰ㅥ㔰〰㤲㔴㡡攲捣㌴㡤ㄵ㐸㥣㝤晢昲㐹敤て㝣っ〰晥ㄵぢ㘰戰づ㘰㜸㔶收挸㐰㤷愹收慣㠷摥㉣㥣㜷敦挵收挶〳晡捥㕢昵㐶攷㐸㠱戶㕣㥡〶㔶ㄳ挰㐳ち㠰㤷〶搶㈰㜱挸戶㜷㥡扦㜷㔷㘵愵慦㈱㤷〱㔶㙢晦扦〵〵挸㤱昷㕡ぢ㔴㐶ㄲ晡晦㤷㄰㉢晢晦㠷㠹㜷ㅤ㐸晤攴戴㤷ㄱ㈹㜹ㄳ搲敤㍦挲㥣ㅦ㈵㜹㡣㘴㍤挹〶㤲挷㐹㥥㈰㜹㤲愴ㄲ愴㝥㥡攰㜲㌸搹ㄴ戸㔳㤴搱㤳㐸㑥搱㙢愲㔵捥㕢搷ㅡ扤ㄶ㤹敡っ㠶扤ㅥ挶㈶㘶晥っ㐸㔵㠷昱慣㥤㐸㡢晣㘶㉣㠰慥㍡㠰摥㍦㕤戹昲捣改ぢ捣昷㕢㘴㥦㜷挰昹㡢捤昹て㉣㍢㉢攵挳㘹愶戲戳捡敥慡攲㡣攷〹攰〵㄰㤵愲㌸㙤㡢晣㈲ㄲ捦㍢㜲㔱晢㘶㑦㝥㠴戶挸㤵㜰㉥つ戴搷〱㈸挹搵㔹ㄵ愴散慤㍡慢㜸攳ㄵ〲㜸ㄵ㐴愵挴㔸攴搷㤰愸づ㥦攰㔲㌸ㄷ㠰㔶昱〰㤰㌹㈸㝢慢捥㠸㌴摥㈲㠰户㔵ㄹ㉡㐵搹㙣㕡攴㜷㔴㈲搸㝤㠲㡢摢㕣〰㑥㠸ㅢ㠰㙤㙦㐷㤹ㄲ㄰〱㝣㐰〰㕢敤㌲㔴㡡㘶㤱晦㙤㈷ㄲ挰戶㔸〰㝥ㅤ挰攵ㄳ㥥㍥晤晥㠲㠵收换昵扥㜸㝤昴㌱昷㥡㌳㠶㥤㍢敢戹晢挷摡㤶㔸搹㕢ㅢ挰㜶〲昸ㄸ愴㑡㡢晣〹ㄲ㑦扥扢捦捥つ换戶㘴攳敢收㔸〰㠷改〰昲㐷㕣戴换㝣㜶愱昹㙤搳戶㉤㕥㝦㝡㤱㘹㝥㍦改敤ㄳㅥㅡ㘹捡〲摤搶〶㤱挶攷〴昰〵㠸㈷挷っ㔸攴㉦㤱㌸昵戹扥攷扥㔸戲ㄱ〰戸㔲捣㔵〵㑤㜴〰摢㕡摣㝤捥㤸㡦ㄶ㥡ㄵ㘷㘷㍣扢㜴改㈲㜳晥㡤捦㕥昳搲㠹攷㥡㤱晣晤搶㔹搹㕢㤴扤㠳〰扥㔵〰扣㉣昲㜷㐸㙣摡摦摦晣挶〳搷〳〰ㄷ㝣戹〰㌴搰〱晣㙤つ散㈲㠰ㅦㄵ〰户㡥愸㠱㥦㤰㘸㙢愰攱づ〰愸㔶㡢㉣搷㥤㐱㕦挶捦ㄶ㈸㘹㤱扦㐳戱搲㈲晦㐲扣扦㠲挰㈲㜳㘹㔹攲㉣昲㙦捣昹㜷㤲㍦㐸㜶㤳晣㐹昲ㄷ挹ㅥㄲ㐲㌰㌸〰㠲㐵收㥡㉣㔹ㄳㄳ㙤㡢扣晢て捤㐵晤㙢昵攴㈱つ㙥㔹㘲慡㜳愴〹㔴㑤㡤ㄴ㘶㥥㑡㈱慢㌸㡣㌴㍢㤱ㄶ㤹㉢挰㕣〰㝥搶〱扣㤴搶昴㥣ㅥ戳敦㌵㤷㉦㝢攷挳愷敡㉤㌳挳㔷扣㝣搸〱つ㘶㔵㙤㤱敢ㄱ㐰〶㐸㤵ㄶ戹㍥ㄲ挷戴㙦昶挶㌷㜷搳㈲㜳扤㤹ぢ挰㑥ㅤ㠰㤲㕣㥤㤵㔸捡摥慡戳㡡㌷ㅡㄱ〰㝦㤶㕣愵挴㔸攴挶㐸㔴㠷㑦㜰㜵㥢ぢ挰㔷昱〰㤰㌹㈸㝢慢捥㠸㌴づ㈶㠰㐳㔴ㄹ㉡㐵户挸㠷慡㐴戰晢〴搷搲戹〰㝣慡〳挸摥戵晥愶㐱挳㤷㤸㑦㡣敢摡攸愵㌷㤶㤸㌳㐶昲ㄸ㘴㑡〰戶㐵㔶昶ㄶ㘵ㅦ㐹〰㐷搹㘵㡣戲㌸ㄵ〷㝣攴愳㤱昸收㥣㠳搷㤴㍥㜳㍦捣㐱㌲㕡愵ぢ挰㠷㍡㠰㙢㙦㘹晡晣摣㡣㈵收㤸㤷㕦晥㘰收㤱昷㤹ㅢ慦㔹搴㘲㝣㠳㐰搵ㄶ昹㌸〲㘸ち㔲愵㐵㍥ㅥ㠹㙢挷ㅥ㌰戳㕢慢㈷〱㈰㈵ㄶ挰扢㍡㠰㐱ㅢ㡥㘸昲㐵敦㈵收晤㑢摦扥扥攳㈷搰挰晤㍤㙥扢敥捡愱ㄱ戹摣搶〶㙡㌱㥡ㄳ㐰ぢ㄰㜹戸㌹㘸㡦㕡㈲㜱摡戳㤷㜵㍡攱昴搵〰㤰ㅥぢ攰㜵ㅤ挰ㄳ愱挱㌳㝦ㅥ扦挴散扥㜳攱㜱㈷㍣扡挴㌴㡦扥攷收㉦慥捥㌱㈳昹晢慤戳㘶㤱摢ㄲ㐰㍢〵挰换㈲㘷㈱戱愴摥晡㥣戹㡤敥〱㠰㝡戱〰戶攸〰づ㝡㈵戴敥敤挲㈵收愷㌷㑦晦昶戴愷愰㠱搰昷挹㉦ㅦ摥㍢㔲戰㕢㍥愰㌲㍡ㄱ㐰㘷〵挰捤㐱つ㜴㐱攲愵摤戲㡥ㅣ㜴攳愲㙣㕦挳㠶〰㔰慤ㄶ㔹㉥挵㈴戲慥ㄶ愸㈳㜰㤱搹〸挵昲摡攸〶㙡㜴〷㠱㐵收㙡换挴㔹攴㤳㤸昳挹㈴㍤㐸㑥㈱挹㈶㌱㐹㜲㐸㑥㈵改〹〲㡢㝣愰慡㠹慢㙣㡢扣㕥慦㠹て㌶搴㙦㌲㜹㜵搸㔴㘷㐰摤敢㘱昴㘱收㝤㐱慡㍡㡣㝥㜶㈲㉤昲㈱戱〰搶挶〳㐰搹㕢㜵㔶挵ㄹ〳〸㘰㈰㠸㑡㠹昱㤱〷搹〰㘸㡦づ㡦〵昰愰づ㘰㐵晢搹㈳㥡捣㉤㌷㥢㝤㜶㤲㌸㘴昵〴昳㥢攷㕦扥戶挱〵㠳慢㥥戵ㄸ㑡〰挳㐰慡戴挸㘷㈱昱攵㔷㡦㕡㜹戰㙦㕢愵㑦㜰敤愰戴㐷搱㉡㔸慡〳搸ㄱ㝥㌵攷慦㡦㠶㙣㉣㝦愱捦搶㐹昵慦㌰㌳摦㥢㜹敦愴愲㉢㑤㈹戱摢摥㈲搲㌸㤷〰捥〳昱攴愰㡦㝣㍥ㄲ㉦捦昸昲晡㐱㜵㡥㌱㝤攲㤸㔸〰ぢ㜵〰摦慤ㅢ㌵晡挳昷捡捤攷㌷慥摦搸昸捡〹收慢〳㕦㝤㘱昹攴〱愶㤵扦㜵㔶㜶ㄷ㘵㡦㈴㠰㔱ち㐰㡣捤㠶㐵づ㈰昱敥挷摥つ㍥昵挸㔶㘸㠰ぢ晡㕣ㅡ㤸愷〳戸㈷戵挵㠵〷摣㔴㙥㌶ㄹ晦晤昳ㅦ扤㌲挱㝣㜳搹㤱㉢㍢敤ㅡ㕣昵慣㐵㤰〰ち㐰慡戴挸愳㤱昸㜶㘰晢〷ぢ慦㘲ㄵ㥣ㄸぢ攰㔶ㅤ挰愱㥢户戶㝦㘳㑡挸扣㜳昵㈹㍦ㅤ昵㐵㠵㤹㜹㐱挳挶ㄷ㡥改ㄹ㤱摣㙢捣㍥㤶〰㡡㐱攴攱㘵㡦㑡㤰昸敥摡㡦㑢㤶扤晦㍡〰㜰㘹㥤㑢〳搷敢〰㕡㥣搸攸捦つㅤ挲收㥣挱扥㤶㥤摢㔶㤸㘶慢攳㉢㑦㉢㙢ㅢ〱㤰愴㉣戱戲捣㈸㝢㍣〱㤴㉢〰㕥ㄶ㌹㠴挴ㄶ㙤愷摣㝥㙢改㤳〰搰㍡ㄶ挰㔵㍡㠰敥㐷㥢㙦昸ㅡ㠷捤㡢捥昹㘰搸攷㠳愰㠱㥢搷ㅣ晡摣㑢ㅤ㈲〰扣㌴㌰㤱〰㈶㈹〰㕥ㅡ㤸㡣挴㜶捦㝣㜲挶愴㌶㥢㌰㙢㤱〵〰搵㙡㤱攵㐲㍤㔴㠷㌱挵〲㈵㝤攴づ㈸㤶搷挶㐵愰挶㔴㄰㔸攴㡥㠸㑣㥣㐵扥㤸㌹㑦㈳㤹㑥㌲㠳㘴㈶挹㉣㤲㑢㐸㉥㈵戹っ〴ㄶ戹㡢慡〹敥昷ㅢ㤹戵㤸愴搷㠴昲っ搵ㄹ㔰昷㝡ㄸ㔷㌲昳慢㐰慡㍡㡣慢敤㐴㕡攴敥戱〰捡㜵〰㝦摢㐷扥㡥〰慥〷愹搲㈲摦㠰挴愸㡦摣㈳ㄶ㐰戱づ㐰㐹慥捥㑡㉥㘵㙦搵㔹挵ㅢ户㄰挰慤㈰㉡㈵〲㐴捤㌸㘳ㅥ昹㌶㈴慡挳㈷戸戲㑣㍥㡤搱㉡㈸㠸〷㠰捣㐱㔹㘴㜵㐶愴㜱㈷〱捣㔳㘵愸ㄴ摤㐷扥㑢㈵㠲摤㈷㝡挶〲ㄸ愵〳昸摢㍥昲〲〲㔸㘸㤷愱㙣戵收㈳㉦㐲㘲搴㐷收㜲㉦㤷〶捥搳〱晣㙤ㅦ昹㍥〲㔸ち㔲愵㐵㕥㠶挴愸㡦摣㉦ㄶ挰㌰ㅤ挰摦昶㤱㔷㄰挰㠳㈰昲昰戲㐷㉢㤱ㄸ昵㤱戹昰捡愵㠱㠱㍡㠰扦敤㈳慦㈱㠰戵ち㠰㤷㐵㝥ㄸ㠹㔱ㅦ㜹㔰㉣㠰扥㍡㠰扦敤㈳㍦㐶〰敢ㄵ〰㉦つ㙣㐰㘲搴㐷ㅥち〰搵㙡㤱㠷愱〰搸㌸㑣摦㕡愰晣戸挸㍣ぢ戱扣㌶㥥〰㌵㥥〴㠱㐵ㅥ㡥挸挴㔹攴㑡收扣㤱攴㈹㤲愷㐹㌶㤱㍣㐳昲㉣挹㘶㤲㝦㠱挰㈲㥦㡢挲㘵㔳㤰㍦挷搲㤳㐸㍡敢㌵昱㐳挶戴扥㔳敦㔸㘵慡㌳ㄸ昶㝡ㄸ㉦㌲昳㉤㈰㔵ㅤ挶㑢㜶㈲㉤昲〵戱〰摡改〰敡搴㥦㝦摥摤〵て㤸㈳㙦晡昳晢㉤㜳搶㤸ㄳ㍡慣㍢攰㤷攰㉤㔵捦㕡扣㐶〰慦㠳㔴㘹㤱摦㐰攲昵〵㉢㠲摢愶㝥〹敦㠰换㡥㕣ㅡ㘸愱〳㔰㤲慢戳㤲㑢搹㕢㜵㔶昱挶㍢〴昰㉥㠸㑡㠹戱挸敦㈱㔱ㅤ㍥㤱ㅢぢ愰愹づ㈰扦昲㤱㘶搳㙦㕦㙥戶敦㍥㝦昷愳晦㔹㘳㈶㡤㘹戴攰戳愲戹愶捣挱㙤㙦ㄱ㘹晣㥢〰㍥㔴㘵戸㌹攸㈳㝦㠴挴㥦㌷昶敦㜱改敢摦㘵晢〴㔷ㄲ戹㌴㜰㤴づ㐰㐹慥捥ち㝡攴慣散慤㍡愳散㑦〸攰㔳〵挰换㐷晥捣㑥㘴㤷挰挵㐰㉥〰㠷挴〳㐰搹㕢㜵㔶挰㡣㉦〹攰㉢㄰㤵愲㘶㥡敤㌷㝢㕦㍢〰㡣㡤〵㜰㐰㍣〰㘴㠱捡摡愸㌳㈲㡤敦〸㘰愷㉡㐳愵搸扥㈴挶散摦慢㐴戰晢〴㤷攵戸㌴㤰ㄱ㌷〰摢摥㙡㍥昲㑦〴昰戳㕤㠶㑡㔱摥㌴摥散晤㘲㈷ㄲ挰昸㔸〰愹㜱〳㔰昲愹㌳㌵昰〷〱散㔶㘵愸ㄴ㕤〳㝦慡㐴㙡㈰㤳敢㙤ㄸ㔱扦慥〸㈱㈸ㄷ搶㈶〳〱ㄷ搶㥥㡡㜸晣㤸㠰〸慢〴㘱㈵昰捤㥢㤱㠴晤戸㔳㉡㤰昴㡦搷㝢搰㕢㜶㉣㙡㘹攴摡攵扣㘵㈰㈶㈶㍦㈶㈶ㄸㄳ㤳ㄷㄳ㔳ㄸㄳ㔳ㄴㄳ㌳㈶㈶㘶㙣㑣㑣㐱㑣捣攸㈳摣㤸㑢㝡攲〷㕥㠳㤳挲晣㔹㠴㍡㙡㤹づ㝥挸挹㙢捤㡣扤㐶挴晤㕢つ㝢㔹扤挴搵ㅦ㝦㜷晤〸敦㤱ぢ㜷攲扢㜱㠸攳㜷愴晥换㘵㑥㉣㝢慦戲㤳挱㘷〸㌴愷搴㘴㤰ㄱ㤱㕤㘴慢㘹ㄳ㌱昱攷敦搱㤷〳㈸㔸ㅥㄱ㜳攵摥㔵晥搷㍤㤱搴㕦昷㠸摤戸㐹敤㉥敡昳㠹〹㘸昵㙣昹ㄶ敡㔴愰ㅥ㥤㜸搴㥥ㅢ㤰㠹摦㌴晣㡦ㅥ㜵搹搷㘷㍥晡㘰昶㍥昱晦敡挴㍦搱㠹摦〷晣〵㠹挷敦戵㜹㤹昸㐹㠳㝦㔱㤳〷晢㙣㥦戲㜶摦昰㝦㜴挲攷摡㍣㑤晤つ〰摦摡㝡㌸㤱㡤㈶㘶攳㌳昱扤㠶㕤㌶㡤㔹㙢捤㝤慡㝥愷ㄳ晢㘴㈷昶〳㠰㕤㙤搹㥡㐸昰晦攵愶㘹㘲㠷㕢搴愴晣㝤㡢晡㡤㔳搴㈹㑥㔱て㠲愸昳慤摤㘹ㄳ㈹㙡㘲昷晥ㄲ㕦挶㐸摥㜹摦㤲㝦攱㤴晣㈲愷攴㠷㐱昲㍢慡㐱昲〴㙤ㅡ㈶㍥㜳㡢扣慤㘲摦㈲㝦敡ㄴ㜹慡㔳攴愳㈰昲愲㙡㄰㌹戱㤵㡤敤搲挴㜶户昰㐹㑤昷㉤晣㌶愷昰ㄷ㍢㠵㍦ㄶ挲捦慢〶攱ㄳ㔴摦㤴晡摦㙥愹攳愹昲慤㑥愹戹㤸㔴㡥戵搵㡡㙣摡㐴㌱换愹㡢ㄳ愱㡢㙡敥搱摦㜵换〲ㄸ晢㌴换敦㘸戲挸㡤㐵㝤㜵㉦〱昲晤㙦敤㌱㐰㔷扤㑤㜲㡦戸㤶㘲㝢㉦㤳戶昷㐹㙥㠹㉡挴㝦昹㈷戸㠰㌷戶搲戹愲㔷敢㤱摢㠰扤挶ㅣ愲搷戴敡㡦摢㈱㝡㔵慦㝥慥㜲昶㠹㉢㈱〳㥢㠰搱㕥㤷昷ㅡ㑦㜹戹㠰㔸㤳户ㄳ敥愸㈹〷敡〵㑤摣戸ㅤ愸攷㜵㜱戹愶摡㈷慥㔳攲㜶搳挵扤挹㔳摣㥢㥤攲㥥㡣㍢㙡挴攱摡愴挹㡡〶㤸㤴ㄴ㡦挳昵戴㉥㉢㤷㙦晢挴㉤㑡㔶㔳㤷昵づ㑦㔹攷㍡㘵敤㠹㍢㙡愳㠳昶戸㕢㌵昱㌸㘸ㅢ㜴搵㜰㘱戹㑦摣愹㔴搳㐷㔷つ㤷㘸挷㍥攵㕣戳慤戵晡搳㜱挷㝥攰搰㍤ㅣ愳愹㌸ㅣ扡戵扡愶戸〲摥㈷戸㈸㕤摡㠷㠱扡愶戸㤶㍣㔶㔳㕣㕣慥㘹敡㑣摣㔱㥢ㅤ挰〷摤㉡㡡挷ㅢ㔸愱慢攸㈹愹㈲㉥㥢㤷㉡㍡㑢㔷搱晤㥥㉡攲昲㜷㑤㐵攷攰㡥晤挳㘱扣捦慤慣㜸ㅣ挶㈵扡戲昸㍤㠱㑦慣㔰捡扡㐰㔷搶㙡㑦㘵㜱愹扥愶慣㤱戸愳㤶㍢㤸昳摤㕡㡡愷㐹摤愳㙢㠹ㅦ㍤昸挴ㅡ愵愵㍣㑤㑢㤹㙢ㄱ㙢捤㕡㍥㡣愰㥣戵㥣㠷㥢昵㔹换㜵㉡攱㑥㉢㐱捥㕡ㄶ㈰ㅢ昱〸㤲㌴㜵ㄶ㈲慥㥡㝤搴摢摣敡㐰㘷戶㑦ㅦ昵㔶㑤ㅤ㤸㜵攲㔷ちㅡ敡㘲愰慥㌱㈷敢㈶つ㝦摣㑥搶㡤㑥晣㡦㌹昱㡦〳晥㥡㜲㥡慥搳攰挷敤㌴㕤敢㠴扦摥〹㍦っ昸㌵攲〴㕤慤㘱㡦摢〹扡捡㠹㝤㠳ㄳ晢㈴㘰慦㡤㑥捤ㄵ㙥㔱攳㜱㙡㉥㜷㡡晡戸㔳搴愹㄰㜵㍦㜰㔲㉥㠹㤱㍣づ㈷㘵㤶㔳昲㈷㥣㤲捦㠰攴戵搹改㤸敥ㄶ㌹㥥ㅥ㘲㥡㔳㘴㝥㥡愵㤹挴㑢㈱昲晥攱㐴㕣攴ㄶ㍥ㅥ㈷㘲㡡㔳㜸㝥㤲愶〹㍦ㅢ挲搷㜲愷㘰愲㕢敡㜸慡㝣㠲㔳敡㑤㤰㍡搶攱收ㄷ㜴㥡㉥慥㠱㉥慡戹㐷㉦㜷换ㄲ㑦㡦㍥㕥㤳挵攰户㠴㍥挱捦晢愴捦㝣〳㌰攳扦晣ㄳ捦㝢㑡挹捦昴㌴㈹㙦〶㝢㡤㜹〰㘳㌵㜹攳昶〰挶攸昲昲搳㐵㥦㜸㔱挹㝢扢㉥敦㉢㥥昲昲慢㐰㑤摥㍢㜱㐷㑤㜹っ昹㥡戸㜱㝢っ㜹扡戸晣㔰ㄲ㍦敥慡挴扤㐷ㄷ昷㉤㑦㜱摦㜶㡡扢㄰㜷搴㠸㠷㌱㐲㤳㌵㙥て攳〲㕤㔶㝥㤳㠹㑦㐳㤵慣㑢㜴㔹㍦昰㤴㜵慢㔳搶㘵戸愳㌶㝡㈴挳摤慡㠹挷㈳㌹㑢㔷つ扦ㄶ挵㌷愳㑡㌵㉢㜴搵昰扢换㔸㕢昶戱㔳㌵慢㜰挷㝥攰挱っ㡡搱㔴ㅣㅥ捣㐰㕤㔳晣慣ㄵ摦㤶㉡㑤慤搵㌵挵て㐴㘳㌵挵㉦㐶㌵晢昰〸敥愸捤ㅥ㑦㕦户㡡攲改晥晡攸㉡攲㠷户昸昸㔴愹㘸㠳慥愲ㅤ㥥㉡攲㌷慤㥡㡡㥥挴ㅤ晢㠷㠷㤴攳㔶㔶㍣ㅥ㤲愹㉢㡢ㅦ〹晢挴㜷㑡㔹㑦敢捡摡攵愹慣ㅦ㥤捡㝡ㄶ㜷搴㜲㡦慡扢㕢㑢昱㌴愹㙥扡㤶昸㈵㌳㝥て㔹㘹改㜹㑤㑢㤹㍦㈳搶㥡㘶昹〵㐱㌹捤搲ㄹ㌷敢搳㉣晣〶㔸㈶㜴戲ㄲ攴㌴换ㄶ㘴㈳㝥㐳㤲搶昶㕥㐶㕣㌵㍢㘵㔹㙥㜵挴攳㤴戵搳搴㠱㘹㤶摦㥤愸㕦〷敡ㅡ㜳戲㕡㙢昸攳㜶戲㕡㌹昱晦攱挴晦㌶昰搷㤴搳搴㕣㠳ㅦ户搳搴捣〹㝦户ㄳ晥晢㠰㕦㈳㑥搰昱ㅡ昶戸㥤愰愶㑥散㝦㍡戱㝦〸散戵搱愹㌹挶㉤㙡㍣㑥㡤摦㈹㉡㍦挶搷㥥敤㡦㈱敡㝥攰愴ㅣㄹ㈳㜹ㅣ㑥捡ㄱ㑥挹戹〳㠱㈶昹㝦㈰㜹㙤㜶㍡づ㜵㡢ㅣ㑦て㜱㠸㔳㘴㜶〲㥡挸㕦㐱攴晤挳㠹㌸搰㉤㝣㍣㑥㐴ㄳ愷昰挲㈹晣户㄰扥㤶㍢〵㡤摣㔲挷㔳攵㤹㑥愹㔳㈰㜵慣挳捤㙤㌱戴㠶戰ぢ扡愸收ㅥ㍤挳㉤㑢㍣㍤㝡㍤㑤ㄶ昹愳㑤㍥㤱〶攴㜲㥡攵ㄷ㘰挶晦挸㌴㑢㍤㑦㈹戹昷㠶㈶攵敦㘰慦㌱て㈰㐵㤳㌷㙥て愰慥㉥㉦昷㈳昱㠹晡㑡摥扦㜴㜹ㅢ㜹捡换慤㍥㌴㜹㐵㙡捤㜹っ㝦晤ㄶ㕤㡤ㅤ户挷昰㈷㙥㔲慢戱攵慦㙤昹㐴㘳㈵㙥ち挰摢搵㝢戰愷戸摣㔸㐴ㄳ㌷ㅤ㜷搴㠸㠷昱㡢㈶㙢摣ㅥ挶捦扡慣摣㘸挵㈷づ㔵戲㘶攸戲ㅥ改㈹敢㔱㑥㔹ㅢ攲㡥摡攸㤱散㜴慢㈶ㅥ㡦攴㍢㕤㌵摣〲挶㈷㡥㔶慡㘹慣慢收㌸㑦搵㌴㜵慡收㈰摣戱ㅦ㜸㌰㕦挶㘸㉡づて收ぢ㕤㔳挹昰㕦㝣攲㜸愵愹挳㜴㑤㌵昷搴ㄴ户㠱搱ㅥ㤸㈳㜱㐷㙤昶㜸㍥㜶慢㈸㥥敥㙦扢慥㈲敥愶攳ㄳ㉤㤵㡡㡥搱㔵搴搶㔳㐵摣愸㐶㔳㔱㔳摣戱㝦㜸㐸ㅦ戸㤵ㄵ㡦㠷昴扥慥㉣敥晣攳ㄳ㔹㑡㔹捤㜴㘵㜵昲㔴ㄶ㌷搵搱㤴搵ㄲ㜷搴㜲㡦敡㑤户㤶攲㘹㔲㙦攸㕡慡㈷戵搴㐵㘹愹慤愶愵㑣敥攷㠳晦晣〶慦ㅢ捥㜲㌶攵㔵摣慣㑦戳㜰㘳ㅦ㤹昰㡡㤵㈰愷㔹摡㈳ㅢ㜱ㄲ㤲㌴㜵㜶㐴㕣㌵㍢㘵㉦扡搵ㄱ㡦㔳昶㠲愶づ㑣戳㥣散㐴摤ㄵ愸㙢捣挹晡㤷㠶㍦㙥㈷㙢戳ㄳ㝦て㈷晥㤳㠱扦愶愶㔹㌶㘹昰攳㜶㥡㥥㜶挲㍦挵〹摦〴晣ㅡ㜱㠲㉡㌵散㜱㍢㐱㑦㍡戱㘷㍢戱昷〲昶摡攸搴㙣㜰㡢ㅡ㡦㔳戳摥㈹慡改ㄴ戵㉦㐴摤て㥣㤴㐷㘲㈴㡦挳㐹㔹攷㤴㍣挷㈹㜹㝦㐸㕥㥢㥤㡥㌵㙥㤱攳改㈱ㅥ㜲㡡捣㑤搴㌴㐳㍥ㄸ㈲敦ㅦ㑥挴㑡户昰昱㌸ㄱて㍡㠵敦改ㄴ㝥ㄸ㠴慦攵㑥挱晤㙥愹攳愹昲攵㑥愹晢㐰敡搸㘹ㄶ敥㜵愷㌵㠴㜳愱㡢㙡敥搱㤷戸㘵㠹愷㐷㕦慣挹㘲ㅣ㈸ㅤ㥣㝥㐰㉥愷㔹㐶〰戳㍤づㅦ攰㈹㈵㌷搴搳愴ㅣ㠵㍢㙡捣〳戸㐷㤳㌷㙥て攰㙥㕤㕥㙥㌲攸ㄳ㠳㤴扣昹扡扣㐳㍤攵攵晥㝤㥡扣愳㜱㐷㑤㜹っ户㙢攲挶敤㌱摣愶㡢㝢戸ㄴ昷㉣㈵敥㔸㕤摣㜳㍤挵攵㙥㠱㥡戸愵戸愳㐶㍣㡣ㅢ㌴㔹攳昶㌰慥搷㘵攵敥㠹㍥㜱扥㤲戵㕣㤷㜵愴愷慣愳㥣戲㔶攰㡥摡攸㤱㕣攵㔶㑤㍣ㅥ挹㤵扡㙡戸慦愳㑦〴㤴㙡㈶敢慡〹㝡慡㠶㕢㈶㙡捤㘰㉡敥搸て㍣㤸㑢㘲㌴ㄵ㠷〷㌳㑢搷ㄴ㌷愰昴㠹搱㑡㔳㌳㜴㑤㡤昵搴ㄴ昷㜶搴㌴㜵〹敥愸捤ㅥ捦㔴户㡡攲改晥㉥搲㔵挴㉤㌲㝤愲㐴愹攸ち㕤㐵攳㍤㔵挴摤㈷㌵ㄵ㕤㠵㍢昶てて愹挲慤慣㜸㍣愴戰慥㉣㙥攷改ㄳ㈱愵慣㙢㜵㘵㑤昴㔴ㄶ㜷捡搴㤴㜵〳敥愸攵ㅥ㔵愹㕢㑢昱㌴愹ㄲ㕤㑢摣㜳搴㈷㈶㉢㉤摤愲㘹㈹㤳㥢㜴攲㍦愷㔹㉥挲㔹捥愶㡣挱捤晡㌴换㔴㤵㔰㘴㈵挸㘹㤶摢㤱㡤戸ㄸ㐹㥡㍡攷㈲慥㥡㥤戲愰㕢ㅤ昱㌸㘵昹㥡㍡㌰捤㌲捤㠹晡㙥愰慥㌱㈷㉢愰攱㡦摢挹ㅡ攵挴㍦摤㠹㝦㈱昰搷㤴搳㌴㐲㠳ㅦ户搳㜴㠱ㄳ晥っ㈷晣㈵㠰㕦㈳㑥搰戹ㅡ昶戸㥤愰㜳㥣搸㘷㍡戱㉦〷昶摡攸搴㥣攵ㄶ㌵ㅥ愷㘶㤸㔳㔴㙥㥢慢㍤摢て㐲搴晤挰㐹㌹㌳㐶昲㌸㥣㤴挱㑥挹㉦㜱㑡晥㄰㈴慦捤㑥挷〰户挸昱昴㄰晤㥤㈲㜳㘷㘴慤戲搷㐱攴晤挳㠹攸攷ㄶ㍥ㅥ㈷愲慦㔳昸换㥣挲慦㠷昰戵摣㈹㌸捤㉤㜵㍣㔵摥换㈹昵㤵㤰㍡㜶㥡㠵ㅢ㔸㙢つ愱ㄲ扡愸收ㅥ摤㜴换ㄲ㑦㡦㥥慤挹㘲㜴㤱づ捥搵㐰㉥愷㔹㌶〱戳㍤捤㜲㥤愷㤴摣㈵㕢㤳㜲㌳敥愸㌱て愰㥢㈶㙦摣ㅥ㐰㔷㕤摥敥㔲摥ㅢ㤴扣㉦攸昲摥攲㈹㉦㌷攵搶攴㝤〹㜷搴㤴挷搰㕥ㄳ㌷㙥㡦㈱㑢ㄷ户㠷ㄴ昷㌶㈵敥㙢扡戸㜷㝡㡡㍢捦㈹敥㥢戸愳㐶㍣㡣㤶㥡慣㜱㝢ㄸ㉤㜴㔹戹㈵扡㑦摣愵㘴㝤㔷㤷㜵㠱愷慣摣㙤㕣慢摡て㜰㐷㙤昴㐸㥡扡㔵ㄳ㡦㐷㜲㥣慥㥡㥥㔲㌵㡢㤴㙡㍥搲㔵㜳㥦愷㙡戸て扡愶㥡㡦㜱挷㝥攰挱ㅣㄹ愳愹㌸㍣㤸㈳㜴㑤㜱㔷㜹㥦㔸愶㌴昵ㅦ㕤㔳㉢㍣㌵挵つ摢㌵㑤㝤㠹㍢㙡戳挷㜳㤰㕢㐵昱㜴㝦〷敡㉡攲扥昷㍥戱㔲愹㘸㠷慥愲㌵㥥㉡攲㤶昲㥡㡡㜶攲㡥晤挳㐳㙡攸㔶㔶㍣ㅥ㔲〳㕤㔹摣愳ㅦ㍦㍢慣㤴昵愳慥慣挷㍣㤵挵敤敦㌵㘵晤㠲㍢㙡戹㐷㤵敥搶㔲㍣㑤㉡㑤搷ㄲ㝦㐸〰㍦㑤慣戴昴㠷愶愵捣挷ㄱ㡢晦㥣㘶㜹〲㘷㌹捤㔲ㄷ㌷敢搳㉣㑦慡㠴㍡㔶㠲㥣㘶昹ぢ搹㠸㑡㈴㘹敡㑣㑡慢㜶愷㙣捦慦搱㌵愸戲㈷㡢挷㈹晢ぢ㌷愹㌵愸㤸㘶搹攸㐴㕤ㄷ愸㙢捣挹晡㐳挳ㅦ户㤳昵扢ㄳ晦㔳㑥晣改挰㕦㔳㑥搳㉦ㅡ晣戸㥤愶㥦㥤昰昹㜳ぢ㕡愳挹〰晣ㅡ㜱㠲㜶㘹搸攳㜶㠲㝥㜰㘲摦攴挴㥥〹散戵搱愹昹捥㉤㙡㍣㑥捤户㑥㔱昹㕢ㄸ㕡㌵㌵㠱愸晢㠱㤳昲㜵㡣攴㜱㌸㈹㕦㌹㈵㝦搶㈹昹㈱㤰扣㌶㍢ㅤ㥦扢㐵㡥愷㠷昸㡦㔳㘴晥摣㠹㔶搹㐷㐰攴晤挳㠹昸挴㉤㝣㍣㑥挴挷㑥攱晦攵ㄴ摥て攱㙢戹㔳昰㤱㕢敡㜸慡晣㐳愷搴㉦㐲敡搸㘹ㄶ晥㉡㡤搶㄰㡥㠷㉥慡㜹㥡攵㝤户㉣昱昴攸敦㘹戲ㄸ攷㑡〷攷㈵㈰㤷搳㉣捤㠱搹㥥㘶㜹捤㔳㑡晥昴㡤㈶㘵㉢摣㔱㘳ㅥ挰ㅢ㥡扣㜱㝢〰慦敢昲㕥㈰攵㝤㐳挹摢㑥㤷昷ㅤ㑦㜹昹㑢㍢㥡扣ㅤ㜰㐷㑤㜹っ㕢㌴㜱攳昶ㄸ㕥搴挵攵㡦て昹挴㝢㑡摣㉥扡戸晦昶ㄴ昷㐳愷戸摤㜱㐷㡤㜸ㄸ捦㙡戲挶敤㘱㍣愳换捡摦㌹昲㠹㡦㤴慣愷攸戲㝥攲㈹㉢㝦㐲㐸慢摡ㅣ摣㔱ㅢ㍤㤲㈷摤慡㠹挷㈳㜹㐲㔷つ㝦㠱挹㈷㍥㔳慡㌹㑤㔷捤㤷㥥慡攱㡦ㅢ㘹慡改㡢㍢昶〳て收㤱ㄸ㑤挵攱挱慣搳㌵挵㥦㡡昲㠹慦㤵愶晡敢㥡晡捥㔳㔳晣ㄵ㈶㑤㔳㠳㜰㐷㙤昶㜸㔶戹㔵ㄴ㑦昷户㔲㔷ㄱ㝦捣捡㈷扥㔷㉡ㅡ慡慢攸㈷㑦ㄵ昱㜷愲㌴ㄵつ挷ㅤ晢㠷㠷戴捣慤慣㜸㍣愴愵扡戲昸挳㕢㍥昱㡢㔲搶㜹扡戲晥昰㔴搶㙥愷戲㐶攰㡥㕡敥㔱㉤㜴㙢㈹㥥㈶戵㐰搷ㄲ㝦ㅤ捣㈷晥㔴㕡ち攸㕡愲㍦㜲㈲㍥㝡㌴㜲ㄱ㉢昸敢㐹㤵㜰扤㔲昳㜰㌵搳晡敤㠹摥㘵攵挱扣㐰㈸ㅣ㥡摡扢愸㌴㔰摣㝡攸昶つ㉢〲慤摢户ㅥ㕣戸㘹㘱㘹敢昰愶ㄵ㜹㠵慤〷ㄶ㙥㕡㔳搲扡㘴晢㠶挵㜹慤挳㐵㥢㤶㔷戴㤹㔴ㅣ㥡㌴㔵戲昸㈵㡢㝦㕣攱收㔵㥢ㄷ㤴㡥昶㙦㕡㔰敡捦㥡㍡㜰昰㜰㝦捦挲㈲㐴㙦㕡㌱戲搷搹㐳晣捤捥搹戴㜰戲㍦㝦晢㠶搵攰㜹收㠶敤敢㔷㡣㙢㙥戴㈳戴㉣㄰㌱ㄷㄲ昵挲慦㠹搱㌱愴て攵扤敤㉤ㄸ敦搰㐵㉦㠴ㅣ扥㌴晥昴㠰昴㈸搳㜱慥㝢搲㝦昱㙢〶晣㤱㈹愳〸㤹ㅡ㘳㐸挶㤲ㄴ㤳㤴㠰搴慦㤳挶㑤晦ㄳ㔸㔲㈹戳㉥㈳ㄹ㐷㌲㥥愴ㅣ〴㈵㜱扦晤〴㤶ㄴ㘲搶㘱㤲ち㤲〹㈴ㄳ㐱㔰㤲㤹搸㤲㈶㌱敢挹㈴㔳㐸㉥㈲㤹ち㠲㤲戸㜹㝣〲㘵扡㤸㔹㑦㈳㤹㑥㌲㠳㘴㈶〸㑡攲收敢〹㉣㘹ㄶ戳扥㠴攴㔲㤲换㐸㉥〷㐱㐹摣挳㍣㠱㈵㕤挱慣㘷㤳㕣㐹㜲ㄵ挹搵㈰㈸㠹ㅢ㠰㈷戰愴㌹捣晡ㅡ㤲㙢㐹慥㈳戹ㅥ〴㈵㜱ㄳ敤〴㤶㜴〳戳扥㤱攴㈶㤲㥢㐹㙥〱愹㕦㐷㜰㥦㙤㘹㥥㙥挵㜵ㅡ昷戶㑣㘰戹户戱愰摢㐹敥㈰㤹㑢㜲㈷〸㈴攴慥㤲〹㉣㘹ㅥ戳扥㡢攴㙥㤲㝢㐸收㠳愰㈴㙥攸㤸挰㤲ㄶ㌰敢㠵㈴㡢㐸敥㈵㔹っ㠲㤲戸㥤㘲〲㑢㕡挲慣敦㈳㔹㑡戲㡣㘴㌹〸㑡攲敥㠴〹㉣改㝥㘶晤〰挹ち㤲〷㐹㔶㠲愰㈴敥敥㤷挰㤲㔶㌱敢搵㈴て㤱慣㈱㔹ぢ㠲㤲戸㐹㕥〲㑢㝡㤸㔹慦㈳㜹㠴攴㔱㤲挷㐰㔰ㄲ㜷㤸㑢㘰㐹敢㤹昵〶㤲挷㐹㥥㈰㜹ㄲ〴㈵㜱㤷戶〴㤶㔴挹慣㌷㤲㍣㐵昲㌴挹㈶㄰㍣挷摣挸㑤㍥挷捦攰㍡㡤㥢愷㈴戰摣㘷㔹搰㘶㤲㝦㤱㍣㐷昲㍣〸㈴攴戶㈵〹㉣改〵㘶晤㈲挹ㄶ㤲㤷㐸㕥〶㐱㐹摣㌱㈴㠱㈵扤挲慣㕦㈵㜹㡤攴㜵㤲㌷㐰㔰ㄲ昷敢㐸㘰㐹㙦㌲敢户㐸摥㈶㜹㠷攴㕤㄰㤴挴敤㉦ㄲ㔸搲㝢捣晡㝤㤲て㐸戶㤲晣ㅢ〴㈵㜱晢㠸〴㤶昴㈱戳晥㠸㘴ㅢ挹㜶㤲㡦㐱㔰搲㌱㠹㉤改ㄳ㘶晤㈹挹㘷㈴晦㈱昹ㅣ〴㈵㜱ぢ㠳〴捡昴〵戳晥㤲攴㉢㤲慦㐹扥〱㐱㐹摣〶㈰㠱㈵敤㘰搶摦㤲㝣㐷戲㤳攴㝢㄰㍣挷摣㈹㐰㍥挷㍦攰㍡㡤㕦攷㈵戰摣㕤㉣攸㐷㤲㥦㐸㝥㈶昹〵〴ㄲ昲扢戸〴㤶昴㉢戳晥㡤攴㜷㤲㍦㐸㜶㠳愰㈴㝥㤲㤶挰㤲晥㘴搶㝦㤱散㈱㐹挲〸挴㄰㈰㈸㠹ㅦ㠴㈵戰愴㘴㘶㕤㠷愴㉥㐹ち㐹㉡〸㑡攲昷㔵〹㉣㈹㡤㔹愷㤳ㄸ㈴㍥㤲㝡㈰㈸㠹摦㈷㈵戰愴っ㘶㕤㥦愴〱㐹㐳㤲㑣㄰㤴挴捦㝣ㄲ㔸㔲㈳㘶㝤〰㐹㘳㤲㈶㈴〷㠲愰㈴㝥㈳㤳挰㤲づ㘲搶〷㤳ㅣ㐲㜲㈸挹㘱㈰㈸㠹摦㤹㈴戰愴挳㤹昵ㄱ㈴㐷㤲ㅣ㐵㜲㌴〸㥥㘳㝥㡡㈲㥦㘳㍦慥搳戸晣㌳㠱攵ㅥ挳㠲㡥㈵㌹㡥愴㈹挹昱㈰㤰㤰ぢ㉦ㄳ㔸搲〹捣晡㐴㤲㘶㈴捤㐹㕡㠰愰㈴慥㜹㑣㘰㐹㉤㤹㜵㉢㤲搶㈴㙤㐸摡㠲愰㈴慥㌸㑣㘰㐹敤㤸㜵ㄶ㐹㝢㤲づ㈴ㅤ㐱㔰ㄲㄷ昰㈵戰愴㑥捣扡㌳㐹ㄷ㤲慥㈴摤㐰㔰ㄲㄷ挰㈵戰愴敥捣晡㈴㤲㤳㐹㝡㤰㥣〲㠲㤲戸㡥㉣㠱㈵㘵㌳㙢㤳㈴㠷攴㔴㤲㥥㈰㈸㠹㡢戰ㄲ㔸㔲㉦㘶㝤ㅡ㐹㙦㤲㍥㈴㝤㐱㔰ㄲㄷ㌲㈵戰愴㝥捣晡㜴㤲㌳㐸晡㤳っ〰挱㜳捣戵㑥昲㌹ㅥ㠸敢戴收攸㘲ㄲ㔸敥㈰ㄶ㌴㤸攴㑣㤲㈱㈴㐳㐱㈰㘱扢挴㤶㌴㡣㔹㥦㐵㌲㥣攴㙣㤲㜳㐰㔰㔲㤷挴㤶㜴㉥戳㍥㡦攴㝣㤲ぢ㐸㐶㠰愰愴㔳ㄲ㕢搲㠵捣㝡㈴挹㈸㤲〰㐹㉥〸㑡㍡㉤戱㈵攵㌱敢㝣㤲㈰㐹〱挹㘸㄰㤴搴㍦戱㈵ㄵ㌲敢㈲㤲㌱㈴㘳㐹㡡㐱㔰搲搰挴㤶㔴挲慣㑢㐹捡㐸挶㤱㡣〷㐱㐹攷㈵戶愴㜲㘶ㅤ㈲〹㤳㔴㤰㑣〰㐱㐹㠱挴㤶㌴㤱㔹㑦㈲㤹㑣㌲㠵攴㈲㄰㍣挷戹㈸㐹㉥㜹㔸㐴㙡ㅤ愲㄰戱ㅤ㌹〳㝥㌱戸㠸攵㍥愴愶ㄴ㈱昴摦捣㘱攳㙤㐰㔲扤㤲㝥愵攳㉡挲挳〳挵ㄵ挱㡣㤲㘱㠱昲搱挱挸㐵扤㤲㈱㠱搲搱㐱㤹〰扥搴搴㔴㑥㜹慢攳慢昱㍦㝣昲搷㡥愹昶㉦㕢㡢㌱挰㐲㍣敡㜰㌲㍣㔶㈹挶㔶挱愰㙥㄰挵㔵㌰㐴收昷ㅦ换ㄶ㈵㝢㘵㜸㍥㕢㤴㕡っ扦㑦ㅢ昳㜸昸愶愵搹㑥っ捦㔷㡡㌲㡢攱扤㤷㝦ㄹ晡挹攲晢㕤っ〰㌹捥㘲㔰㡢ㅥ㔴づ㌶挸昱ㄶ㐳晦㉥㔷收㡣晡㙣㤵㍢㠷㙣㔱㙥㌱㥣昴搱愰㙢㙥㉢㝤挸挵〰㤰㈱㡢㘱昷戲敦㕦ㅦ㤰扢㉡㝢敤㜱㜷㌷戹晡昸搹㔱㑤㠶㉤㠶㤳慤ㅣㅡ搴㝢戰愲捤慥㔹ㄶ〳㐰㔶㔸っ㙡愹㐲っ挸〹ㄶ挳晡㝥ㄹ挹㉤慦㔸㤷摤㉡愷昸昸昳㕡慡摦㘰㠷㈶㈷㕡っㄱ㐵㍤㥡晤摣㠷㜷捤㘹戰扤㔸㘱挸ㄶ㤳㉣〶㈹㜷攱㉡㜳挶敦㡢扥㥣㥤㝥㤰㘲愸ㄴ㤳㜵㠶㡡㠷捣㌷挵ㅤ㘹挷昴㉥㠹㠲㥣愲㌳攰㘷㜶㘳㐰㕥愴㌳㕣户捥っ㘷㘵㉣㥣㌰敦㌲㤵㐳戶㤸慡㌳捣㝢搴晣戹昹搱慦敦㜸㙡㡥挲㤰㉤㉥搶ㄹ㤲㐶㤹㍤㥦㍥愸挷㔹搳愷㉢㠶㑡㌱捤挱㤰㙢㜶晥㜴攲㡡㐰㠷㘹慡㠸㑡㌱摤挱㤰ㅦぢ㜲㠶㠳愱挰㥣昲挱愱换㉥㝦昰㈲㤵㐳戶㤸改㘰㈸㌴㜷㡡ㄷ㝥ㅡㅤ㥥愲㌰㘴㡢㔹ㄶ㐳愴ㄵ㘷㤹㡦摦㔴㍡攵捥㝥ㅡ㐸扥㉣攰㠳昳搲ㄶㅥㅤ捣㌷㘷戵㙢晢搲攱ㅡ㐸扥㐸㠸㍥㔹㥤㘳㐱㕥㘶㌱㜴㤰㐷㔷㌳㍤戰昶昶㜶ㅢ㌵㤰㝣〱挱ㅣち攴搱摤昴て㥥㌰㈰昷㐶つ㈴摦㈵搸㐵捣ㄸ㙦㙥㕤摣㜰昸㥡㍥ち〳ㅥ㥣搹㍡挳慡㤰昹㘹㍤㜱攴㝢㜳㉦㔶㝡愸ㄴ㔷敡っ㜸㉦ㄹ㔳摤㔷改っ㤹㤳捣ㅦ摦昹㘴㜹搳ㅣ㘵㐰搰㈶慦搶ㄹ捣㈹收㕦㍤摥ㅡ㝦晡捤㑡ち㍣㌸㜳㜴㠶㈴扦搹昹挴敦ㅥ摣㌱㑤㘱〰挸㙢ㅣっ挷㥡㌷㙥ㄹ搷㙦㐲㘷挵㠰〷攷㕡〷㐳搳㔸㤰搷㌹ㄸ㑥㌰㝢ㅦㅣ㥥㜶挵㘲つ攴昵づ㠶㘶收挲挷㝦㍡㈴㜳㠴㘲〰挸ㅢ㜴〶㘸㜲搶㐳㙦ㄶ捥扢㔷㘱〰挸ㅢ㜵〶㘸戲昳㡤㜹㑢〶昴㔳っ〰㜹㤳捥攰愵挹㥢㜵〶㘸㜲攱㤹㌳㡦㔹㜵愳挲〰㑤摥愲㌳㐰㤳挳戳㌲㐷〶扡㈸〶㠰扣ㄵっ戲㡦㌹㕢敦㘳㙥搳㙦挳㠳摦㉡攷慤㙢㡤㕥㡢㔴㔳慥ㄴ户敦㤵〱搰敦愸㠲挱戶㥥㜳慢㘰戰㑤晣㥤㝢㘵〰昴㜹ㄶ㠳㌲昱敦户挸㍥敦㠰昳ㄷ㐷㐱摥㘵㌱㈸ㄳ㕦㕣攷捡挳摡昴扡㌷摡㔲敦戶ㄸ㤴㠹㔷㘲摡㈰敦戱ㄸ㤴㠹㝦敡戰㈳慥㈹㍡㘷愱捡㈱㕢捣户ㄸ㤴㠹敦晤搳㤵㉢捦㥣扥㐰㘱挸ㄶぢ㉣〶㘵攲㔵ㄱ敡㑤戵㔸㘸㌱㈸ㄳ敦㘴㠰㈶昹捡㠶て愴㌲昱㡡挱〶挹搷㌹㘴㠸㥡㜸扤戲搰〸ㄶ㕢っ捡挴慢ㅣ㉣っ搹㠲㙦㙤散㘷ㅥ㈶摥挵㔰㈹昸㐶挷㘶㠰㠹㜷㌲〰攴㔲㥤〱㈶㕥㌱搸㈰㤷改っ㌰昱㡡挱慥敥攵㍡〳㑣扣㤳〱搵㝤扦捥〰ㄳ敦㘲愸ㄴて㌸ㄸ㜲㕤っ〰戹挲挱㤰㙦㌳搸㈰ㅦ㜴㌰ㄴ搸っ㌶挸㤵づ㠶㐲ㄷ〳㐰慥戲ㄸ㈲㜷㘴㤹㤷㑦㜸晡昴晢ぢ㔴㠳挱㌳扦摡㘲㔰㈶晥敤て㕥㉣㍥敦㉤挵〰㤰て㌹㡡攸㙣ㄷ㘱㠳㕣㘳㌱㈸ㄳ㝦搱㤲て㔷㍤晡㤰㝡㌶㔱摤㙢㉤〶㘵攲㕦慥昷挵敢愳㡦㔱捤ㅥ㈰ㅦ搶㡢㠰㘱捡ㅦ㜱搱㉥昳㔹㠵〱㈰搷改っ㌰㑣晤〶㌵换㔹㕣搷㉥愲㔲㍣愲㌳挰㌰愹扡戰㐱㍥慡㌳挰㌰㘵㜴㤸戵戵攴ㄲ㍢㠷㙣昱㤸捥〰挳昴㙤搳戶㉤㕥㝦㕡㌱〰攴㝡㥤〱㈶㝥㕢㡢扢捦ㄹ昳㤱〶㜲㠳㠳攱㔸戳敥扡挷㜶㍤搶㐸攵〰㑤㍥敥㘰㘸ㅡぢ昲〹〷挳〹收㠰㉤㍢㥢㥦㍢挱捥㈱㕢㍣改㘰㘸㘶㔶㥣㥤昱散搲愵㡡〱㈰㉢㜵〶㉦㑤㙥搴ㄹ扣㌴昹㤴捥攰愵挹愷㜵〶㉦㑤昲㘵㥡晤㙣㝡㘹㤲㙦搷㘲㑤晣戳晡㙤愸户扦㔶㑦ㅥ搲攰㤶㈵捡㜲㔵ち扥㍢戳昳㡤㘱㠰㝥昹㕥捤㡢挱㙥〴捦㔵挱㘰㍦㑥捦敦㤵〱晡㝤挱㘲㔰㈶㝥昹戲㜷㍥㝣慡摥戲㈸挸ㄷ㉤〶㘵攲㘷慥㝤㜷晢捡愷敥㔳〶扡㔲㙣戱ㄸ㤴㠹㔷㘲摡㈰㕦戲ㄸ㤴㠹敦㜵昲扣㉦㕦㥥愵㝡ㄱ㍣㑥㉦㕢っ捡挴扦㤴搶昴㥣ㅥ戳戵挷改ㄵ㡢㐱㤹㜸㔵㐴㐴㑣㍣㑥慦㕡っ捡挴㍢ㄹ愰挹搷㉣〶㘵攲ㄵ㠳つ昲㜵㡢㐱㤹㜸挵㘰㙢昲つ㡢㐱㤹㜸㈷〳㌴昹愶挵㈰戳㠴㠹㜷㌱㔴㡡户㜴〶㤸㜸㈷〳㐰扥慤㌳挰挴㉢〶ㅢ攴㍢㍡〳㑣扣㘲戰㐱扥慢㌳挰挴㍢ㄹ〰昲㍤㥤〱㈶㍥㝢搷晡㥢〶つ搷摡攴晢づ㠶㕣昳敥㈱㠷敤㝡戰㐲㌱〰攴〷づ㠶㝣扢〸ㅢ攴㔶〷㐳㠱㌹愲搱㝢慢㑢搶摡㌹㘴㡢㝦㍢ㄸち捤㈷挶㜵㙤昴搲ㅢ㡡〱㈰㍦戴ㄸ㈲㘲㘵㤹搷摥搲昴昹戹ㄹ㌶㐳愵昸挸㘲㔰㈶㝥昳㜱慦㕣昳收㘰挵〰㤰摢ㅣ㐵㜴㡥〵戹摤㘲㔰㈶扥㠳搹昴攰扥敦搹㌹㘴㡢㡦㉤〶㘵攲挷扣晣昲〷㌳㡦㔴捤ㅥ㈰昹〶搲㝥㌶㘱㤸〶㙤㌸愲挹ㄷ扤㔵づ㘸㤳㝣㍢㘹㌳挰㌰㉤敥㝣㐶㠷㍦㑡ㄴ〳㐰㝥愶㌳挰㌰愹捡戲㌵挹户㥡㜶づ㌰㑣㐳㕢㉦ㅤ㝦捣攳㜶づ搹攲㜳㥤〱㠶改晥愵㙦㕦摦昱ㄳ挵〰㤰㕦攸っ㌰昱㑦㠴〶捦晣㜹扣捤㔰㈹扥㜴㌰ㅣ㙢㙥㍤攰戳愲㔹㤷㈸〶㠰晣捡挱搰㌴ㄶ攴搷づ㠶ㄳ捣挳捦㙣㜰搲摣㈵㜶づ搹攲ㅢ〷㐳㌳戳晢捥㠵挷㥤昰愸㘲〰挸ㅤ㍡〳㌴㜹搰㉢愱㜵㙦ㄷ摡っ㤵攲㕢㥤〱㥡㥣扤㜱挲愵㍦㑣㔳っ〰昹㥤捥攰愵挹㥤㍡〳㌴㌹㙥搱㔴㝦㡢晢敤ㅣ戲挵昷㍡〳㌴昹改捤搳扦㍤敤㈹挵〰㤰㍦㠰㐱㥡㜸挷㑣搱㉥晤㌶搴摢〷ㅢ敡㌷㤹扣㍡ㅣ戵㥥㍦敥㤵〱搰㝦慡㠲挱㙥〴㍦㔷挱㘰㍦昳扦散㤵〱搰㝦戵ㄸ㤴㠹㡦〱昹㥢挵愰㑣扣㤳〱㈰㝦户ㄸ㤴㠹㔷っ㌶挸㍦㉣〶㘵攲ㄵ㠳つ㜲户挵愰㑣扣㤳〱㈰晦戴ㄸ㤴㠹㙦昶搹㐹攲㤰搵ㄳ愲㥡晣换㘲㔰㈶晥攲户敡㡥㍢㙦慤㍤捤㔲㈹昶㔸っ捡挴慢㈲㙣㤰㝣〹捣挷㐹㤹昸㝢ㅦ㥥扤㘳昱搲㤰敡挹戲〵㕦㄰㤳㐱㤹昸ㄵ敤㘷㡦㘸㌲户㕣㘱挸ㄶ㝣搷㙢㍦㤰㌰昱㍢挲慦收晣昵搱㤰㡤ㄱ㌱昱捣昳㍤戰捤〰ㄳ摦慢㐷㠷戴㕤㍦㡣㔴㐵㔴ち扥㈳戶ㄹ㘰攲㘳㐰昲晤戱捤〰ㄳ摦㙥搸㠹㙢づ㕢㌳㐳攵㤰㉤昸㙥搹㘶㠰㠹㉦㝦愱捦搶㐹昵慦㠸㠲攴㙢㘲㥢〱㈶晥昹㡤敢㌷㌶扥㔲搳㈴㕦㈱㐷ㄹ㜲捤㌳㑦挹ㅦ搳晢㉥㑤㤳㝣扤ㅣ㘵挸㡦〵挹㔷捦㔱㠶〲㌳搸敤㤱㈷敥㝦㔶搳㈴㕦㑢㐷ㄹち捤敦搶㡤ㅡ晤攱㝢㥡㈶昹㠶㤹っ捡挴㌷ㄹ晦晤昳ㅦ扤愲㠱攴摢㘷㌲㈸ㄳ㍦昱搶㍤愵て㙣搴㐰昲捤㜴戴㠸捥戱㈰昹搶㥡っ捡挴昷搸㝥昸㘳愷㉤搴㐰昲㡤㌶ㄹ㤴㠹扦㈷戵挵㠵〷摣愴㠱攴换㘹扢〸ㄸ愶㍢㔷㥦昲搳㔱㕦㈸っ愸㙥扥戸戶ㄹ㘰㤸㌶㜴㕥㔲㜷㑢㝦挵㠰〷㠷㉦戵㙤〶ㄸ愶㤸敡收ぢ㙦㥢〱㠶改㌷戳攲戸ㄳづ㔲〶〴扥ㄱ㕦㠶摢っ㌰㑣㠷㙥摥摡晥㡤㈹㑡ち㍣㌸㝣慦㙤㌳挰挴捦ㄹ散㙢搹戹慤挲〰㤰㝣攷ㅤ㘵㌸搶散㤴㍡攷㥥戳㜷摡㐵㔴ち扥て㡦㌲㌴㡤〵挹㜷攵㔱㠶ㄳ捣㑢挶㕦㌷㝢㙥戹㥤㐳戶攰㝢昴㈸㐳㌳戳挵㠹㡤晥摣搰㐱㌱〰㈴㕦㠹摢っ搰攴㐵攷㝣㌰散昳㐱ㅡ㐸扥㉥户ㄹ愰挹㌶㔷㠵㍢慥㑡㔲っ搰㈴㕦愵摢っ㕥㥡攴㙢㜶㥢〱㥡㥣戳㘳挹慥㥣㕣㠵〱㥡攴㉢㜸㥢〱㥡散㝥戴昹㠶慦戱㘲〰㐸扥㤳㡦昵攲昹㔶摤扥つ戶㐴昵搲昶㌳捦㌷敥㔵㌳〰㍡摦挶㝢㌱搸㠶㠹㙦敡扤ㄸ㙣敢挹户昸㔵㌳〰㍡㕦挸㤳㐱㤹昸ㄸ㉦㥥㉦敢挹愰㑣㝣㡣ㄷ捦ㄷ昹㘴㔰㈶㕥㠹㘹㠳攴㑢㝥㌲㈸ㄳㅦ攳挵㜳〱〰ㄹ㤴㠹㡦昱攲昹㉥㥦っ捡挴慢㈲㙣㑤昲㍤㍦ㄹ㤴㠹㜷㌲㐰㤳㕣〳㐰〶㘵攲ㄵ㠳つ㤲敢〳挸愰㑣扣㘲戰㌵挹戵〳㘴㔰㈶摥挹〰㑤㜲ㄹ〰ㄹ攴攱攵挵㜳㠹㠰捤攰攵挵㜳昹㠰捤攰攵挵㜳㘹㠱捤攰攵挵㜳搹㠱捤攰攵挵㜳〵㠱捤攰攵挵㜳㜵㐱㤴挱挳㡢攷捡㠳㈸㠳㠷ㄷ捦㔵〹㔱〶て㉦㥥㉢ㄶ愲っㅥ㕥㍣ㄷㅦ㤰㈱愲㝢て㉦㥥ぢㄳ挸愰㑣㝣㡣ㄷ捦㐵ぢ搱㈲㍣扣㜸㉥㘸㈰㠳㌲昱㌱㕥㍣ㄷ㍢㤰㐱㤹昸ㄸ㉦㥥敢ㄶ散㈲扣扣㜸慥㘹戰ㄹ扣扣㜸慥㜷戰ㄹ㘰㤸㔴㡢戲摢㈴搷㐲搸っ㕥㕥㍣搷㐹搸っ㕥㕥㍣㤷㍣搸っ㕥㕥㍣㤷㐳㐴ㄹ㍣扣㜸㉥㤵㠸㌲㜸㜸昱㕣㐶ㄱ㘵昰昰攲戹挴㈲捡攰攱挵㜳戵㠴捤攰攵挵㜳㈵㠵捤攰攵挵㜳㤵㠵捤攰愵㐹慥挰戰ㄹ扣扣㜸慥捥戰ㄹ扣扣㜸㉥搷㠸昵攲戹攰挲扥つ昵昶㐳挶戴扥㔳敦㔸愵㕣慡㑡挱挵ㄸ㔵㌳挰㌰㜱愱㠶ㄷ㠳摤〸戸㠸挳㡢挱㌶㑣㕣攰㔱㌵〳っㄳ搷㙡㤰㐱㤹昸㤱㌷晤昹晤㤶㌹㙢愲㈰戹㡥㠳っ捡挴扦晢摣昱㜳捦摡戳摡㘲〰㐸慥昱㈰㠳㌲昱㑡㑣ㅢ㈴搷㝦㤰㐱㤹昸㤹㤳㑢㉢㙥㔸昱愰捡㈱㕢㜰㙤〸ㄹ㤴㠹慦㔳㝦晥㜹㜷ㄷ㍣愰㌰㘴ぢ㉥昳㈰㠳㌲昱慡〸摢挴㜳〹〸ㄹ㤴㠹㜷㌲〰㈴㤷㠷㤰㐱㤹㜸挵㘰㠳攴搲ㄱ㌲㈸ㄳ慦ㄸ㙣㑤㜲㔹〹ㄹ㤴㠹㜷㌲㐰㤳㕣㈱㐲〶㜹挰挴攷㔷㍥搲㙣晡敤换㤵ㄴ㤵㠲慢㐷㙣〶㤸昸㝢扦㜹㙦敢㠶捦㔶㈸㍤㔴ち慥㉣戱ㄹ㘰攲㔵ㄱ㌶㐸慥㍡戱ㄹ㘰攲㙦㍣敥扡㠵㠷㤹て愹ㅣ戲〵㔷愴搸っ㌰昱敤扢捦摦晤攸㝦散摡捣ㄶ㜹㍡〳㑣扣㉡挲搶㈴ㄷ㥥搸㌹㈴攵扡ㄸ愰㐹㉥㑡㠹㌲攴摢っ㌶㐸㉥㔸㠹㌲ㄴ搸っ戶㈶戹㤸㈵捡㔰攸㘲㠰㈶戹㉥㠵っ㤱㍢戲摣っ㤵㠲㙢㔶挸愰㑣扣㔳ち㠰攴㝡㤶㘸ㄱ㥤敤ㅣ㙣㤰㕣敢㐲〶㘵攲㕤㌹㘴ぢ慥㠳㈱㠳㌲昱㑥〶㠰攴㤲ㄶ扢〸ㄸ㈶ㄷ㐳愵攰㜲ㄷ㥢〱㠶挹挹〰㤰㕣ち㘳㌳挰㌰㈹〶ㅢ㈴㤷挹搸っ㌰㑣㡡挱搶㈴㤷搰搸っ㌰㑣㑥〶㠰攴㙡ㄸ㥢〱㈶摥挵㔰㈹戸㔲㈶捡㜰慣㡢〱㈰戹㡡㈶捡搰搴㘶戰㐱㜲㠵㑤㤴攱〴㥢挱〶挹搵㌷㔱㠶㘶㉥〶㠰攴㐲ㅡ㥢挱㑢㤳㕣㘴㘳㌳㜸㘹㤲ぢ㜰㙣〶㉦㑤㜲㜱㡥捤攰愵㐹㉥摣戱ㄹ㍣㌴㤹㜶㌱ㄸ愴㡤昷攳㕣户㝢㕣ㅦ㥤づづ㤴㤷㠴㕡づ㉢㉢㉦つ攴㤷㔹㉢㜴捡攵㌷愷戳㤰㥢㜱〹挹愵㈴㤷㤱㕣㑥㜲〵挹㙣㤰晡㠷ち㌲㘹㕦㠲㕦㠵换㝢慤㡦㜸㜳㐲愱㡡㤲㜱攱愲戲搲㝦昴ㄹ慦攳搳摤扥摢㌷㕣攱てㄷ㙥摦㜰〳扥搴ㅤ扢㝤㝤㘵搸㕦㡡㡢㈲敢慢㕤晦搳㡦昸晢ㄴ㙤㕡攰て㤷㙦摦㜰㌵扥晥㥤㕦攴捦挳㔷扥愵㠵晥㘶愱㐰㠵㝦㜸捥戰戶攱挲ち摣攷㉦㡥攴摢㕣㔴晣攲摡㍣敤晡慢㙣㌳ㄸ㘹ㄷ捦㘷㐷ㅡ搰慦㝢搴㔹㠴㜱㤳摡㍣捤戸〶挲晡〴㌵愴㘹攰扡㙡搲挰㌳搷㙦㕥戵㝤挳㕤㄰㍦愲㠴〹㥢收㔳摡昵ぢ㑡晣戹㥢㐱晥㠱〶挶戹㌵搰㉥㍡〹㔱愵〶捡㜴つ摣㈸㌵挰收愱㘹攰㘶㕣㈶㝥㙢㠹慣愹㍤㈱㌸敢㝢挳搵慣搶愶晥㤲愲攲㘲㌴慥戶攳〲捤晦㠹昴㘳摤搲㈷戵摦㜷晤㡦搱愵扦㑤㑡捦攷㐲㤳晥づ㕣㈶㝥扢㠸慣愹愷ㄶ愱昵㤶㑡昹㙦㈹㠲昸㙤〷昴晦㐷㘲ㄷ戸挵昶摢慢戱㉡慢慣昴愰㉥昶㍣㈹㌶㉤㠱㈶昶摤戸ㅣ㍦㜵㐸㔹㔹㜸㙡㈲㥦晢〱㥢搶ㄶ愱㤹慢愶㡦㐶摥㉣㕣㕥〴㘳㔰攱㙦摡㌶搰㕣〴摣搲㈴昵摡㜷㈵㡥搲愵㔹㈰愵愱㐹搳愴㔹㠴换㠴敦昴㤴㌵戵扦㝣㕣戱晤挰㠲戰戸㈰〶戹昲㈵㥥慦扡ㅥ捥搷㤱㉦㤱挸㘹㠷㌵攴㑢㜱㤹昰摤㥢戲愶づ㠵敤㕣ㅣ㠶㑤㘵㉢っ晢挷ㄶ攲戲㐲㥣慤挹愰㍣㙢慢つ㔵㉤挳㜰㕤㠶晢愵っ㌴愴㉢戹攸昴〱〴㡣㥥戰戶㘲㠸㤶戵昸㜴晤愶ㅦ扥㍢晡㕥㜳挸昴㘹㥦捦㙥扢捣㝣戴搱搷慦攷㥤㜲愹㈹捤戲㜹㔹攴扣敤扡挸ㄹ㤱挶㑡收挳慥㐹ㅥ㙥づ戳挲㌴㔶㈳㌱昵攴愵ㅢ㕦㝤㜵㝢戶㑦搰㡥戹〰昴搷〱㙣敢㜱昸愰戶㜷㉣㌶㠷敦㍥攱敡㝥敢敥㌳㔷敤ㅡ戱敤戵㉦挶㤹㌲晢㡤攳㈳攷昹㔳㈲㘷㐴ㅡてㄳ〰㝢〶㜹戸㌹㌶〶㑣攳ㄱ㈴捥ㅢ㜳敡㠰昷㥥㝦〹〰㘸㑡㕣〰㝡敢〰㝥㕦㝤晢昰散戳㤶㤸收散㘵㤷㜴晢㝤㠹戹昱戹挳ㄶ㥥㜶捦㌰㌳攲㕣戶戲摡㝣㈷搳㉡㄰㕦摦ㄲ〰つ戳㥢攳㘵戹晡敦〸搳㜸〲㠹ㄷ敥㔸昹搰捡㜶て〱〰ㅦ㙡ㄷ〰㔳〷昰捤㘳户㝦㝥敥挹㑢捣㠱㌳㤶晤㜰㔴攳晢㑣㜳换㈱戹ぢ摥㍤㉦㔲攰㡣㠲挸㜹㥢愵ㄱ愰㌰㥥㈲〰摡㐶㜹戸㌹㘶っ㌷㡤㑤㐸㕣摥愶搱㈱晦㝡攰ㄱ〰攰㜳攸〲搰㕤〷㜰挴㤱挷㤴㍣㝥摦ㄲ㔳㥤慤㡣慤㤳㘹㐶〲敡㡣戲晦㐵〰戴㔲捥㤴扥㘶攴扡㥤㘹㍣㙦㈷戲ㅦ攷攳攴〲搰㌱㝥〰㔶㈹摡挹㜸㠹〰㘸㔸慡㍡㡣㔷散挴㕦昷昸〴㥦〵ㄷ㠰㌶㍡㠰㡦㙦戹昵㠴挵㠷㉦㌱㑦㥦㤹㌴昸慦㌳敥㌳㘷慣扢晢搶ㅢ㔳昲㑣㌵㈲㔵愳㘳㔵㥣昱〶〱搰㍥愸ㄴ挵昹慢㕣戶㝣㝢戶昱ㄶㄲ㈷㙥敢㝦㔴搷㝢㌶㔶晡〴㥦扥㈱㤸㈲㠸㍣㠱捤㔱戶㜲㜵㐴㌳㕣愸慤㔰㡣昷㤸敦晢㈰㝢慣挳昸㠰㌱㕢㐱戰㕢㌳愸㥣㘶戸ㅦて戴㍡〴ㅦ㌷戹ㅦ摤㠷〸昰〳㘹昹㤱㌴㥦㤲㔸㕥㍥ㄹ㤲㜷㥢捥换〶ㅤ换换㐶㉣㜹㍦搶㜹搹昶㘲㜹搹摥㈴敦愷㍡㉦㥢㐹㉣㉦㥢㠶攴晤㡦捥换ㅡ㡤攵㘵㉤㑡摥㉦㜴㕥㉡㍦㤶㤷ち㤷扣㕦改扣㔴攸㈹㔰捡㌷㘷㜶㤵㉥愷捦挷〵昳挶搷㠸㌶扥〱ㄱ㔴戶〷挳づ㌲㝣㑢〶㔶〰㜷搱㌱昲㌰ㅣ搴戶戰㘹愰搵ㅢ㔵敥㙤㥤㤱㐱㝤慤戶㡤ㅦ㤱㥢㑦戰㍥㌷㈲㑦攴㤸㘴㜴㐲㙤捡挰捦㠸㑤㘳㉤㑡改㜸晥敦㜷户昹〵搹ㄸ扦㤲晣㐶昲㍢挹ㅦ㈰昸ㅥ㠲㙤㈰㠱㈵敤㘶搶㝦㤲晣㐵戲㠷〴晦㔸ㄲ㕢㔰〲㑢ㄲ挸搵㐸㈶愹㐳㔲㤷㈴〵〴㈵戱晤㈵戰愴㔴㘶㥤㐶㤲㑥㘲㤰昸㐰㔰ㄲ㕢㙦〲㑢慡挷慣㌳㐸敡㤳㌴㈰㘹〸㠲㤲搸昶ㄳ㔸㔲㈶戳㙥㐴㜲〰㐹㘳㤲㈶㈰㈸㠹㑦㑥〲㑢㍡㤰㔹ㅦ㐴㜲㌰挹㈱㈴㠷㠲搴慦㤳挹攷㡦㐷㈶㥦㐱ㄹ攰〳㈷〳㝣攸㜸〸㍥㉡昲㝢㤹挳㜰てㅦ㄰昹挷㠷㐴㘲攴㔵㥤摢㤳㠷㑥づ㠵㠳㈵㙤㝡㤶ㄵㄷ〷昳攴㠸戸㑤㥦㘰㘹戰扣㈸慦捤ㄹ挱挹昲换㤷挱㠱愲昲㔱敤捦㍦摦㘲ㅤち㌷户㜴㜴㉢㝦㐹㈸慦慣扣戸㈸户㤵㝦㜸戰㍣㠴攱㑥㡦昶㙤摡昱㕦㉢㝦捦㡡攲㜰㐵㜹戰㐷㘹戰㈲㕣ㅥ㈸㙥攵ㅦ㕣㤱㕢㕣㤴㠷っ㠷㤵㡤つ㤶昶挸敤搲㈵搰㈹慦㔳攷慣㙥ㅤ㍡〶摢㜵敤㌶愲搵昹㜱捤〸っ〹㠶㤰㜳愸愵㥡っ㠸㕣てつ㠶㕢昹〷昵㍣戵捤㐰〶ㄴ㤸慣慣㌶㔹㙤㍡㜶挹敡ㅣて愰㘰㙥扢づ戹㠱㡥㕤戳㍡㜶敡㔴搰慤㕢搷ㄱ㈳挴㘷㍦敦搹㌳昴捦㍤㝢㔲㡦㠰晡㔶㠸愹㌹挵挵晥戳换捡挷收㤶㤵㡤つ㈵㜴㈴㤱昸ㄹ〴㌹晥ㄷㅦ㉢〹㡥慥㙥〹ㄲ㍦〳㘰搰敦ㄵㅦ㈹〹㡥㠵〴换慡戳づㄲ㍢㠲㌷攸㌴㡢慤ち晤昱㐰扦戰㍡搱㈷㘸〴㙥搰搵ㄶ敦㈹搸捤〰㝢㑡㌵戶晢㝤㡣愰つ晡摤攲㙤㠵愶㈵搰ㄴ㔴㈳ㅡ㙤〴㙣搰攱ㄶ㙦愸㤲摢愰攴㜱搵㔸戲攷〸搶愰捦㉤攸㝥㐴攷㔵㉦㌳搵㜰㔳㌹㑢㠲慥㠹捤昰挵ㄵ㘶㔲昱て㙤摦捥戳㔷昱㔶ち扡㉤㌶〳收ㄱ摤㠳ㄴ㐱㤷挶㘶攸㝡㡤搹昹攵㐱换ㄷ㝥慤㤶㔴㘲㠵〶摤ㅤ㥢〱㐳㔹㌵搴㔵㔳㌲㠲㥥㡢捤㠰〱愵ㅡ㤲摡㈰改搵搸っ扦㠶捣㘹慤㡦晡戰挲慦㤶昱㘱㤶㥣ㅥ㡦捤㠰愹扥ㄸ㤰昴㠶㙣㠶挲㐹收㘳ㄹ㑤㜷㈷户搵㐰搲㔳戲ㄹ㌰摣㔵挳㘱ㅢ㈴㥤ㅥ㌲愸㐱愷ㅡ戶摡㈰改㄰㤱㈱昲㑡愳㥤㌹攷昳慤摢㉦搶㤷㌳搲㔹戲㡢挰㡣㕣っ㐸㍡㔲搱㈲㍡㤸㉢㠶〴㝦晤晤㔵㕢捣㙣㐱㈷㡢っ㤱㌲㍢搹㐳㘶ㅢ㈴晤㈵扢〸っ㑣搵搰搶〶㐹㕦捡㘶ㄸ㕣㘴捥晡晡㠲ㄶ昵捡敤㈲㉡〵晤㉣㥢〱昳㘷㌱㈰改㠳搹っ㍢㑢捤㜵〳㍦㕢㔹昲㙦㍢㠷㙣㐱晦捣㘶挰戰㔹つ慢㙤㤰㜴戵㙣㠶㈴搳㉥挲〶㐹㌷㉣捡㜰慡㡢〱搵㑤ㄷ㉤捡搰换㘶㠰㐷㈲て㐱昷㉤捡搰摢㘶㠸ㄴ㠱㌶㐹搷㉥捡搰搷挵㠰㤷㈲昴搲愲っ㐹㐹㑡て㌶㐸㝡㜰㔵㌳〰㈴扤㍢㉦〶ㅢ㈴㍤㍦㉦〶ㅢ㈴扤挲慡ㄹ〰㤲づㅥㄹ搴㈰㔸つ㥦㙤㤰㜴晥挸愰㕥ㅥ㕦㥡晤㘸攵昴㥦敤捡挲㉡㌲㡢㐱㑤㜱㈹㌱㙤㤰㜴ㅡ㤹㠳㝡㜹扣攱搸愴㜳晦扡搰捥㈱㕢搰愱㈴㠳ㅡ㠰慢愱扣㠵㈱㍢㡤摥㘳搴愹晤㙦摦摣戴㐳㙥㐶ㄶ㐹㝢㤲づ㈴ㅤ㐹㍡㤱㜴〶昱〹昲㘸昳㠶㕤㜱戹㥦扣戸昹ㄷ扡㡣ㄹ扢昷挸㙤㔹㘵ㄵ挰攰慡捡㔴ち㡤㔴㡤昶攲㘶㌳㙥㔲戳ㄹ昸搵ㅢ㉡㐷㤳晥攴㙡㤲㍥昱㉥㥢搸攴㤶㍥㥥㤷㌶㑦㍢愵㘷慢搰愴㌷㜱戹ㅦ扣戰愹㜴㑢ㅥ捦ぢ㥢㈷㥤㤲昳㔱搰㈴敦㠵换摡晣戲㘶㠳㕢攴㜸㕥搶慣㜷㡡捣〷㕦ㄳ戹㉦㉥晦て㕥搴㍣攲㤶㈴㥥ㄷ㌵敢㥣㤲搰㝡㘹㤲昴挷㘵㌵扦愴㔹ㄳ㠳㕡昹ㄵ㝢㜹㐹昳㤰ㄳ㌵捤慤㠶㝡㌰㉥㙢散〵捤㑡つ扦敡扤昶㘹㉡ㅦ㜴攰慦昷晦〰扡捥㥤敢 | E27: 㜸〱捤㕢つ㜴㕣挵㜵摥㔹㘹㔷㍢㉢挹㕡㙣昳㙦攳〵㘴晣㉦㕢戲㘵っ挶戱晥晣〷㤶晦㈴㑣㐲〰㘵戵晢㔶扢㜸㝦㤴摤㈷㕢㠲ㄲㅣ〲㘹〲㈷つ㠴愶㈷㐰〸㌶〹㍤つ挴づ愵晣攴㘰㕡攷㈰〲愴つ㠷愴㑤㑥捥㘹摡㠰挸㝦〲〱摡㐲㕡㝥晢㝤昷扤㈷扦摤㝤㤲㘵挷㥣挳搸敦敥㥤㤹㍢㜷收摥㍢㙦收摥㤹㈷㥦昲昹㝣敦㈳昱㤷愹㥡挸慣㥥㤱愲㘹㘴㥢㍡昳㤹㡣ㄱ㌷搳昹㕣戱愹扤㔰㠸㡤㙣㑥ㄷ捤㉡㄰〴晢搲愸㉦〶晡㡡改㙢㡣㔰摦㙥愳㔰〴㔱挰攷ぢ㠵戴ㅦ昵㌵昶ㄳ㜱㌲㥡慤㜴㌵〱愸㝣㍡㐸㐰㉡ㅤ㈲搰〰㜵㘱㠰摥捥㡥慤晤㔷愳捦ㅥ㌳㕦㌰ㄶ㐷㜷㕡㥣搷㌴㌷㌷㌵㌷慤㌸扦㜹㘵搳戲挵搱捥愱㡣㌹㔴㌰搶攴㡣㈱戳㄰换㉣㡥㙥ㅢ敡捦愴攳㤷ㄸ㈳扤昹㕤㐶㙥㡤搱扦㙣㜹㝦㙣挵慡收ㄵ慤慤挹ぢ㉥㔸㔵㔷ぢ捥㕢㍡㍢戶ㄵ㡣㘴昱㐴昱慣㈳捦慤㥤ㅤ㑤㕢っ昳㐴昱慣〷㑦戰散捡㘷㘳改摣〹㘲ㅡ愰收㕢扢㡣㜸㥡㈶㌲㡣㐲㍡㌷搰㠴㘱㤷㈸ㅡ戹昳㥢摡㡢挵愱散㈰慤摤㘹㘴㌲㍢㡣愴㤸㈶摢㔵㌴户挵ち搹㘲㕤㤶晡㌳ち㐶㉥㙥ㄴ愷㘵搷つ挷㡤㡣㑤㔸っ㘵㜷挶ち㕢㘲㔹愳㥡㐸㐳搶戲攱愶㠴㤱㌳搳收㐸㝤昶搲愲戱㈳㤶ㅢ㌰㐸ㄲ挸㙥ㄸ㑡㈷㔴㜵㌵晥晢慡收㜹㡤㑣っ㠵昱㘴㍢㔳戱㠲㈹㌹㥡戰搹㡢搶㌵㕤㐴㡡㤲㜱㜱㑡㐵换㕡搱㘶㍤改散㈵㐶㈱㘷㘴搸〹㉤戹愸㡣㐸ㄴ㘴搹㘱㕣㔳攳攲㠰㕥搵摡慦〸㘵㘱㉦挱㘹〰愷㙦挹ㄷ戲㤸㤰摤㐶㉣户㘶㔵敢戲挵㍤㘶愲换搸つ㔴㌷愰㕡㐷㐸㜸ㄲ挰㡥㡤㘳㠷晥㌲㙡愶挶づ摤㤶ㅢ㠸敥ㅡ㝢晣戰ㄹ捤㈱㤳㡥㍥㜵摢搸攳〷〶愳㑦㍥ㄶ摤㤰ㅥ摤ㅦ㌵ぢ㘳㠷㙥㠹㥡愳晢搲搱㜸㙡昴㐰㉥ㄵ㥤㕦㡣つ㐵㜷戶昷㉥㌵㔳㐳㘸ㄷ捤㍣晤攰搳晢㜳〳ぢ昴㜴昶㌰〳㐰㔵扦㡣ㄷ摡㍤㐰㉡捦摦ㄷ昳昷昵晢晢攲晥扥㠴扦捦昰昷㈵晤㝤〳晥扥㤴扦㉦敤敦扢摡摦户ぢ㌴㑥ち搵搴昸敤㌴敤㉢㙦つ扣晤散慦㌷ㅤ㝣敦挵㔳晦戶㜷敢㥢㡡敦戰㉣〱㈷〳㌹搵㉤昰㡡㜱㜹㔷攸㔳㔰愹㑦〵〸㥥〶㌰愷㝢昴攱㌴㘴㜹晡挱戱㐳㜷㐳㘰㐸㌷摦㉣愴愱㠳愱㘸攳搲搸〲㝤㍡挹捦〰㔰敡㔷ㄸ㍢挷敦扦户攵晢摢㜷晣摤㤶㙦㈶敥㕣㕡晦昲挲〱挵㜵㐳㍡㥥〵愴㐴搳捤慢ㅣ㐵㌷㌷慤搲戳挹敢㉣㠰攰ㅣ㠰㉤㥤㔰㉢戵㝡攸ㄶ㉡慦㌱㥡㑤㘷㌲㤸攲㑢〷㘳ぢ㡥㐷换㔱㜲㍦ㅢ㐰愹㥦摢㈳㌵㙥㑤㍤㜹敥㠵㡤㕢敥扦收戵㝤愹ㅦ㕦昵㠶攲攲㈶㈳㍤ㄷ㐸挹㐸挷㌵戴慣㘹㔹戳㙥㈴慦戹〰挱昳〰㙡㌷㡦㍤扥㍦ㅢㅤ㑣㡤敥㌷昵㍣㔶捤〷㔰敡愷㜶㌷㘳ㅦ㜹㘵攱㍤挹㤷扡㍥昳ㄷ〳㝦晣攸ㅤ㜷散㔵㕣㍥愵㥢㠵㐰捥㜴㕢㘲㜹㙢慢愳㤱攵慤㑤慤㝡ㄱ戹㉤〶〸㉥〱搸昱搴慤㡥㈱慣昹户㝢㜴ㅦ㈷ㅡ㝢敦㝦ㅡ攰㌸㈶㕦ㄳ㝢㔸ち愰搴て敤昱摥昷捡扣㘷㍥㤶㕡戳敥攰㥢敦扣昸晢㠶㠳敦㉢㉥㈷㌲摥㘶㈰戳摤攳㠵㌶㔶㍡〳〶扥㙣愵㙥㈱扦攵〰挱ㄵ〰㈷昷㘰慡摦㘷攲ㄵ㐸换慢戲㉢㠵散㤰㙥㈵搱㑡〰愵扥㙦㜷㍡摡戹攰㝢㜷㍤ㅣ搹㝣戰昱搱昸㉦敦㥦㍥㐷㜱㘷㤱㑥㔷〱㈹㔱㔲㑢换戸㤲㕡㕡愰愴ぢ挸敤㐲㠰攰㙡㠰つㅤ散㉡㈷㌳攷换㘹㑣㥣愵摤㥢㡦㙢挲㕣㐴戶㙢〰㤴㝡搲ㅥ㘴㙥攵㥡扢搶晦慣攱攲㍢扥昵挴ㄵ㔷昴搶㔵搵慤㐵昵㜶㝢㐱改㉡挴昶㘰㠹㍥戲晡户㌴㐱㈵㔳搹昶戰敢㈵㕢㤳攷㈷㥢㥢ㄳ慤换㘲换㘳〱慥㌹㔳㕤㕦戹㌴搵㈵㉦㑢攷ㄲ昹㍤戲攰捥敡㠸ㄵ㡤㈳敢敦㈲扢慥㈳㍦㤴㑢ㄴ捦昴慥散㌱㘳愶㜱㐶㜹摤ㄱ㈶ㄵ捤㝡戰ㅤㄹ㐵改敦慣昲㘶㍢㘳㤹㈱愳㝤㌸㙤㔵捦㉥慢挶㘶㤴敦㥦戸㜶㝤挱昸攴㜸㙤挵㠸摡攱搳散ㄶ摥ㄵ㔲㕡㔵搶戸愲㥤愹㝣搱挸挹昰ㄶ㘵户愵攳扢㡣㐲㡦㐱㡦挸㐸㠸愸㈷戳捡摥ㄱㄷ㙤捤㐱㔰散㜱㠹㜳摣愵挹㜵挳愶㤱㑢ㄸ〹㡣㜷搰㈸㤸㈳扤戱晥㡣㜱㑡〹㠹搵㈷㉡㑥㉦㈹㕥㥦㡦てㄵ㍢昳㌹戳㤰捦㤴搶戴㈷㜶挷戰ぢ㈷扡昳〹〳㥢㘸㌵㤳㑦昹慡慡㤴昲㉤昴摡挹挸户搸㈴㠶㜰㤹㤸摢挲㘹愵搳慥㘹〷愴㠳ㄴㄹ㠳㜳搲摦㜸ㄴ㘶挲㤷㙣ㄶ㑣㑣攸㤲㠹敥㈳愹攷㑦㑣㉤㘳ㅣ户摣〷㑢散昷捦戰愵㕦户ㅢ㥥捡挶㔸㉥㤱㌱ち㤳㍡扦㡡㈳搲㙤〰㠱挳㜸㥢㈷搴ㅥ㜷㐹㌵慣㐶〲㝢搲〹㌳ㄵ㑣ㄹ改㠱㤴㠹㌲㌸挸愱㄰㔵㕢㤱㜴〷㡡㜴㈷㐱ㄷ㐰㌸散ぢ慥㈳㔱㌰慣搷㕢昹〰摦搱㘳昷㠱攸㠲㙢昱戹攰㈰ㄷ〳搹昵昹㐲戱慡捡㑢捡㡤戱㘲捡攴昴㥣戴㤲摥㡥摥㐰戰ㄱ㈰㐰户攳愸㉥ㄶ㔷愲㙡㝡㤲昵搹㉥㈳ㄹ㠳晦㉥㙦户㡡〵戲㤶㑢搸㘵ㄴ攳㥡扥攳㈶扣㉢挳㐱㘰㜸昹敢戲㥣晤挶戰搹ㄵ㌳㘳㌵㔹㜸愱戰㤲〶搱㈲㘹㘵㘱㙣㔹㉦㘵㑥敢戰㥤〳㠷㠸愰㉥㉥戵㔲㘰㜱挲㡢㠳昷挵㔷㘵挳挹㠵挰搸改㈷〶换㈷㝡愹㌷〹㈷㌷戱挱挸昵㡥っㅡ㐵㤲㠷㠲㤳慡戲晣昵㈲戳慤昱晥㑢捤㜴愶搸㠴㤱㙥㈸攴㠷〶㑦㈴ㅦ昲搲㥢〰㥣ㄴ㜸ㄴ戳㜸敡㌲㌱㌸慣搹㑤摢昴昵昹㐲攴挶ㄲ㑤㤷㔶换㙣〵攲㈴摤つ㉣㍣㔹㕤㠰摥敡戱㜸摥㜴〱敢戲搰㔰㙦挱㤰㔸㈲㈴ㄹ㘸扢㍥㝢㔹扥戰慢㍦㥦摦挵昹㌴㑤㜲挵㤴㘱㤸昴捦㙢敤㜸㐴攲づ愵慡慡㑡㝣㘳㤷㈳捦昸㉢戸ㅤ愰扥㍤㤳㠹㍡ㅣ㡢挱ㅤ㈸慡㐲愴㄰散〱戲㙣㝤㍡ㄷ换㉣改ㄹ㍢㜴㈰戶愴㘵挹戶搴攸扤戹㈵收攸㠱㜸㙡挹㤶搴攸㍦㘴㤷㘴挷づ摤ㄷ㕦㘲愶㐷敦ㅦ㙡ㅡ捥ㄴ㠷搵户散㝤㝦昹晤㕤愳捦敥捦㙣摡晢㠹〷摥㝢攲昹捥慣㝡挰慥愸㜰戲改㍥㑢挴戰ㄳ㠸晡㈶挸づ攳〱㕥㥡昴㐷㤱搷ㅦ㈳戸ㅣ〰㙢㠶㔸〱㑢挶ㄵ㔶㔶搱〵攷戲愱慦㈴戸ち㐰搱搷㤶㔸愱て㠸㤳搴㍥昰攷㕣㄰㝢搲㘷ㄷ㑥昴㥣㥣愴攳挰挲㝡㤲㍡㐵て㥥㌶搵搴愱愶搶㌴㌵愶晥〶㡣改搳㔷㈸攰换㜶㐵㠵戳㑦㈷㕥ㄴ㤰㘱晢摢㐱㜶ㄸて昰搲愴㜳挸敢㍣挱㈰㠰㑢〱〵㉢慢ㄸ〸㠸〲㡡㈴攲ㄲ慣愲〰愲㠰㈱㈰㑥㔲㌷㠳晦戸〲收愰㔸ㄴ挰挵搳㐹㝡〴㔸㔸㑦㔲愷捥〶㠵㤷〲昶㠲戹愷〲慥户㉢㉡㘲〸挶〶愲㠰ㅢ㠰愸敢㐰㜶ㄸて昰搲愴㙦㐴㕥摦㐴昰㔹〰㤷〲㍥㘷㘵搵㕣晣㡡〲㍥㑦愲㥢〱ㄴ㠳ぢ㔱挰㉤㐰㥣愴㑣昰ㅦ㔷〰〳ㄲ㔱〰㌷㌲㈷改㉦〲ぢ敢㐹敡ㄴ㐳ㄶ㉦〵㕣つ收㥥ち㐸摢ㄵㄵ搱捤㈲㜰ㄲ〵㝣〵㠸ㅡ〰搹㘱㍣挰㑢㤳扥ㄳ㜹㝤ㄷ挱㔷〱㕣ち昸㥡㤵㔵㡢昱㉢ち戸㠷㐴晢〰ㄴ愳ㄵ㔱挰㝥㈰㑥㔲㔷㠱晦戸〲ㄸ㈸㠹〲戸收㌸㐹摦〷㉣慣㈷愹㔳㑢㐱攱愵㠰㕥㌰昷㔴㐰㡦㕤㔱ㄱ㉥戵㠰㤳㈸攰㈰㄰戵ㅤ㘴㠷昱〰㉦㑤晡㐱攴昵摦ㄳ㍣〴攰㔲挰挳㔶㔶㉤挷慦㈸攰ㄱㄲ㍤ち愰ㄸ㌹㠹〲ㅥ〳攲㈴戵ㄱ晣挷ㄵ挰戸㑢ㄴ㄰㜴敡㔹㜰〸㈰慣㈷愹㔳㡣挷扣ㄴ昰ㄱ㌰昷㔴挰ㅡ扢愲㈲㜴㘳㐰㈶ち㜸ち㠸㕡つ戲挳㜸㠰㤷㈶晤㌴昲晡ㄹ㠲㘷〱㕣ち昸㘷㉢慢ㄸ搴㠹〲晥㠵㐴㍦〰㔰㡣捡㐴〱捦〱㜱㤲㙡〱晦㜱〵㌰ちㄴ〵㜰㐹㜴㤲晥ㄱ戰戰㥥愴㑥㌱搶昳㔲挰㝣㌰昷㔴挰㍣扢愲㍣㉣っ戴㠱搳㌱扡昳㍡戹㌳㙤散愱晦㌱㉤㠹㐳户捥愱愲㤹ㄷ㘷愹㍥搹㤵摦㤲㌷扢搲挵挱㑣㙣㘴㐶搲㐶㉥㑢ㄹ㌹㠴㌲〵㐴㌴㘵㘵昹挱㐱㈳愱㤳㍤昹愱㐲摣搸搴昵㘱〸㜵愰づ㤸㑥愲ㅣ扦㐲㍡㍥敦ㅤ㠱戸挲㉣㐱昲〵攸㜳㤷㍢㘱㜲昴攷ち㤸〴攵昴㘹㌸愲搱摥戴㤹㌱㙡㤳ㄲ慣〸ㅥ㑡㐲㡢㠸てㄳ㌵挹摥ㄴ㥣㤳慥晡攴㠶㐲㍡㤱㐹攷っㅡ㘳愶㐵扡搹ㄸ㐰㉣戸㉤㕦㑣昳㤴戵㍥搹㕢㠸攵㡡㠳㜴㙢攳㈳搳㑢㜲攲晦〶㤲ㅤ改㕣ㄱ摤㠸ㄵ㠹㌷㈴㝢㔲昹㍤㌸㤶ㅦ捡收㌶挴〶㡢ㅦち慢ㅣ㜹㍦挴㌴捡慦晣㝥ㄵ昲㠷㡥搷㍥挱㝦㠷戲㘷㔸攷㐳㔱捣㔳㥣ㄴ昶て㔱㘱㈸昶昹戸㉣㔶ㄳ㠸つ㝤〱㐶㑣攵づ慣换㠴㘵搱㈷挷㕡㜲㤰敤ㄹ〸㡤摦㜵搴㠲㕣晦㡣㙤晥〳攰攲つ㤷㙥㍡㜲㉥昳㘷㕤㐹〴扡挰㙦捡㘱昰挹㈰㥥㘶㑤㈱㠶挶㥣㔱㜸㌳㌱ㄳ㤸㉢㥦㤶攱愴搰㜰㠶㑥㍢㠲慥㐷㈴㔵㤷摣ㅣ敢㌷㌲〸〰戳㌱㜳㥡㤵㘱㈴㡥㈳敢愲㕤搷㤹捦㘶㘳㥣㜲㍣㜸敦㠹挷㌲㐶㈸搹㍥㘴收扢搳㌹㥤〴㤰㜹㘹ㄷ挵㠶㔱ㄴㅢ戶㐲戵攴づㅥっ〹㑥㕥昹㠱㔸㈱㙤愶戲改㜸㠸ㄹㅥ摥㝣㈸收㉡搶て户㐷攳慣㈵攵戱㥦ㄵ㠱挱摣㑤㌸㉥愱敡㘸㝥捣㘸扦ち攲㥦㍡捥㜳〳慣㍣戲愱攸㥦㠳㕢㠰慥㈵㤷㈲㐹慦㌹ㄷ㜰慦㕤㡦ㄲ㔹㥣搴㝡ㄲ攰搱㉦搸〸㌳搵㡣扣㈷つ㉡㙢㐰㄰摥㥣㡦㈵搶挷攲戸㐴慢戱慦搰㐲㌰㉤㤷㥡㐲㠴㘱㝥㈷㑥㡥㜰㈲戵㍢㥤㌰ち㈱ㄶ昴攰㈲慦㥡〷〴㐱换㠶〸㜸慡㝣㠱㐰㙤挸慢慦㑤づ慦㐶㍢㜸㜲㕦ㄴ㙥慡攰晦昲昶㔵㙢㌱㈸㠸挵㜸㐲扦㐸㌰〶愰㜸㠰㐰㜹捡〸㕥㈲挱㉦〰〲っ㔵换㙤㔳ㅡ㜱㈳㉥攷ㄱ㙦戵㕣㍥昱㉣㈰㠴戸㔹づㄱ〲㈲㐸慤㉢昸て㕡㜱㝦挸戹搱ち昶㘰㤶ㅢ㠹戰戵扥昲㤰㠱收昰晢慢㘱敡㘰昹挱㘹㐵户㘰㤶敤㌱攴㔴㐰搵㘱〸挱㕦〲㕣捥㤷〵晣晢㍥㠰ぢ㥥㜵攰て㔷㘱摣〳ち㠷昵慦㔱攴ぢ慢㙥㐰㐷㡦昴㙡挲㘱㑥〲晤ㅢ㠲摦〲㈸㠶㤱㙤㜸㕣㝢㥦㘲散挸晤捦ㄷ晣ㅤ挰㔴搷㕢挵㘸㤳㙢慥晥㍤㠰扡ㅣ㠰㑢搹昸搴㝥ㄹ昸搱愷昶ㄵ㙣㠱㐷扦㘲㈳捣㈸挶愸㡥ㄸ㐰㥤昹昲㐷愰晡㔵〰挵昸搵㠳攰㌵ㄲ扣㑥㠲㍥〰捥㤹攰㝦〱捣㜳㙣㜱戴摢㈷て挵晥て摡㐳戱㜱㐰愷㐳扡愲戶㘲摦〰慡摦〴㔰ㄹ㠰㌶㍣㙥挵㜲㥦戲ㄴ晢㈷㘰㔳㔶㙣ㅥ挴愲搸晦㈵扢㐱㠰ㄲ挵扥㠵㠲愳㉢戶挰戶㜸昴摢㌶㈲㡡㉤㈲攳㠸〱搴㔱散㍢㐰昵扢〰捡〴昰㈰㜸㡦〴㥣㙦㙡〸㐰ㄴ㑢敥㍢ㅤ挵㥥攰扢㌵て㍢昸㌹晥戰㘲攴敤㡣捦㘵㠷㉡搴㙡㝥戱愰㙥〰㐱ㅢㅥ户ㅤ㙥㐴搶戲㐳〰㈴㔳戶挳㑤㘸㈶㜶〸㤲昱㘷㤱㉢戱㐳〸愵㐷户挳攷㌸ㄴ㍣㕡㤳㠹㥤㔱㥦〷攲㠸〱搴戱㐳ㄸ〴扡㤶㠴っ捦㍤〸敡㐸㔰㑦〲㐶散㘲㠷㘹挸捤㜰散攰扥㌹昴㔰㘲〴戴㔰攲ㄷ㕤捣㕤㑡㍣㠹捣愷㤳㌹㈳敤㌶㍣㙥㈵摥㠹慣愵挴ㄹ散㜱㡡㕥㤹扡ぢ捤㐴㠹㌳挹昸慢挸㤵㈸昱ㄴ㤴ㅥ㕤㠹㡣攰㐱㠸㡢㘴㌲戱㌳敡ㅥ㈰ㅥ㍡㍡つ〴晡㜴ㄲ敥昳㈶㌸㠳〴㘷㤲㘰㍦〸㐴㠹戳㤰ㅢ㕦戱㍦㠰㕢㔱て㕢㥣㠵㉥㘱㡢晢㕣㘳㜴搹㘲づ㙡㜵ㄴ㐰ㅤ〴㐱ㅢㅥ户㉤ㅥ㐴搶戲挵搹㈰㤹戲㉤㜸㌶㈰戶㌸㠷㡣ㅦ㐲慥挴ㄶ㡤㈸㍤扡㉤ㅥ收㔰昰攸戹㘴㘲㘷搴㈳㐰㍣㙣㜱ㅥ〸昴㍣ㄲ昲戴挱㠳㘰㍥〹ㄶ㤰㠰〷㄰㘲㡢㠵挸捤㜶㈶戴昷㝤慦㠷㍡ㄷ愳ㄵ搴㜹挸搵㡤㑢㥤㑢搸㑤ㄳ扢㜹ち〴㙤㜸摣敡攴戹㠱愵捥愵㈰㤹戲㍡㥦㐱㌳㔱攷㌲㌲收㤱㐳㠹㍡㕢㔰㝡㜴㜵昲㘸〲㠴戸攳㈶ㄳ㍢愳㜸㍥攱愱慤ㄵ㈰搰慤㈴攴搹㠵〷挱㑡ㄲ㥣㑦〲ㅥ㘷㠸㍡㔷㈱户搵㔱攷㠹扡换昶㌰挰㠵攸〷〶攰戱㠸㌳㌰㤷〱㔶㜳㘰ㄷ㜱㘰っ愲㐸慡搷㌰〷愴ち㑦㠰㡥㜰戹㝦㔷攱㝢㔷㠳㈸㥣愴ㄷ摥㘳㡥㘴㄰昹㄰愵扦㘷㘱昴㕣慤㙡㜸愱昹〲戶㠳敡昲㙢戹昱戶㙢挱慡㜶㘶搹㤵愷㌴㘳つ㥤晣挰㤳敦㔵㕥敢㡤户攷挰㡦摣㝦戰つ㔳㜰㉤捡㘷㜶愷攳㠵㝣㌱㥦㌴愳㍤㠸敡愳扣㐲㑥攲戶愰㍤昰㕤㜰昴散㤳㠲㔵攷昸㐹搴㙥㕥愹㠴㜷攵昲㝢㜲㌲㥡㐰㤱㌷改散㑤搷搴戰㥢㌰ㅥ㐹攷㐲㜹㤱ㄷ㠰戲戱㙥〷㐹㝤㔵攴㐵愹挲㈱搷㤸㠳扣攴㈰扦戰㤱〰㕤挵愹晡戴攴慤晡㔵㕣㈵㤴㔱㕤㔳愳收㤶摤搷㔶昸挲攳ㄷ㕥挱㈰㕤攱挰㍦㐱攴愹㌵愲㡣㐷㌴捡挶㥣ㄸ扡ㄳ攵扡ぢ㈰ㅣ昹つ昲ㅣ㔰㜰ㅤ戲搳㍡㍢晡㕣㈱㝤㜰㍤捡敡㔰㈶扥㍥㍥㔹㉢〶㌷愰攴㈴㤴㤴㝥㠲ㄶ摣㠸攲改㈸挶㉤㡥㜳慦挳㈹ㄴ愱㝢㉣慡攴慣㤵て戴昴㈵㈰戵敥㉤挴挵㘵㜹㌷㡡昰㕦挶愶㕥〶挲㠹慢ㅥ㠲㤴㥣㉥挰㝤㥡㜳㠰收㔶て愲㠴㈶㉦㌵ㄹㅤ㕤改㘷㍢攸㘰㌲㍡戵㑣㤱㔷慤㕦㕦㠴㕥㉣㔳㠴㥥㉣㤳愲ㄳ㑡戳愹㠳㘰㐷㤵㡡㙡㝡挰㐰昷〲㠴㈳昴㐳㠵㈹㔵愳愹ぢ㑤昱㌵㠵㡤搰㍦㤵捡㔳㠰挸户㔸晡攳慣散㈱㐷昱㌱㔹㝥㈵㡡昰摦㤲㡣㍥愶㐸㜶㉦㍡慢㤴㙣ㅦ㑡㉢㈵愳愷㈹晤挴挰〷㤲搱慢㘴㡡搰戳㘴㡡扣㘷晤晡㈲愲㈹㘴㄰㐷摢㤲㝤捤㉤㔹ㅣ愵㍡〱㄰㡥搰戳㥢㔰㌲扣攲㔶攵㙣昰㤲㑦扤昴㉥㌶ㄵ挹挴㙢㘳㜹ㄶ㐵昸㙦㐹㐶慦㑤㈴晢㤲愷㘴户㝡㑡㐶摦㑤〶昱㐹㈰㤰㡣㝥ㅡ㔳㠴扥㥡㈰㜴捣〴愱㜳挶愴攸㙢㠹捤晥捡㉤㔹ㄱ愵摡〴〸㐷攸㙥㑤㈸ㄹ摤㌰愹㙣〴㉦昹㌴㑣㕦换愶㈲㤹戸㔲㉣扦づ㐵昸㙦㐹㐶㔷㑡㈴扢挱㔳戲扤㥥㤲搱愱㤲㝥㍥つ〴㤲搱㜹㘲㡡搰㠱ㄲ㠴摥㤲㈰昴㤸㤸ㄴ㍤ㄷ㤱散㔳㙥挹㍥㠳㔲㝤㈳㐰㌸㐲攷㘵㐲挹愲㑥攵㈲昰㤲㙦搱昴㉤㙣㉡㤲㠹㘳挲昲㉦愰〸晦慤愷ㄱ㤸㐸㔶昰㤴㙣搰㔳㌲扡㈷㌲㠸摢㠰㐰㌲扡㈲㑣ㄱ扡㈳㠲搰昷㄰㠴晥〷㤳愲ㄳ㈱㤲攵摣㤲摤㡥㔲晤搷〰攱挸ㄲ挰〹㈵愳㝦㈱㤵㉤攰㈵摦慣改扢搸㔴㈴ㄳㅦ㠱攵㜷愳〸晦㉤㥢搱㐷㄰挹晡㍤㈵晢㠴愷㘴昴ㄴ愴㥦晤㐰㈰搹ち戲㐳㡡搰㌳㄰㠴㙥㠰㈰㜴〵㤸ㄴ㜷㘷㤱散㉡户㘴㕦㐷愹晥〶㐰㌸戲ㅡ㜰㐲挹戸㜱㑢㈵㙦㘲攴搳㌸晤〰㥢㔲戲〸昷㜱愹㍣〰愴扥㉡挰慤㘸㜵搹㍥攱㝤づ扢愸晣㤳愸㜵昸挴㘹挴て愶㔵㌸㠰戲㡥㙤慡晤ㄷㅥㅦ㉦敥㐴㍣戵攵ㄳ搸〱愹晦っ㍥㤰挸戵㌷㤱攳ㅣ㍣晡摢㈸㙦攸〴〸㈰ㄷ挴攳㑡慦慤戵㌳㙤搶㙦挸晥㡤戴㌵㜴㌹㉤慥㔴㘷㝦愹㍤昰攲昵昷扣㝥晦敡戹㜷㝦晢㝤晢昷㝡㘹㜱敢捤㔶㡢戶㑢摢搴㈵㘸㌱〳愵攵搷改摤㄰换昳㈶㘹戳㕤㔱晥㍤㐱愴ㅢ㥣挴㔸㡦〰愹慦㔲摣㠴㘸㌰㜵㌱㕡㔰㑢㈲搸㘳㈸㘹攰昶㜲㙣㠲昵㍡㉤㈶ㄵ捣搷㌵慥ち昵㜱戴昰ㄲ㙣摤㐴㠲㜵搹ㄵ攵摦〹㐴戸㝤㠹㘰晦〸〴㠲挵昰㈳㠲㜵戸〵㍢㡣搲㠶㌸挰戱〹㤶㜰㕡㑣㉥㔸㑢摢㜳㍦㘰㝡㘷慤摡㠵ㄶ㕥㠲慤㤹㐸戰㡢散㡡昲晢晦㐸ㄶ㥣㐴戰敦〱㠱㘰摣㠲㐴戰ぢ摤㠲㍤㠳搲〶㙥㉥挷㈶㤸改戴㤸㕣㌰㥦敦摡㤹〷㌷㡣㕤㜳攳㕡㜵㉤㕡㜸〹搶㍡㤱㘰㉢散㡡昲㝢晤挸㜵攰㈴㠲㍤〷〴㠲㝤ㅡ㍦㈲㔸㡢㕢戰攷㔱摡挰扤攵搸〴扢搱㘹㌱愹㘰换㜶㕢㔳昱扢敤㙤㡡㥢㤰㤷㘰㑢㈶ㄲ㙣戱㕤㔱㝥㕦ㅦ昹〲㌸㠹㘰㍦〱〲挱戸〱㠹㘰ぢ摤㠲晤ㄴ愵つ摣㕡㡥㑤㌰敥㐳搲㘲㈲挱扥㜳搶㑤㝦搸晥㥤㠳㙢摦晡搴搵㑦㤸户て慦㔵摣㠳扣〴㥢㍢㤱㘰㡤㜶㐵昹㍤㝣攴㙥㜰ㄲ挱晥ㄳ〸〴摢㡦ㅦㄱ散ㅣ户㘰㉦愰戴㠱㍢换戱〹挶㙤㘸㔲挱戰晥昹㝣搱㡣㘵戱扤㉢摢ㄴ户㈰㉦挱㘶㑦㈴搸㉣扢愲攲㝥晤〰㌸ㅤ敤㝥摤昵㠵㌲㈳㠴㐰㤲㔱㐳㙤搲㉡收㘶㠳搰ㄳ㝦㔱㈰㔱㕢ㅤ慥挳ち昸㐶㜸㌳㙥㝤㜱〹㠶㍦㌲戱㠳㄰摣〶昳㜶挱戹㜰搱㤲㘳攳㘰㜲㙢〱㌷㌰㌵挹㑤㐵摣搶㈷㐲昸挶搱㌴昱㠷㈹ㅦ㠶扢㌲挴搱搵摣㤴戱㉤昳扢㘲扦㘷〸换敤㙥㤲㙢捣㈳晡㜰㍥晤昵昳ㄶ敤昸㉥敥㠳扦愲攵敤ㄳ挸㠴敢㕥戸㕡㥤〱ㄳ㕢㤱挹㕥摦晢㌲㘶㥦ㅦ昷ㅦ愰て晥ㄶ㠰摦敥㠹昷〵㄰搶扦㐳㠹㜵て户㡥愴〱敥攷攵挲昱㔰㘱㍤愵㉦晢㠰户戶㤶ㄲ㍢㐹㜱㍢攵㉣ち晥〱挰㝢㘸㌳㍤㠷昶ち攸㌵㠷㜶㘴㔸慦戲㠸㈳ㄲ㠰㤳㌱攴㌹㌴㈷㈹㙥㜱搲搹敢㐰扣㍢㥢收搹搹㝦㠳扥慣戳㌷㔸攴敡㡣㍢㘴㐹㘷摣㜶愴戳㍦〱昱敥㉣攴搹搹晦㤱㜳愹㘴㙦戳挸搵ㄹ㜷慤㤲捥㥥㐳㠱㜴昶㉥㄰敦捥晣㥥㥤扤㑦捥愵㥤㈹㔸捤摤搹昳攵㥤㜱㜹㤶捥慡㐰改摤搹㍢敦㝡㑤㈷㥥敡㤵㜵㔶㔳搶ㄹ㔷昷ㄲ挹戸㘴㑡㘷晣戳㐸敦捥摥昴散慣戶戲戳晡戲捥戸攲扡㍢ぢ㜰扥㑦昹㘵〴慤㙦〶㤶㉤晢て㍣㜹㐳扦㈸挳㍦敦昴扡昰㉤晤㈰愲〱〳㔱㝣㡢挸㐳昳㙦㍣㠹挸昳ち㈰㠷愱㑦㘲改慢挰㔸慣愷扢㘹㌸ㅤ㠵㘶〶㑢㌹ㄳ㠵㘶愶㥢㠶戳㐸㘸㑥㘶㈹㈷㤰搰㥣攲愶愱昱㠵收㔴㤶搲敥㐲㜳㥡㥢㠶㌶ㄳ㥡搳㔹㑡㜳〹捤ㄹ㙥ㅡ慡㕡㘸捥㘴㈹戵㉣㌴戳摣㌴㈲㌲㈵㤹㡤㔲㈷㐵㈸扡散㡣㘷〱挱捥㈸㐲㔷㔰㔱㜸愱㡡㕡㔴㈲㜶〵ㄵ挵ㄷ慡㜳㉣㉡ㄱ扣㠲㡡ち㄰慡㐶㡢㑡㐴慦愰愲ち㠴敡㍣㡢㑡㠴㈷搵㍣攴㥤ㄴ愱ㄲ㠴㙡扥㐵㈵攲㤳慡㐴㐶慡㐱愸ㄶち㔵挴愹㔴㤴㔹摣㠰㥦㘰〲㌳㠶攸㐰摢㤰昲㈹㡡㈹ㄵ㍦㉥慢愰㘴㔲昱㙦㘵ㄵㄴ㐶㉡晥戵慣㠲攳㤷㡡ㅦ㤵㔶㐴ㅣ㐱ㄴ挷㉥ㄴ㍦㉣愵㔰ㅣ慥㔴㍣㕦㕡㔱晢晦㌵愵㘹㤰 | F27: 㜸〱敤㝤〹㝣ㄴ㐵昶晦㔴㡥㐹㝡〸㌲ㅥ敢戱〲㐶挵ㄳ〸㐱挴㥢捤㤰㈰㠷㜲㐹㄰㔴挴㌰㈴㌳㘴㘰㡥㌸㌳〱愲戸攲敤敡㝡ぢ攲㡤㈰㈲愰㠲㌷ち㉢㈸㕥㜸攲慤敢㠹昷慡敢昹㕢㘵㍤搶晦昷㕢搳搵愹敥改㠴㠱㑤ㄴ㍥晦㙤㤸搷搵㔵慦慢摥㔱晤摥慢愳㍢ㅥ攱昱㜸㝥挵挱㌳㡦〲㈶㍡㔷㌷愵搲愱㔸㔹㔵㈲ㅡつ搵愶㈳㠹㜸慡慣㝦㌲ㄹ㙣ㅡㅡ㐹愵昳㠱攰慤㠹愰㍣㔵㔸㤳㡡㥣ㄲ㉡慥㤹ㅡ㑡愶㠰㔴攸昱ㄴㄷㅢ㜹慣挵晣昹搵㠵挱扢っ㘶ㅢ挰昲ㄸ㕥㠰㤲㈲㠰搱㔵㤵㈳㈶㑥㐶㈳搵改㐴㌲搴愳㜴㑣愶慡㝥扤㝢㤷昵㉥㍢昰攰摥〷㤵㤵昷㈸慤㙡㡣愶ㅢ㤳愱㝥昱㔰㘳㍡ㄹ㡣昶㈸ㅤ搹㌸㌱ㅡ愹㍤㍡搴㌴㍡㌱㈵ㄴ敦ㄷ㥡㔸摥㘷㘲昰挰㐳㝡ㅦ搸户㙦昸搰㐳て㈹㈹㐶捤挳慢㉡㐷㈶㐳攱㔴㕢搵㘹戰捥ㄱ㔵㤵㘵挳㐳改戶慡搳㠷㍡㔱攵㠰㐴㉣ㄸ㠹户㔱愵㠵ㄴ㜵㥦〱愱摡〸㜵ㄲち㈵㈳昱㐹㘵㈰摢㈶㘸㕣ㅤ㕣㌶㄰ㄲ慦つ愶搲㔵愱㘸㜴㔴㈸㑣㜵㤴挴㈸戳㔰㌲ㄴ慦つ愵戶㠹ㅤ㌹扤㌶ㄴ㌵㡢㔳挵戱㌱挱攴昰㘰㉣㔴挰㐴愷㔸㐶㙦㐳敡㐲昱㜴㈴摤搴㌱㜶㙣㉡㌴㉡ㄸ㥦ㄴ㈲㑡㘱㙣㔰㘳愴慥愰㐰ㄴㄴ㜸昲昷㜱㈳㐶敡愶㙣㘰戲戶慡㍥㤸㑣换㉢㙡慤户ㅢ慥搶㐳㈴攱㌶戲㐸㜶愹攳㉥慡愹㍡ㄲ㍢㍡㤴㡣㠷愲㙣㠴捡敢敥㐰㤲㌲挹㠸摥ㄲ㡥攲㠶㡡ㄱㅤ捣挷㠰慣戰ㄵ愳〳㐱〹㠰户㈳挰㕥挳㐷㡥㈹慤慡㡦㤴㌶搴慦戹扤㘶挰搸㔱愵晢ㅥ户㘶㕥㔳㘹摤晡ㄵ㜷挶㈷㤵㍥㝡搹晡〷㙦㙦搸捦搸㠶㌷㜵〲㄰〵㕦攳㐱搳㉢㘵㝤㜹㌵挱扣㥡㠹㜹㌵戵㜹㌵㜵㜹㌵愱扣㥡㜰㕥捤愴扣㥡晡扣㥡㐸㕥捤攴扣㥡㈹挰㔱㐷㜱㔱㔱㥥㜹捣〸㍦昰昹散㐸昹挰〷づ晣搴昳晡㠸㘱换〴㥦㉤昹㤰㙤㡢㠴戱ㅤ㠰㜷㝢㠰晤㐱㘴捤昰晡㌵㜷挷㑡㘳敢㔷㉣愸㉤㑤㐷搶㉣㙥㜴愷㜴〷摥昹〷〰㈱㍥〳愵愴昶摢㡢㝢㡦敦㌷㘲搹戰戳㉥㡡てㅣ晡敦捡慥㠲㑦慦㙣㘶㈷㈲敦っ攰摤〵愰㡣捤㈸㔹㤴ㅥㅤ㠹搷㤷愶搷㍦戸慡㔴ち㈴㈳㠹搲㝤て㈸㉦㍦戴攷〱攵㝤づ摣捦昸㈳敦摥ㄵ㐰㠸て捤愶敥扣愶攲扢㍥㉦慤ㅥ戰慡㜲㥦㔱㌷慤晢昹ㅢ㐱ㅢ㈱㥢敡㐲攴慥〰摥摤〰㜲㙣慡捦㠱㘸慡敦㈱晢ㄹ愵扣㝢㜷〰㈱摥㌱㥢㝡扡㜸攸㝢㡤㤵㠹㈳㔷晥晢愵捥㍢晣晤散㤱㈵㝢愲昸ㄸ㔳摢〳㤲挱㘹㜸㘴㥡㥦挶〳捡捡昹㙦攳㘶〸㔶㈸摣㌷㝣㜰戸㜷敦扡扥攵挱㍥挱㐲敡㌷搷捥㑦攱㤷㠴挷㐶攲㜵㠹㘹昲㘹㈸〹て㡣㐴搳愱愴扣攸ㄴ挶㈹昳㐴换敢㡥攱㈳愷挳ㄴ搶㘶ㅥ㥣ㅤ挲㔵愱㘴ㅡ㈶㈴摤搴晣㌴㜵慥っ愶㐲捤㤷摤捤扡㉢ㄳ㡤昱扡搴慥敥㠵搵改㘰㍡昴㐷㘷㔹㜳㈵㔹户㔵挳扣㠴㔲㤲愴慥捥摢挶〴愳㡤愱晥搳㈳㤹攲㉥㡥㘲ㄸ㥡挴挴㤶㑢〷㈶㐳㈷㕢愵㔹ㄴ昵㠷㔳㥡㉡敢捥攲㌲㔳㤴愱ぢ㑦㘷㈲ㄵ㡡㑢昲扡挷㐶㐶㙡愷㠴㤲搵㈱扡戴㔰㥤㘴昵て㉣㌲慤㕤昷ㄱ㜱㌰ち晢㔵户㠷㥥㑢㐱㠷攲㜵愱㍡搰摢〰㈹㌷㡤づ㑥㡣㠶㜶戴愱㘴摡㐴挱㉥戶散㠱㠹摡挶㔴㔵㈲㥥㑥㈶愲昶㤲晥㜵㔳㠳戰戰㜵挳ㄲ㜵愱〲㜹㜸㌲㔰㜸昲昳㠵昰散敢㘶慡㔸㜷㡡挶㑣敢㈴㌴㤹慤㈳㙢㥤㠸挸慥㐶搰慡ㄹ〹慤㤳ㄱ㝦扦㔶㈹搱㍢㈱戱换㕢挵㜶改愴扣㘹㘷晢㠳㔷㌶ち晡㠱ㅥ愲㈱㍥㤵㜹摤㕡慥戲戹㕦㙥㠴㔲㑤㉢㡣㘰㠸摤㡡搰㘴戵㔶摦㙢㕦攴扣扣敤㑤敥㡦㥣ち㍦㍡㌸ㄸ慦㡢㠶㤲慤挶㕦㠲ㄴㄹ摤〸昶㈲搸㥢㘰ㅦ㠲㝤〱ち㕦㠳㡤㙢㔱愲㜴ㄲ㘲扡㘸㉡㥣ㄶ愹㑢搷㝢敢㐳㤱㐹昵㘹攴㈱㙥㉢㉥愶戸㘷㥡扦挷ㄱ戸㝤挳㔰搰搸㥦愰㍢㐱て〰㥦捦攳敤㠹戳挷敢㌳捡㜸敡〵㔰㌴㈸ㄴて㈱㉥昳㠹㐲㍡挷㑤㜷攱㡣ㄲつㄹ㌱㈰愴㑢ㄵ挶㄰㤸愴昲昳摤愴㌰㌸㤸慡㑦昳〱㙣戵㔰㍡敢㜲㔶摡ㅢ愰攴〰㠰攱㠳㐳㔱㍣扥㙤ㄵつㄶ搲慢㙦㌴敡愰ㄷ摥㌱㔶摤ㄴ慦慤㑦㈶攲〸㤵〷〴搳挱晥戵〸慤㔲㈲攸㡤つ㑤㔴㌵愶扤戱挱ㄱ㥣㑡㘲愳㐲つ愱㘰扡ち收㌹摤㌱㌶ㄴ㘱㤹戴㥦㐳敡愶ㄷ挶㌲ㄱ搵㠰㔰慡搶㘰攸㌵〴收㘸扡ㄷ㈹搸搷㤲ㄸつ㑣㘸㝡㥡㔵ㄷ挵㐶〶ㄱ扡愵つ㈰㜵㤷㜷㘵㔲扣戳愳捣㔳㜷晢捣㉢搴攰㤷㐹慤㤶づ㌲㈳㔳㤳㡣攴攱㌹攱㠹ぢ㑣攸㝣㜲㡥㑤㐷愲愹㌲㔳扣㘵〳ㄲ〸捤㐳㜲戰㐰戱㝢扤攸㔸摥㔶㤵攵㝣挰ㄹ扢㡤愸㥤㤸愹ㄶ愴っ㑡㈶ㅡㅢㄸ扦戵㔵㍤慣换㘳昴〱戸昱㥢挵㠷敦㜵晤搲㕦捤昳改㜸㜴攴㘱㌰扣㌳搸捦搹㌳搵㘱ㅣ㠴㤴慦戵戲㐲㠶㜹慥ㄶ戶㠵㌰㤳搱㔴㐹っ摣㡥㑥㠶㘴摣㕣㉣㉦㥡ㅡ㐲ㅤ㘳㘳ㄳ挹㈹ㄳㄳ㠹㈹㔴晥㌶昲㉡㔵ㅦち愵ㄹ㡣㜶㌰㘳㙦愶㠵㄰昹昹戶愰㔲㡢㕡ㄹ挶㝡て〳攸搸㍦ㅡ㉤㔵㌵愶扣㠷㈳㉢ㅦ㥥挴㝢〴ㄲ攵〳㈳昱㘰戴㘷昵晡ㄵ户〷㝢ㅥ搰㜳㘴晤㥡㜹昱㥥改㌵户搷搶昷㤴㠱㘳㑦ㄹ㌸昶㤴㠱㘳搹昴㘸㙡扡㔸〳㈹㌱㍡㝣昴㡢愶昷昷ㅡ摥攳愸㙢摦㥡戲㘷搹昵㥦㕦㈸ㅥ㌱ぢ戲愲㔳〶愵㡣㠶㡣ち㠲〰㐱㝦㠲㑡㠲㉡〰戱ㄲ户搲㜶㤵攲㠲扦敤㘰慢ㅡ愵㘱㌸ㄲ㔷挶㐰㠲㐱〰戰㐰㔲㌳㌰㐰㐳㜰改㍤ち愰㤳ㅡ挹㤴㘶㕣愳捦㈳昸攸搱ㄸㄹ㐷ㄳっ〵㄰㡣戰昸搸㝡㡣㘱〰㉤敡㥥㔱戳㙣㠱愸敡㌰㐶㈲攵㌳㕡㈹ㄳっ㥣愹㝦㠳昲㌶㈸㘱㠳搲ㄵ㡢㑣㤹㘴〹敢㔶戳㈰㉢挶㘶㘸㉤㠵㜵㍣㉢㌹㠱㘰ㅣ挱㠹〴攳〱挴㍣㔳㔸敦攱㠲扦㘶㘱搵攰捡㤸㐰㄰〴搰㠴㔵㡢㑢㙦ㅤ㠰㡢戰ㄸ挶㑢㘱㠵㤰㌰挲〰㠲〱㝡㐶㔸㤳㤰㙡㔱㔸㡣晤愵戰㘰㈱慣挳㤸㡣愴捦㘸愵㑣㌰昴㜷ㄳ搶㈵㉤〹敢㘲戳㈰㙢㤴挰挱㠱ㄴ㔶ち〹㠳捥捣㘸㈴㤸㑡㌰つ㐰㥣㙦ち㙢㌵㉥昸㙢ㄶ㔶ㄳ慥㡣㔳〸㑥〵搰㠴㜵ㅡ昳㈸㉣昴㈴づ㍣愴㜰㑥㘷收㑣〰㔱ち㤰ㄱ捥ㄹ㐸戵㈸ㅣ㡥㔶愴㜰昲㤱㔰㠷㜱㌶㔲㍥愳㤵㌲戱㍢㌰摣㠴搳搸㤲㜰搲㘶㠱㜳㕣㔳搸つ㌵㌹敤戵ㅣ昶㕡ㄱ㥦ㄶ㑢㤲㈳㙦昸搸㜸㈴㥤敡㄰敥摦㤸㑥っ㡣愴〷愴搲㈵㘱〰㈴攵㉤㝦㤴挱㤱㜶㔳昷昰㤸㐸㘸摡㘸㔸慣摤戲㡢㌰㈳㔰搵㤸㑡㈷愴㉢敡㥡㕤㍥㈰㌱㍣㤱ㅥ㄰㐹㌵㐴㠳㑤摤㕣㡡㌳㈵㘳敢㐳㜱㐴敢㐹〴敤ㅢ㐳㑡㌴㌴㠴敡㕣㘸慣㑥㌴㈶㙢㐳㐳〶㙣〹昱扥挸昸㔴て捣㌶㍣慡搸慢攵昸㔶㤳㍢㘳扥㍣㤸㝡戱㤹攱㈲㝤㤹挷戸㤸㄰㙤愲慢ㅢ㤷㈰㠹ㅥ㕦挸ㄸ戲昵㉥愲㡤㈰昸愰昹挲㔰㙢㈶慦愳㌹㐴ㅤㄲ㑦㐵敡㐲㍥昳㙡㔸㈴扥㡤㤹ㅣ搱㤸戶㤵〴愷㙦㙦㤶挰ㅦ㡤㠸㐳昵戵挱㘴摤㤶愰ㄵ㌰㠶㈳愳ㄲ攱挵扦捤ㄳ㜴愶ㅡ㡦攷㙢㌵愱晡昵改㜸搸㉦㐵㌶㘵捤㔰摤㌵㍣戰ㅥ㐷㈴戴〱ㄸ㡤㐰㐷㡡摢捡㉥收搵戰㔰㌰㉥戵㔰㥤慥ㅢ㄰㥡扡㡤挴〸愱㠳㘳㈲㉥ㅡ摡摥㝥㈹愳㐴㈳摣㝦㘲㉡ㄱ㙤㑣㠷戶戱㔲昲㐱㌷挲愳㐲搱㈰〷搳㈵㔶㙡㘴㙤ㅡ搳つ㔶㝤ㅣ㈸㙦㌹ㅡ㠲㐴ち㑣㉤〹愹㈷㙦㉢㥤搷捥〴㥦愱捤搴㉡扣㕢㔸ㅥ㕦㔶㠸㙢慥收戱愸挲愳ㄲ㍥ㅥ㥥挲㝤㔰㝤敥愳㘵㍥㐹摢慢㐹㥣㡣㠵㤳挶慢㐴攵㜱愰摡㌱㉣敤ㅥ㘶愳㌸〷摢㠹㡦㑥ㄴㄳ攴改㐸㙤㌰ㅡ㙤摡㈶㍣㈴㕥ㅢ㙤慣ぢつつ㑥っ㐵㤵捤㑥㈴㘳㕢㠸扥攴㔲㐲㐶㔷慤挸挵㥣㐲ㄸ㠲昵〴㌵㌶摦㙣㌳攷㌱㉥㠳㔸㌳昱㠸㄰㍥攳ち㕣㔱㌵ㅣㄸ㙦昲搴〴㘳攷敤㥡㈷搶攴搴㌶㑣㕢㔶ㄶ㙤ㅡ㠷㙢搶散㠶㝣攲㌴戴愱㠹愱〹捣㍣搵㘹㔹㠳㈳㤹慣㉤收戹㤲㙡昲㝡扤㥢敢㘰㈰㉢敤㠰搱㤳挷搷ㄵ㜴㌵搴挰晥戸㜶づ昴戴㐰㐴晡㝥㘹〴晤㐰散㐴ぢ㤶〹ㅣ㐶㐷搲搱㔰㠷戰㉣㤷改㘲㍥ㄲ㤴㘶㔱㜸㜴㍤〶㑤〳㍡㠶〷㈵㈳㜵搱㐸㍣挴㈰〴㌳愱㕣㑥ㄸㅡ㥡㠴㌹扢㤱㠹㔴㠴㡢㔷ㅤ挳愳㤳挱㜸慡㠱㘳攳摡愶敤㙣㔷㔲㔹㠵攱捡㐸ㅣて㔰愶㑤愶㍢㠵慢敢ㄳ搳戰晥搵ㄸ㡢てち㌶愴戶〸㐵㌵挷搸㤹愷㉡㑦攴攵㠹攲扣攲捤昵㔵㜲㈸换㠰挰挳愱㝡ㅥ㠱愹慥敥㐸戵昲捣㔲㔳收慣㈹㥦㔹搲㘵㕢㌸㜲㥤扡戱ㄶ㄰㘹㠷㡤㔹扣㘷㌶挰㔱㠳㡥ㅤ搲㍣搷晥㕦㉤晢ㄵ昶㐰㝤慤戸〳搹㌵慣㠹㍤㡥搷戶挹㜴ㄷ收戱昷ㄸ㔲敢扣㜲㜶㐱㕦㔸攲戰㌷挲㠳ㄲ㥤挹㠱㤸㝡㈹挱挳て昳㡢ㄱ㈸散敥㌶㤹ぢ㠶㜴戱㘰㌴㘵㤶㔵㈵㘲戱㈰扢ㄷ扢㘶㌵㙣㜷愸㔸挶搷戰㈶㐶ㄸ㐰昶㐱㌳㉢㌸ㅤ㔹挱改㌲ぢ㉥㤹㤳昵㌲捤扡ㄲ㤳㠲挹㐸扡㍥ㄶ愹㉤收〵㈷搴户㠸㝥㠹㉥㔴〰㘱慡㐳㜶㑥〴慢捥改戱捣㡣づ搴㕤㠶昱〳㐵㐷昵愳昷收㐹㍦㉥㌶㜳㈶ㄴ摤㔷ㅡ㝣㘳づ㙡㉢攴㠴〱摣㐷㠶ㄴ㉤〸㐳㡥㌴㐴愲㡣〸昸ㄹ㔷㥢〹㕥ㄴ㜰慥戰搵㐹慡㈲㈰昸㠶㈶㠲㜵〳戱收㤲㐸ㄶ㤹换搴挵㔰㉤捤㑡搲捦㠹挹㉡捣收㘳㤵㘰㉡㘲攱㘴㌱㌳慡㌱攵㔷挰㈹㑤㙦㐶㠷っ㌰㍤㠵㠵ㅤ㡡摤摡ㅡ愲敡敡㘶㑥攰攸慢敦㐳戲敡晦攲㤸㐳㉡㐰ㄴ搸攲攸搲戸㠶攰㕡〰挱㈹㑦昲攳㐰戸㡥〸搷〳ㄴ昶〱㜰㍥㈵㉤㑥攲戱昲挲ㄸ㈷ㄷ㡢㘳㘴〷㈱㠷ㄷ㔳㡥㤸愴㠴㐸扣ㅤ㡡㘹㌴㡣ㅢ〰㥥㝤收㤹㝥㌸㜹〴㘷挹㔴晢㝣挶㝣㍥ち捦戸㤱㘰㉥㠰㈰搹ㅣ㤸㑡戵㜹㡣㜹㐸㐲㈵㜲㔰㌲ㅦ㐹戸ぢㄱ挰㤹〳ㄳ㜵㘸㥡㐴㌸㝤㌳戲㠹搵ㅦ㘷㠶搴㔴攸挶挲㌳挱㤹㈶㠶㘸ㅥ㘳〱〱〷㐴攸㈸㍥㘳㈱ㄲ慣慣ち㘷挶〹昶㈳换㤳㠹㈳㠱㐰㙦收㤱㤳㐱戲㙤㠷昵ㄴ〳㔱㑡ぢ㙡㉣〲㄰㠳〰㘸㤸㐰㘵愶愳㉥㐱㝡攳ㅤ㤵㤳㕢戲愳摥㘶㈶㜸㈱㡥〶㔰挲㐵ㄲ㤴㔳㐱挶敤〴㜷〰㠸愱〰㉥〸㑢㠹戰㡣〸挳〰搸〳㡣㍢〱㉣愵㡤挴㠵扡慤〴㘹㔳㘹㜷ㄱ昱㙥〰㜱㍣㠰愶戴㝢㜱〹昲愴搲敥㐳㤲ㄲ攴㐴㔵换㑡扢摦挴攲㑣㔶捥㑡攳㡣㔷㐶㘹换㤱㙡㔶摡㠳㘶㘵攳㜱捥㐵㘹㌵挰换㈸㡤㤳㔲愴摣改昲挴〴㘴㑢愵慤㘴㜹㄰挰愶戴㠷㤰戱㜱愵搵昲㕥晣㡣㔵㘶㐲㉡㉤㠴ぢ㈵㕣㈴㤵搲㔶㈳㘹㍣っ㈰挲〰㉥〸㡦㄰㘱つㄱ㈶〱㐸愵㍤㡡㠴愵戴挹戸㔰户㘹㑡㝢っ搹挶攳〰㈲〵愰㈹敤㐹㕣㉡愵慤㐵㤲㑡攳㠴㔹换㑡㝢捡挴㙡挴㌹㘷愵㑤〵㜲㐶㘹㑦㈳搵慣戴㘷捤捡㌸㈹㤷㡢搲㌸㍢㤷㔱摡㙥㐸㤱昲㉣愵㜱敥㑥㉡敤㜹㤶㜳ㄲ捦愶戴ㄷ㤰戱㜱愵㜱戲㑦㉡敤㐵㌳㈱㤵㜶㍡㉥㤴㜰㤱㔴㑡㝢〹㐹攳㘵〰㌱ㄳ挰〵攱ㄵ㈲扣㑡㠴㌳〰愴搲㕥㐳挲㔲摡搹戸㔰户ㄹ㐸㥢㑦摡敢㐸ㅡ㙦〰ㄴ㜲㤲㈶户㐹愱㈲㘰晡戵㤹㍡㠶㌰愹㙤挳挷㌴〶愳搸㤰㌳〲挳挵㌴戳戶㠴ㄸ愱㈰㌳㘸㜷㙥㠶戰敦搳挱㝣㤷㘴㘱摣㜸ち挶㈹〳㍢慥挹㕢㡡㤸㥢㌷愸昷ㄵ敥㡤㘹搳摣㕡㘱㡦㈸㥡捡昵戶㥡ㅡ㑦㌱摢愴搹昵ㄹ㙦ㄲ攲㈹攲㘴㥡散㐲㙦㤹〹ㄶ㡢㑢㔵敥摢㐸愸愳㤰㐳搴㔶㘲㙢挷㜸㤸戵㙥摦ㅣ〹㌰收敢ㅥ攵㉥㍣户㄰挲ㅥ㘲扦㠳㕢挵ㄵ〴昸ㄹ㍡つ㘲㤶捡㝤捦㑣㤰摥㐲㐶㔰ㅢつ摡ち㠰㠴㤹㍥㠴㙦搵改愶㈸㐲㘶㈶戹㐶㤵㐹㌱㐶挸ㄴ㠳攸㐴ㄲ㜳〰〵捥搵㘸敢摥㍤㔱㔵㠷ㅤㅣ慢晦昲㌶㤶捣挶慦㜰㌷愸愸挵晢敤㕡攱㍤㍣扣敦〳散㌰㉣㔲㥢㑣愴ㄲ攱㜴㘹㌵㠶㝥愵摣て〲㉢㕢摥扦戰ぢ㙡㜴㙤㤳㡣ㄵ挴戹㜷㑤㉡摡㌷㈵㥥㤸ㄶ㤷搴ㄴ愶戸㉤㐶㑡戱愸㠸捤昸昰㤳挷㥥㤰慤晦㙡㈴㜹戳昱㈱㐰挷㝣㍦㐳㌱ㅥ㝥㠶㘳㍣晣㡣扤㜸昸慦捦㥣㍤㥤ㄸ㌱戱ㄶ慦㤹搱㘶㈷晦㡤愸㡡搴㜸㍦〲搸愶慡戲㐶ㅢ慣㜹㍦㐶摥づ㌵愳ㄳ挹㜸戰㉥㔱㌳㉡㤴挲挶捡㔴㑤㜵㈸敤晤〴㈵㈵挰㤶㠱敡㈸㙣㌴昱㝥㡡㥣㙤㤱㘳摦收攷㥦㡢㙣挹㙤〷㈴㡣捦〸攸㝢㡣㉦〰挴㍣〰摡㉦㥦搸ㅥ㘲收昳㤵捦㉢攳㑢㐲㍣㈷昳㜱㤶㜲晣捡㑣戰㔸摣慣㜲扦㐶㐲ㅤ㘲〱㔲㝣㔶㡣㙦〰挴㐲〲㕥搹㜰ㄶ愹摣敦捣㠴慣㙦〹㉥搸㤷㐵〹〸搸つ㍦愴㍤摥㝦〱戴搸㉤㠴て㘸散ㅡ㜶搵摥㠶㝢㈴戳㍦㈰〱搵㌲捥攲攱㘷慣挵挳捦挰㡡㠷㝦㔹收散改㜴㈷ㄲ敤愳㕡㐶㘳㔲戵ㅢ㤰㜰慡昶摦挸㜳㔷敤㡦㈸戱慢昶㈷攴戸愸昶㙥㘴㑢㙥户㐵挲昸㠵㘰㍢〲捡㑦摣ぢ㤰㔱㉤昷ぢ㌷慢㤶㠳㉤慡㤶㔱愰㔴㔰ㅥ㈰ㄳ㔲ㄵ㡣晡㘴慥㑤㙤换㤱㉢㔵换㈹㐲挱㘰㉥ㅢ㐷㠶㘱㈸㌱扣挴㐱㐲搶挷㌰㑣慡昶摦晦㘹㔶慤㐱搵昲攱ㄶ㍦㈰㌷㕢㡢慢㔰㈸昹昲愱ㅥ㘸㜱㌵戱㜱昸ㅦ捥㥣㍤㝥㐶㕡㍣晣㙢㌲㘷㑦愷㐷㤱㘸ㅦ㉤㍥㠶㥡㈵㌵搴愲㐱戵ㄹ搴㤰㐱愵昸ㅦ〷㤰㠵㍢㌱换て㝡攵ㅥ㑢㘳㍢愴〴攳户㡣ち晥〹㍥㥢㔵戰〳ち愹㠲戵㈸㐷ㄲ㝢㌸〹捤㐳㍣㠵㐴㜶㉥㐳㌳愹㠲ㅤ㔱㈶ㄸ㥡㘵攳挸愰ち㈵挶捥挴㐱㐲慡攰〵㈴愴ち㍥搱㔴攰晤㈳捡㕢㝥扡㍥㜲搵ぢ攳㉤挹㙣㘷摣っ扤扣㠴㙢ㅥ㝥挶㔷㍣晣慦㘴捥ㅥ㍦〳㉡ㅥ㥤ㄸ㑢戵㡦㕥㕥㐷捤愴挶摢〵搴㌸㥥㉥愹㈶敦㙥㈸戰㍦㐸愵挸㜱㜹㤰ㄸ挷㐹挶扡㈰㘱散〱㈴戹㝤搵攸㠶㤴㘰捣㠰㌳㜶㙦〱㔲愲晣昹ㄹ㌸挸㕢昶㐶㉥㘴愱摣戵㤰㕥㥣攸㉡㈷㡦攸敦㈹昴㝤㈵㝡攱㠷戸㍥扣攵㤵㐴捤〷㜴㐷㠰㘱摢捦㜸㈴昶㈷㌶戱搲㝣捣㔴ㄴ㑡晢㕦㤰㜷搸收搵挵昰慤ㄸ㔵昱㔷昸ㅡ㤴晥㕦搴㐳ㄹ㌵挷㕣慣㜱㌷晣㡣晤㤱㕦昸ㄹ㔲㍤ㅣ㈴㥡晢㠶㠶〵攳挱㐹愱㘴㤹改攴㑣ㅦ挷㉥㈳㈶㠹㤰〸㡢㝡ㄱㄱ㤳挵ㄴㄱㄵ㌱摢收㈹㙣㔵挷散っ㔷㤷㝡攵㔶㌳昷㡡捡㜸㤵昱愰㜳㔹捦㐱つ㜶挸㐹挹㕡昸㙥攱㕢㙥㥢摢㡡㡢昷捦㠹㍥㙣攰㡡挹昰㜸㜶㥥换㠴㤲摣戲ㄷ愹㉤ㅢ㄰㤱敦㜷〴㤳㑤ㄳづㄸ㌷捥㐴慣㑥昳愵㠱ㅥ愵戱㔴㙤㈲ㄹ㡤㑣㙣㥥㥦捤㝤㉦昴挱〷〷晢搶昶㍤愸昷愱㝤づっ㤵ㅦ㜲攸昸ㅥ攳㜲愲摡搴㔷昷㈱昱㠶㐶散㠰㑢㘶慥ㄱ愱昴㈸愵㐸摢敥摤㡢昱攳㕢㔵〱㜵㉡㠷慥㠵㉦愳ㅢ㙦㙡㡦戰昷㕤搶挵㥣挲㤷㔰搵愶㜴ㄴ昷㙡㡣㌲攴ㅢ扤〰攰㠸攵㘱㤴㌳愷㌷㠰㑦㌰づ敢㐴攲て㈳㌸㥣攰〸〰昱㌴摡㜶摤戳昵㤴㔹㤰戵㘷㡢㐱ㅢ慡昴ㄸ〷〳㕡㠶㡡㤱㥢㌴㔴㠷㈰ㄷ㠶㑡㌹㜶昱㡤㐲㔷㌹搲㔰㌱㌰㤳攸㠷㐹㜴昱〳慥㘹慣挴㘳㘸㤶ㄶ㐲㍥搴㐷愰㔰㌰攰攰㠳㥤㤹㌱㜸〴㘵ㄴ㍤㑡㍣攲㘱㈴㈸㍣㕥ㄸ〱㐰愳㍦㠰挵㝥㈵㜳慡〰㝣㠲戱㡡ㅢ晢て攰㙥㔷昶㤷㥢〵㔹扢戰ㄸ搸攰扦挷ㄸ〲㘸戱捦攸㐶昲㜳ㄴㄲㅤ昳㠵㡣㘰㠸㘵攳㥡㌱㡢挴ㅡ㥡挱㘲攰㈱戹扥ㅢ慤㔹㕣て㐷慥愰㡦㙦收㝡ㄹ捡㉤慥㤷攲挲攲㝡ㄴ昰㡣㙡〰㡢敢搱捣㌹ㄶ挰㈷ㄸㅥ戸㜱扤搰㘴㉥㙢敦搹㉤㘶㐱搶㜶㉡挶ㄲ昸㡦ㅤ㘷㠰ㄶ搷㉡愰㄰㌲㕡㘰戱㤵㠳ぢ㍦攳〳挹敥㜸㈴㈰ㄴ晡㜳挹敥㍣㌴㘳戱㕢㠳㕣㐱㘷搸捣敥㡤㈸户搸扤〱ㄷㄶ扢戵挰㌳敡〰㉣㜶㌹〰㌳挲〰㍥㐱㍦敡挶敥㙣㤳慢㉣㜶㘷㤹〵㑦㍢㕥晣昰搳〷㑢捡愳慣㍤㐶㄰〷昰〹扡㘱挹挲㘵戸㤵㉣散ぢ㐶㡢〵搶㤲㔱攰㌴挰捥㤵㑣敤慤〸㤲㔹ㄸ收昸戸㐳㌸㤳㑤ㄷ㈰户捡㐴攵攰戲〴换㍤㐹扣㤷㌰ㄴ㉢㤸㔸攴挱㕢㑢收㠰ぢ㉢㥢㥣㜶㔷ぢち㠶扣攲捤摥昰㠸㈴㔶ㄸ㡡挲㐳㔲㔸㈷慤㉢挶愶摦㌴摥ㄳ㠹㙦〹昳㍣ㄸ敥ㄷ昰戹㐷摦攱敥愶㍣搷㤱昶㥥㈸㜶㉥㐰㘸㈲㙣㤶㠷摡㄰㤰挷㔵愲捤㥢攵昱㌶㐰㕦捤㕢ㅥ攵搰㍥㤵㈷㉥㠱㐶攵㐰攱昳〳㜶愱挹挰㤱攷㌱㤲挰昵愶〰戸㌷㔶㐸㍥㌰挳㙤㜰㠱㔳ㅡ㈵〹戰㤸㡤㙢㈷㘳㥣昷ㄸ挸㍢ㅣ㕢敢㍢㜴㈰户㡢㉡晥ㄱ昸㜳攰㠲晥㠲愶扢ㅣㄹ㡥挵㤹愹㙣㘱ㅡ㠰愰㔹㜷㐱㤸㑥㠴㈶㠰㐲㥡㝡㘷晦㜳〴ㅢ㘶攸㈳〳〰㡥搲㐵㔰〶㍤㜵㌲晣㤹㠴攰愷㔶㑣戴㠷㍥昹昹㝣〸ㄸ晢戸㌹㐵㙢㕡愹搵挲㑤㜱㙣昴㠸挵搸㙥戰愹㝥㤵昷㉤ㄵ慤㠴㌳散㌱ㄳ㝡㡦换㉤搶㤰〲敡㙥㑡㑢〵ㅣ扦㐳㥣攱㍤〵㍡㍤㐳捣ㄸ㤵㐸愴㘷愸慤捣愹ㄹ㥢扡㉤㝢㠶摣戹㕤㉡㜷㙥攳㥤挴挷㤷㍤㝥ㄳ㕥㐳㕣㜳㔳扣戴昷㡣摣㕥㔵㍣㤵扤㙣〶㠰㌸ぢ捦㠷戲挵㠵㄰㝡㘶慦搳摡㔵收戹〲㔹昲㄰㘷〲㔱㔹㜰攳㜴摣敡㉢㘰ㅣ昲扦㤸搳敤扤攴昱攳昹㤸㘵㉤ㅥ㕢㙢挵ㅤ㌱〲㤳挳㠴㤱挱㐸㌲〵昷㥢㕦㝣㜹㙢扤摤っ攲㡦㍣㌹㌳攳慦ㄶ㤰昹〰戴㘳㈴㍦扥昸㥡搶㐶ㄴ㍡て晦摦㡤㈹挶㡤攷愲㡣㌱ㄳ㡦㠰㑣㥣㠱㠴㥦昱戳っ㌲捥㐴挲㌸㡢攰㙣〰㥦㘰〸㉤㠳㡣㔳昱ㄴ㘹㐱㠶㘰戰捣㐰挳愰昷捡ㄳ㑤慥摥敡㝣㈲搰㕢㌵㝢慡ぢ㤸搵㤳ㄴ㄰㜸〴攳㙡㝡㉢换晦㌰㜶㜶㜱㉦㝦攵㝤ㄷ〱〸挶搵㉥〸ㄷㄳ攱ㄲ㈲㌰搶愶て昲㕥ち㜰㙥㝢ㅢ慤㕣㕦㕤㙥戶㕣戱㕣㉤㔷㔴户㕣戳挰㡣㑦㜰〸㐱敢㘵搷攱㔵挸昱㜳㄰㈰㜵㌸〷〹攳㙡㠲㙢〰㝣攲㈸㐰愹挳㤰㐳㠷っ晤㌵ㅤ搶扡敡昰〶㔶㘴搷攱㕣㘶㘹㍡攴㈸挱愶㐳㡥〴㕣㔴㌴㡦昷捤〷㄰ㅣ㈵戸㈰摣㑣㠴〵㐴攰挸㐱敡昰ㄶ㈴㉥㘸㜷ㅤ㙥挲㝢攱捤㝡ㅣ㥢慢ㅥ挷攸㝡㕣〲㠶㝣㠲㠳愲㙣㍤摥㡥㕣㍦㠷㌵㔲㡦㜷㈰㘱㉣㈵㔸〶攰ㄳㅣ扡㘸敡ㅡ敥慡慥扢㠹㙦㔷搷扤捣搲搴挵㔱㡥㑤㕤ㅣ挹戸㘸攳㝥摥户ㅣ㐰㜰㤴攳㠲昰〰ㄱㅥ㈴〲㐷㍥㔲㕤㉢㤰搸ㄲ搴㘵扤㕢摦慣慥捡㕣搵搵㕦㔷搷㙡㌰攴挳㥣㥣㥢扡ㅥ㐱㉥㈶改捣愷慢ㅦ㙥愳㠵攴㕣㐶㜱㥥㔷㜰愸㈶ㅦ扢㈳捣㠲㝥戲㐰㠸戸㉡㌸摣㉣㘰慣㘲㍣㡥摣㐲㠶昷㌹㡦㍢㠰扢戹ぢ慦㑦攰㕥挱㐱〳敢㌰㥥〴攴挰㠰㍦㍦〳㝤ㅥ㝥〶晢㌲挱挸㕥㈶ㄸ摤昳㄰ㄴ㉡搳挶㕡㌳㐷收捡戰捣㤹㕢挰㠸㙢慢ぢ㠸㌹慤攰晥〵ㄹ㍣㤹㐷攴㌴㑤攸ㅡ扡㘷昶つ攰ㄳ㌴㑦㐱㉡戴攱晣ㄵ捣挴挵㤶ㄸ㐵㠱㌶㑦ㄱ攳〳愹㙣㤲㥡㍦攷㝦㜱㤵敢昷㝣㄰㌷昷挵搳晣㍦昱戸㝦敥㘸晣㜸摡㤶晣㈹㔸扥㤱昳ㅢ愲攰㑦㌹㍤㐴㉤捥戵㜳㤸敤㝤〶㕤昳㜶㌱挳昶攲昰㡣晥愹㔴㘳慣㐱㝥ㄱ㙡㜳挶愷戶㌱改攰昵㉢捥㉢㑤搷慦㕦㜱ㄹ㠶愹㔳昰戵㤸㜴㘹ㅣㄷㄱ昳换㌹愵㡦摣㕦㍡㈸戲收愶搲㜴㜲晤㡡ぢ㌱慣㥤ㅢ㈹慤挵㤷㜶昰㘹㤹㝤㔳挱挶搲㌱晤㐷昷㑡搷㌷昲㉢㌳搱㑣扤晢ㄹ捦㠲㘶㜱〰扡ち扢㡢昷昹昶收攰搱㑢ㅦ㕦戶㝥挵昵㈰㍦挳挴搴㌵㜳㐹敤㠳㌷挵㑡㈷㍥づ戰ㄹㅣ慣㈳〷扤ㄴ〷㉦攲㙡㔱㝢敡愰ち㠴㔳摥㉢㉥愴㔸扢㤵挶昰㠶ㄱ摥㤸攸搵㄰摣㙦㜳愸㝦㠹搴昷㔰搴扦㠲慢㜹敤㐹㝤㘵〴摡㡦㑢晡㘷㐵㐰㝥慦㘱㐳㌷㡢散㔷㐹昶㝥㡡散搷㜱㜵㑡㍢昶晢㘱㙢敥㠹愰㥢愸慥㠳㑥戲㉦搶摢昰㌰㌴㤶㜶敢ㄵ摣捦㜸㠳搴散慤愸㜹ㄳ㔷攱㜶愴㘶愸散慥昸㠴搵㑤㘹攳㉤戶扣愷㙡昹ㅤ㕣㌵戴㘳换搵㜸㜶ㄷ愴昱㑣㔳㡢改搲㈹昵戸㙣㌴摥㈵つㅣ㈸换攸慥ㄴ挴攸㘱ㅦ〷捦戲㘰㌷戳㐰㠵㝤ㅣ㔰换㠲慥㘶㠱っ晢㍥㘰㘵ㅣ㈷㌳昴㌳㍥攴搵〵〴戰㙦挶㐷㠰㔶㕣挶〱㌰て㍦〷挱㌲挱ㄱ慦㑣㜰搴换㐳㜰㡣挸㜸换昸ㄸ㐰㠵ㄷ㐵ㅣㅤ晥捦㠳㙦散㡢㝣攳挷㡢㕤㔴扦晡ㄴㄲ摢摡ㅣ换㍦㐰戳搸㔱㜱昰㜹㝢㜳搰づ㡥攵ぢ㜲戰扤攲攰㑢㕣㙤㑤㡥攵㉢㔲敦㔷搴㝦㠳慢慤挲戱㝣㑢戲㍢㉡戲晦て㔷扦愷㘳昹ㄷ愹昱㈹㙡㝥挰搵㙦攵㔸㌶戰攵㈲搵昲㡦戸晡敤ㅤ换㑦愴㘱づ㠰㜴ㄳ〵㈰㐶㜷㉣㥣搱㤳〵昹㘶㠱㜲㉣㥣攵㤳〵㜹㘶㠱㜴㉣扦戲㌲㑥摥㐹挷㐲㍦㈲收㌲ぢ扥挰攰㜴慣攵㔸㌸㉢挷挳捦㤹㌹㤹攰㌴㥣㑣㜰㉡㡥㠷攰愴㤵㜴㉣㜹戸捤㜲㉣㥣慥晡㥦㘳挹挱戱晣昲㡢ㄹ敦㜳攵㜹㙢㜳㉣㝣㍤㐵晣愸㌸㈸㙡㙦づ摡挱戱ㄴ㤳㠳ㅦㄴ〷㍥㕣㙤㑤㡥愵〳愹晦㍦㐵㝤㐷㕣㙤ㄵ㡥㘵ㅢ㤲晤㡤㈲㥢㥦㔹晥㍤ㅤ换戶愴收㑢㐵捤昶戸晡慤ㅣ换づ㙣昹㜳搵昲㡥戸晡敤ㅤ换㑥愴㠱换〹搲㑤㝣ち㘲㜴挷挲㈵〶㔹昰㠹㔹愰ㅣぢ㤷ㅤ㘴挱挷㘶㠱㜴㉣扢戲㌲㉥㌳㐸挷搲㤹㔷㕣㘱挰㝦㡦搱〵㔷昸㉦㝦㝥慥ㅦ昰昰㉦㔷〹㉥ㄸ挸ㅣ㉥ㅡ昰㄰慢㤱㤰㡥愵㉢㙥戳ㅣぢ㈷搶晦攷㔸㜲㜰㉣敢捤㝥㘵㜰挴㘲散㑥㕤扣愳戲㌸〴㌰扡㌱敢㑤㤵挵㤸摡搸㠷㔹慦慢㉣〶慡挶晥捣㝡㐵㘵㌱〸㌴㝡㌲敢㐵㤵挵㐸捣㈸㘷搶昳㉡㡢㈱㤲搱〷㔹㥤戸㜲㌱ㄶち换㥢㉥㙡㈷搴㑤㤸戰愱㔳㐱改ㅦぢ㡥ぢ㤴㕣晤摥㔳敦㕦晥昲㠹晤㍥昹昹扡敢㕥晥昰昲㘷㝥㕥㌹戱摦ㄳ昳收㍤㝡搴㡤捦扣扦㕤㜸㙥摥㝤ㅢ㠶捥㥤搱㝢捡㡣㤳挳挷敥㍦㘸挶昱㤳㡦改㍤㜲摢敥昹昹㐵㐵晢㙣晦攴捥晢晡㘷㥥扣㕣㍣晣挶㑥㜱㈱㔷㉢搰㠰㜱㈰㥡攳搱ㄹ㍦㍦㔷㉤ち㤰㌰晡㈲搷㌸〸愰㘳㥥㕦㉤㐸ㄴ㜱㠲㕤㜶㈱㙥换㉥㜰㙥昲㙥㘵㍢㤲㜳户つ㘷ㅡ㡤㠳搹挴㈱〴㠷ㄲㅣ㐶㜰㌸挱ㄱ〴晤〰㝣㠵㥣搹晢㉦㘷㌵昹㉥ぢ戶㐲搵㘲㍤慤㑥敥〳㥦挴㍤攰㔸㌰㑡㠸㠹收㥥昰㠶づ戱㈳愳昸㤶㑢愴ㄶ㉦㔰摡戶㐸攱㑢收戸㥤㠷摣㉡㠵慤ㄹ㥢戴晦㥣㝣收戶搹㐹敥㐳戲戶㠹ぢ㙣㤲挲搱敡挶慢㐳㜲㥡散戵慤㤸昴㑦昱㍢愲㜲㥡搷敢㕤搶摡ㄶ㤳㑤摡㔰愵㈶㤴㐷㠷㔲改㤱〹㝣㡥㕡㙥㘶㘹晢ㅤ㔵慥昲戰㜶捦换㍥㘵敤㌱㉤㕣㡤㘷㙡㔳㐵捦敥摤晣敥〱㉢㤴ㅤ晥挳〷搷㝣晢搵㙥㌷〷㐶㥤晥攷㑦捥敦戵㈸戰㝣摢捦㕦慣晤搳搹〱㤴㝢㍣㠱㜳㌲攷昷㉥挹㥣㤱㘵昴㘷〷慥〴㤰㠷ㄳ㈳搰ㄸ㌰慡㔰攸㍤攲搶搵敢搶慤慦昰〹捥晥戲愷㘷摥慢攳慡戲㜸㄰攴㤳〵㐹挰㝢晤㜶ㅤ搱敢敡〵㠱㌱㍦敦㝤攱㤰晢ㄶ〶㤶㝤㌷晥扤ㄷ㍥㙤〸挸敡㔷㥦㥣㌹捦㍤㈵㜳㐶愶㌱㠸〴っ㔶〴㌸㌱㔶〷〳挶㄰ㄴ㕥㌷戹㜲搸ㅢ㙢㥦〵〱㥣挰㜵㄰㜰㡦㑥挰㡦㜷捥ㄹ㔳㜱散㉤㠱挰昹㡢捥㍡昴挷㕢〲慢㥦晣攳扣㈳㙦ㅣㅤ挰敢捤㌸㝡〴㌲晢挳晡㌶ㄳ㌰㡣〴っ〷㜰㘲㍣㈷敦攸ㅣ㌰㐶愰昰愴㝦㉥扤㙢㘹昹㕤㈰㠰㔳戱づ〲敥搰〹昸攲㠱㌹㥦ㅣ㝦挴㉤㠱攱㌳ㄷ㝤摢㜵晢㠵㠱挰㌳㍢㑦扣改昵ㄳ㌲つ捥っ㘷捥敦㤹ㄲ愱〴慡㐹挰㘸〰㜹㌸㌱㘶㡥〹ㄸ挷愲㜰㜱搹戶㍢㍦㜱摢晤㈰㠰戳慦づ〲㙥搵〹攸摣㘵昷搸捡㠵户〴搴搹慣搸㍣〵〲㤹㠴㍡愳敤攳㔱扤㜱〲㠰扤㘴㜰㈰㜳㕤ㅥ㌰挶㔹㠵㕣つ攷㈴慣㠳㠰㜹戹ㄳ㘰戶愲㥤㡣ㅡㄲ㌰㐱㙢㐳㉢㤴㐹㈳㘸ㄵ㙥昸搵㈷摥捤㈶攰㍡㥤㠰昷㘷捤摥㝢挱慥户〴㡥㍡挳㌳昲㍦㐷㉦っ捣扣敦㠶搹㤷ㄷ搶〶づ㝦㜷挴㐵㔷挵敦慡昸昱捦㤳㔷愶慦戸㤵攱㑣愶晡㄰〹〸〳愸ㄲ㠵戹㐱㘲捥愹㌰㈶愱㜰摡㝢㐳扢ㅥ㜲攳敡㔵扥㑥㥣戵㙤㔷㤷㈷㈷㠲㐱㥢㔱㙦㌲捥㌷㔸晤㥣㄰㤶㉥㉦㐲㝡㈷〳㜴捣㉢攲㕣㙦摢㜹扡㈹慣㌹㑡㄰㈳㠸ㄳ㈴〸ㅡ〸㑥〶昰〹㑥㌵㑡晤晦㐲ち愵つ昸慢㉥晥捦㜶㜸㝤昰㔱㉢ㄷ〶㡥㝢攳昲㝥ㅦ㍣㝤摢挶㡤㄰扦愲㙢㑣〵㤰㠷㥢ㄱ㥡㠶挲ㄳ晥㝤挹㥢搱ㄵ敦攰〹攰㑣愱㠳㠰㜳㜵〲㍥扥慡搷㠲扦昴㕤ㄴ㌸㜱捣攱敢攷㡦㕡戲㜱㈳㜴㉡〹㤸愱〸㜰㌳㐲愷愱戰愹㘱挶㍥挵㜷慦〵〱㥣散㜳㄰㌰㔳㈷攰戶搹攱戲搹摦㉤ち捣ㄹ㕢㜰摣㔵㔷㉥づ捣散戲扣捦㕥愵慤ㄸ愱㌳㐸挰㤹〰㉤ㅡ愱戳㔰㌸㜷㙤攵づ㜳收摥〱〲㌸㙤攷㈰攰ㄴ㥤㠰昸搳㡦㡣ㅤ昲收愲挰慢㝢摣㕡昶攱㙤㡢〳㥥㝦㉥㝥敢㠴㍥慤ㄸ愱昳㐸挰昹〰昲㜰㌳㐲㝦㐱㘱挱〷㈷㥣扦攴换扢㐱〰㘷敡ㅣ〴愴㜵〲㝥搸㘳攲㤰㕢捥㕤ㄴ㌸敡改攲㝥攷㠹㈵㠱昲㜳㈶ㅦ搶改㡥㐹㠱㑣晤〱昳慣㑣っ摡扥㠸〴㕣慣〸昰㌸㌱㘰㠴㉥㐱攱敤㝤户晢散㌳捦㈳㈰㠰ㄳ㜶づ〲攲㍡〱㝢㑣敢扢㘶挷〱㡢〳敡㥣㘹戸㘵㘸㕣㐱〲慥戴〸挸挶㌴㘶㔹㠵㌴㐲㥣慤㜳㄰㔰慦ㄳ㜰敥㘴晦㡡敢㐷㉥ち㥣㍤㝦愷㔷㐴摤㤲挰搷㑦ㅣ扡慥昴摡㠶㤶㡤搰搵㈴攰ㅡ㠰ㄶ㡤搰戵㈸㝣㘸散㡣慢晥㔰戰ㄶ㐶㠸づ户㕤㡤㄰㠷㜱㘸挳㘳㕣㠷〴て㘹㠴〴㉥愴ㄱ扡ㅥ〹攳〶〰ㄸ㈱捥ぢ戶㥤ㄱ扡㤱㌵捦㈵戸㠹㘰ㅥ挱㝣㠲㥢〹ㄶ〰攰㐳晥㠰㔲晣㝥㤰㤸㌱㐲挷改攲摦㘴㈳戴㠸㜵㉦〶㤰㠷㥢ㄱ㕡㠲挲㘶㈳挴㔹㈵〷〱愳㜴〲㌶搹〸㉤㈵〱换ㄴ〱㙥㐶攸㑥ㄴ㌶ㅢ㈱㑥っ㌹〸ㄸ慡ㄳ戰挹㐶攸㕥ㄲ㜰ㅦ㙢㜵挴㑡㔶㈴㜴㍦ち㥢㡤㄰愷㜸ㅣ〴っ搴〹搸㘴㈳戴㠲〴慣〴㤰㠷㥢ㄱ晡ㅢち㥢㡤㄰㘷㜵ㅣ〴〴㜴〲㌶搹〸㍤㑣〲ㅥ㔱〴戸ㄹ愱㌵㈸㙣㌶㐲㥣摣㜱㄰㜰㤸㑥㠰㌲㍥敡㙣㜲搶攲挹㜸㠲〴㍣㘹ㄱ㤰㡤㘸慣戵ち㘹㠴㌸戳攳㈰攰㐰㥤㠰㑤㌶㐲捦㤲㠰攷〰㕡㌴㐲捦愳戰搹〸敤㡡慢㜶㌵㐲㥤搱㠰㌴㐲敢㤰攰㈱㡤㔰ㄷ㕣㐸㈳昴〲ㄲ挶㡢〰㌰㐲㥣㐳㙡㍢㈳昴ㄲ㙢㝥㤹攰ㄵ㠲㔷〹㕥㈳㜸㥤攰つ〰㥦搸ㅤ㔰㡡㝦て换〸㜵搳挵晦㐲昰敤㌳㑥敡㌱㍢愰捥㤲〱〵㤴㠹㔱㘷攴ㅢ㙦戳敥㜷〰攴愱㑡搴㠰㡤挳戱㜷㔵㈱㌰昰㥥㘱㌶〱㕤㜳㈶㐰㤹ㄸ㜵㐶㡤挶〷㈴攰㐳搵㠶㉡㔱〳㌶づ挷㍥㔲㠵㤲㠰㝤戲〹搸㔹㈷㘰挳㕢㡦づ㍥戵㘹㔶攰收㡦晦昵㘰晦㜷㘷〷㔶㕦攳摦㜳搲㠹㘳㕡ㅥ㡥晤㠳〴㝣挶㕡㕢㌲㐲㥦愳昰捣摡换㝦㔹扤挷愳㠸〳㌸㜷攵㔰挱㜶㍡〱晦㔸戰搳慥㌵㥦㕤ㄹ戸扦换晣㑦挷挷慦ち㌴㍣㌴㉥晡晤㙥㜵〱㔰敦昱㌸㑤っ戲㡣慦㐸挰搷〰昲㜰㘲㜰㌸昶つち昷扣昸慤ㄷ扢敦晡㈲〸攸㤹㑤㐰㠹㑥挰改昹挵㠷㉤㍡昳捡㐰改敡扢搶㙥晦敡㔵㠱攲㡦㡥㍤㙤昴戵㤳〳㤹晡〳收㔹㡢㠴晥㠵ち㡤敦〱摣㌱㄰〹晤㠰挲ぢ扥㝣晢㥥挵晦㝣つ〴㤴攳捡㈱〱慦㑥㠰敡㝣敡慣㉡㙥改㙣晣㐴〲㝥戶〸挸挶㌳㝥戱ち㘹㠴㌸ぢ攸㈰挰愳ㄳ戰换㕦㍦昹戰㝡捦㉢〳ㅦ敦昹晤㌱㝢㕦㌹㈷㜰㘰捤㘱昷っ㔹㜳㜲换㤱㤰挰晥㕢㈳て愰㐵㈳挴敦㈰っ散㌲晦㠰㝤ㅦ㝡㜷㤵捦㝦㈰〸愰㌵攸㔸㈰晡㈲昹㈱㤲攲攷㥦㌳戳摣㤵戸㈸挶㜷〰て㔲〵㍦㤹〵㝥ㄴㄸ㕥搴㔳㜸㌰㡡㌶㝢㡡㡡收挸㌶て户慤攳㜵扤敥挱慣㥣扡慣㥣㔰㔶㑥㙤㔶㑥㝤㔶㑥㈴㉢㘷㜲㔶捥㤴慣㥣㜰㔶捥愴捥㑥㥡昵扦搹㠳扦慢㐳攱㐲挴〵慥㉦㕦㕡搳㕡㥢昰搲攷收捥㌶捡戹挶摣收捡攴攷戰慤㘹捡晦㜲㘶㤶昴扡㑤㜱㕡扣ㄳ挱㘷ㄴ愱㍢㜹㡢〱㙥㌶㕦㔹搹戲㜷愳㡡ㅦ昰㉣愸愹㍢㙡搸㜳改〵收〴㤹昳㐵捡つ扦捡㜲捦㠶㕦挵昷戸㐹扤㔰改挳㉢㘲㜸㝡昸〴㤹摣㤷戴ㄳ昷㙤扦㉥㉣扥㜳㜲㕦㍥㜵攳摣㝦㙢攷㥥敢〱ㅡ昷㝥㜰㍦户ㅤ㜴摦戶扢㘰挵㔷㑥捥㍤〷㙣㥣昳㉦敤㥣㜳ㄱ㐴攳㝣〷㜰㝥㜵㍢㜰摥㐶㍢㘸挵攷㑥㤶㑢愳ㅢ㘷昹㌳㍢换㠷摢㔹摥ㄹ㉣㥦㥣㜹㈷扡㉤㥦昳㡤散扥ㄵ㥦㌸㌹昱っ搸㌸㈷ㅦ摢㌹㌹挲捥㐹㘷㜰㌲扥敤㌹搱㜶敥㡡て戲愸㙥改㥤㙤捤搴扣㙦愷扡㥦㥤敡㔲㔰㍤愹敤愹㜶摤昵㉢摥搵攸㕦摥昵㥣捦㡦㔹㝥㐷㠵晢㍢攷ㅡ晤敦搸改敦て晡攵㔸㐶㉤㔳搲愶㡡㑡㍢㔷㝢㠱慢慤挴㝤晣㕤㤳㠹㜴て戹戸㡦㌷㌴㤹挸搷㈱㝣〵㔵㤰挰搶户挶〷㍤戵晣㤲㔸扦㥣㤶㍣摤㤷㈳慤户挴昶㐳ㄳ晣戶〱㝦㘲㤰㙢攷ㄹ㙣敦㍣㍤摡愹昳戴㠳昷㝤挹搹㜹㜲昱扥㉦敡㥤㠷㙢㤱㍥㌱〴ㄲ㘰〷㌲捡㜵㘹つ㜳㤵搶㜰扢戴晡攰㡥慤挰㕢㍦攳㤴㔴㉥摥晡㘹㕤㔲㕣㌴昵㠹ㄱ㑡㔲〷敢㤲攲昲㘳戶㔱ㅡ㙤㤷搴㘱戸㘳㑢昶敥㡦㌹㐵㤴㡢㜷㝦㔴ㄷㄱ㤷㜵昱㕥戶ㄲ搱㥦㜴ㄱ㜱㠱㌴㕢㐴㕣㌱搵〲愰晥戸攳㜷㠸〶ㅥ㜲㜲㥥㑢㌴昰㌷㥤㜳慥㈷晢挴㌸挵昹㤱㍡攷㕣㤹捤收㥣㑢戵ㅡ攷㠳㜱㐷㍢㐷て昷㘷㜱㤹㐳昴㜰㥦捥㈵ㄷ慤㝤㈲愸戸ㅣ慡㜳挹攵摦㙣㉥戹ㅥ慣㜱㌹〲㜷晣㘶搱挶㌲㡤摦㥣愳㡤愵㍡扦㕣㈳昷㠹㐹㡡摦㙡㡤㕦㝦㍤㜲捤昹㤲〸㤲㜲扥攴㌶摣捣㕤㠱㤵昰㌵㥣㉦攱敡戲㉣㔸㘲ㄶ挸昹㤲㌱愸㐶㜰㡤㔸ㄳ捣㜱挸摢㑡〲㤶㠵㥡㔸挱㘷㙥攳摤㕢㌴戱㘲扣换挵㜱㡤晢ㄳ摢㠹晢㜶昰戸昳㥤摣攷攲㜱攷搹戹㡦搹戹㥦〰敥户〲て㝡愳㤳昳㕣㍣攸つ㜶捥攳㜶捥敢挰昹㤶散ㄱ慦㜵戲㥣㡢㐷扣挶捥㜲挲捥㜲㍤㔸晥ㅤ㍣摣㔵㑥㑥㜲昱㜰戳敤㥣㌴搸㌹㠹㠲㤳㜶昶㔸㔷㘴㔱㥤㠳挷扡摣㑥昵挹㜶慡ㅢ㐰昵㙦收㠱㉥搱攸捦搹〳㕤㙣愷扦ㄱ昴㘷晢搵愹㜶慥ㅡ挱搵㔶攲㍥㉥搰㘴㤲戳晢昸㡢㈶ㄳ㠳㕢愷㝣㘲ㅡ㈴㈰㠷㉣㑤攰摤ㅡ攰㥤敡㉡慤ㄹ㜶㘹捤㘸㈷㘹戵㠳扢㌹换㈹慤㕣摣捤㤹扡戴戸捦换㈷㑥㔳搲㥡愹㑢敢っ㔷㘹㥤㘹㤷搶㔹戸㘳㉢㜰㑦㌳㥣㤲捡挵㍤㥤慡㑢㡡ㅢ搲㝣攲㉣㈵愹昳㜴㐹㥤攷㉡愹昳敤㤲扡〰㜷㙣挹敥慣搱㈹愲㕣摣㔹㕡ㄷㄱ户捣昹挴㕦㤴㠸㉥搶㐵㜴㤱慢㠸㉥戶㡢攸㌲摣昱㍢戸扦戸㤳昳㕣摣㕦㑣攷㥣㝢昵㝣攲ㄲ挵昹㉣㥤㜳敥㝡㐳戱攳㔳㑥㔷摡㌹㥦㠳㍢摡搹㕤㑥捡攲㌲〷㜷ㄹ搶戹攴㠶㐰㥦㤸愵戸扣㑥攷㤲㕢敢戲戹攴㕥㍢㉤㤲扦ㄱ㜷晣㘶敥㜵㠲挶㙦捥敥戵㐶攷㤷晢て㝤攲㕡挵敦㝣㡤㕦晦㜵挸㌵〷㜸搷㈳㈹挷㜱㈷攲㘶㝤㠰挷㥤㝢戲㘰㥣㔹㈰〷㜸户愰ㅡ挱晤㜷㥡㘰㙥㐵摥㔶攲愱挷㙡㘲捤搹㐳㡦搱挴㡡〱ㅥ㌷ㅥ㙡摣摦搶㑥摣户㠳挷慤㜶㜲㥦㡢挷ㅤ㘵攷晥㈶㍢昷换挰晤㔶攰㐱㐷㌸㌹捦挵㠳づ户㜳㍥捦捥昹㍤攰㝣㑢昶㠸㐷㍢㔹捥挵㈳ㅥ㘵㘷㜹扥㥤攵攵㘰昹㜷昰㜰㠳㥣㥣攴攲攱〶摡㌹攱捥㘰敤愱㕤〹㑥摡搹㘳㔵㘵㔱㥤㠳挷慡戴㔳捤慤捣ㅡ搵慢㐱昵㙦收㠱㉡㌴晡㜳昶㐰㝦戲搳扦〸昴㘷晢㔵㙥愲搶戸㝡っ㕣㙤㈵敥攳㌰㑤㈶㌹扢㡦㐳㌵㤹ㄸ摣㤶敥ㄳ摣㈹㉥〷㜸㙢挱扢㌵挰㕢敡㉡慤㘵㜶㘹㍤搳㑥搲㙡〷㜷搳挷㈹慤㕣摣捤〱扡戴㡡愵戴敥㔴搲㕡愷㑢敢㕥㔷㘹摤㘷㤷搶㑢戸㘳㉢㜰㑦㍤㥣㤲捡挵㍤㜵搷㈵挵捤晥㍥㜱扦㤲搴㙢扡愴㔶戸㑡㙡愵㕤㔲㝦挷ㅤ㕢戲㍢摢换㈹愲㕣摣㔹㌷㕤㐴摢㐸ㄱ晤㑤㠹攸ㅤ㕤㐴て扢㡡攸ㄱ扢㠸搶攳㡥摦挱晤㜵㜵㜲㥥㡢晢敢愲㜳扥慤攴㝣㡤攲晣㈳㥤昳㈷㕣㌹㝦搲捥昹愷戸愳㥤摤攵㑥㔹㕣收攰㉥㜷搴戹摣㐱㜲戹㔶㜱昹㠵捥攵戳慥㕣㍥㘷攷昲㉢摣昱㥢戹㔷扦挶㙦捥敥戵㤳捥敦㑥㤲摦攷ㄵ扦摦㘹晣晡搷㈱搷ㅣ攰扤㠰愴ㅣ挷㤵攰㘶㝤㠰挷户㈲㘴㐱〷戳㐰づ昰扥㐷㌵㠲敦㌶㘸ㅥ㝡〳昲戶ㄲて㕤愴㠹㌵㘷て敤搵挴㡡〱摥换㜶敥㝦㙥㈷敥摢挱攳收㍢戹捦挵攳收搹戹㝦挵捥㍤扢搱㔶攰㐱㝦晤挹戱㔳㌹ㄷて晡ㅦ摣愴敤㔴㝥搵捥㜹〱㌸摦㤲㍤攲㑦㑥㤶㜳昱㠸㍦摡㔹㝥捤捥㜲㌱㔸晥ㅤ㍣摣て㑥㑥㜲昱㜰摦摢㌹攱㕢㔷㥡挹㉡〱㈷敤散戱扥换愲㍡〷㡦昵慤㥤㙡扥㈶愶㔱敤〷搵扦㤹〷晡㑡愳㍦㘷て昴愵㥤晥户㐱㝦昶〰㡦㉦愸㘹㕣晤〱㕣㙤㈵敥攳㌳㑤㈶㌹扢㡦㝦㘸㌲㤱ㅦ㔹挲ㄷ㈸㈰〱㌹挰摢〵扣㕢〳扣て㕣愵挵户改㌴㘹㜵㙥㈷㘹戵㠳扢昹挰㈹慤㕣摣捤晢扡戴昸㝥愲㑦昰㤵㐱㈹慤㔲㕤㕡晦㜰㤵ㄶ㕦晤搳愴戵㈷敥搸ち摣搳㕢㑥㐹攵攲㥥摥搴㈵戵㡦㤴ㄴ摦㙤㤴㤲摡㐷㤷搴㔷慥㤲晡摡㉥愹晤㜱挷㤶散捥㕥㜱㡡㈸ㄷ㜷昶戲㉥㈲扥敡改ㄳ摦㈸ㄱ㤵改㈲晡㤷慢㠸扥户㡢愸㌷敥昸ㅤ摣摦㜳㑥捥㜳㜱㝦捦敡㥣昷㤴㥣晦愰㌸敦慢㜳晥㤳㉢攷㍦摢㌹㍦〴㜷戴戳扢㝣㈲㡢换ㅣ摣攵攳㍡㤷攵㤲换㕦ㄴ㤷㐷攸㕣昲㤵搰㙣㐷挴㜷㐴㌵㘳㔱㠱㍢㝥㌳昷扡㕡攳㌷㘷昷扡㑡攷㤷敦捤晡〴㕦㘵㤵㡦㝣㤵捥㉦㕦㑣㤵ㅦ㔸ㅣ㠰㕣挱昷ち换挱扥㜱ち挱愹〴昲慦敤㉣㐷㜵㌹晤ㄱ挴晢昵㜶㡦㐲㤵扥㈲扥㕣㈰㐵㉡扦㤰攷晣搳散敥㕦挸㜳㝦㕦㠱敦㍥ㅡ㐷愳㔲㘳㈸挱㌰㠲攱〴㈳〰㍡收ㄷ㜱㘳㝥ㅢ戶㌴㤲㔵ㅦ㐳㌰㡡愰㥡㘰㌴〰㕡攲挶昶㌶㙣改㔸㔶㍤㠶㘰㉣挱㜱〴挷〳愰㈵敥て㙦挳㤶㑥㘰搵攳〸㑥㈴攰㕦㘱㌴㑥〲㐰㑢摣㡦摤㠶㉤搵戰敡〹〴㐱㠲㠹〴戵〰㘸㘹㘸摢戶㔴挷慡㐳〴㘱㠲㐹〴昵〰㘸㠹扢㤱摢㤰愷〸慢㥥㑣㌰㠵㈰㑡㄰〳挰ㅦ㝡收㠶㘵昹ㅣ挵㜱㕤挴晤㔶㙤搸㙥㠲つ㌵㄰㥣㑣㤰㈴㐸〱㠰㐳敥㔵㙡挳㤶搲慣扡㤱㘰㉡挱㌴㠲改〰㘸㠹㝢㝤摡戰愵㈶㔶㝤ち挱愹〴㌳〸㑥〳㐰㑢摣㌲搳㠶㉤晤㤹㔵㥦㑥㌰㤳攰っ㠲㌳〱搰ㄲ户愸戴㘱㑢㘷戱敡戳〹捥㈱㌸㤷攰㍣〰戴挴㙤㈲㙤搸搲昹慣晡㉦〴ㄷ㄰㕣㐸昰㔷〰戴挴つㅡ㙤搸搲㐵慣晡㘲㠲㑢〸㉥㈵戸っ〰㝤㥥㝢㌸㘴㥦扦ㅣ搷㐵㕣㠲㙡挳㜶慦㘰㐳㔷ㄲ捣㈲㤸㑤㜰ㄵ〰㌸攴昲㑤ㅢ戶㌴㠷㔵㕦㑤㜰つ挱戵〴搷〱愰㈵㉥㝦戴㘱㑢搷戳敡ㅢ〸㙥㈴㤸㑢㜰ㄳ〰㕡攲㉡㐲ㅢ戶㌴㡦㔵捦㈷戸㤹㘰〱挱㉤〰㘸㠹戳昶㙤搸搲㐲㔶㝤㉢挱㈲㠲挵〴㑢〰搰ㄲ㘷捥摢戰愵摢㔸昵敤〴㜷㄰㉣㈵㔸〶㠰㤶㌸㘷摤㠶㉤摤挹慡敦㈲戸㥢攰ㅥ㠲㝢〱搰攷㌹慤㉤晢晣㝤戸㉥攲愸扣つ摢扤㥦つ㉤㈷㜸㠰攰㐱㠲ㄵ〰攰㤰㈳摡㌶㙣㘹㈵慢晥ㅢ挱㐳〴慢〸㔶〳愰㈵㡥〸摢戰愵㠷㔹昵㈳〴㙢〸ㅥ㈵㜸っ〰㉤㤵攱搴㠶㉤㍤捥慡㥦㈰㜸㤲㘰㉤挱㔳〰㘸愹㉦㑥㙤搸搲搳慣晡ㄹ㠲㘷〹㥥㈳㜸ㅥ〰㉤ㅤ㠱㔳ㅢ戶戴㡥㔵扦㐰昰㈲挱㑢〴㉦〳愰愵㉡㥣摡戰愵㔷㔸昵慢〴慦ㄱ扣㑥昰〶〰晡晣〰㥣攴㤸攸㙤戴愸づ㜱ㄴ㜲㑦攷〸攱㑤㈴昸㐹昵㠵戸㈸㍣ㅡㄷ晦㑤㡣捦〷戹㐳捣晣ㄳ昴搱挶㔰㐹㙣㜴㌰㌹㈹㤴昹㝥㜲㠷㤸晣搸㡡晣㤶㌲昰昰㤱ㄶづ〹攴㠱㑦㔸愹㙦ㄲ慢户攵挵㔰搰㐲㝡攴昱改㜹〱㑦昴摢㕥慦搶㉥㌰㍦㘲昰挰㉡㌱㑣㐷挰㍢攵捥㉦搹㡡攱㍡挲㈱ㄷ〵づ㝡㙥挴攲㜹㥦㉦㔴㌵㔴㠸ㄱ㍡〲㍥㥦愵扥㠷慣晥㍡扣ㄸ愹㈳攰㌳㔷敡扢挵ㄶ㤱挷攸〸ㅢ㔲㠱㍦昷散晡㑥㘳改㉤慡㠹㔵㘲㤴㡥㠰㠹戱㉣㈲慢㜵㠴晡改㠱〷㑡扡晤㥣搷㑢㈳㜲戴㡥㠰㑦㙣愹㙦㈶㕢㐴ㅥ㙢㈲愸㑦㘱愹㙦ㅢ㕢㐴㡥㌱ㄱ晡挸愳㍣昰搷㑦摥㕡㝦摡㥦㌵㈲挷敡㑤㘰㑥㉡㡢挸攳㙣㑤昴〹摣㍥㉡戴攱挷㜵㔶つㄵ攲㜸ㄳ㈱搳㘶㕦敢扢捡ㄶ㤱ㅣ扡㔸摡㥣ㄹづ愸敦ㅦ㕢㐴㡥搳ㄱ㐶㐶〲㘷㝥㝥攲晥ㅤ㤲㔶ㄳ慢挴㠹㍡〲㘶㠵戲㠸攴㜰挸㙡攲敢㜸攰扥攱ㅦ㉤㡤扤㙤搵㔰㈱㌸㔴戲㄰昰㙤㘵昵敤㘵㡢㐸㡥㝡㉣〴㑦挰㙡挲㈲㜲㠲つ愱搲㠱㠰㍥挹搱㔲㜳つ〳㉣〴戳ㅢ㝢〴㐷㔲捤〸〳㉤㠴㑣ㄳて㔴㠸㕡ㅢ挲㘰〷挲摡ち㔱㘷㐳挰〷㠷捣て㌹㕢㐴㠶㕡㐵〰㤱ㅣ㘸㌵搳搰㕣㠳㐵攴愴ㄶ㄰㉣㈲㌹㐰㜳慢挱愴愱㐲㜰慣㐵〴昵㘹㉥昵㡤㘵㡢挸挹㈶挲ㅢ捦晤㔰晤挱㠲㈵ㄵ㘷㔷㉣㕦㜵晡昷㤶戲㔶㠹㈹㈶㠲㥡㌴㔱㙣㕡㐴㐶㑤㠴愱〷晦愵晦㠴㡦㤶㔵慣搸挳㜳晣㝦㑥戲㙡愸㄰㌱ㄳ㐱㝤愵㔹㝤敦搹㈲㌲づ〴㘹ㄹ晦㐰㘸ㅥ㈲㘱摥㈶慦㘱㤸搴㈷㐲㉤搲ㅢ㜴〴ㄸ愶挲挷扤攷㤶㝢ㄶ㌵㍦昳㈷敢〸㌰㑣捥敦㍡㡡愴㡥〰挳搴㙦摦㍡捦㉦攷㉤㔱㌵㔴㠸㤴㡥〰挳愴扥㤱㙣㤱㥥搶ㄱ㘰㤸搴㘷㐴㉤㈲ㅢ㜵〴ㄸ愶㌳捦㍢攰挰㜵㉢㌵㈲愷敡〸㌰㑣㔹㐴㑥搳ㄱ㘰㤸ㅥちㅦ㌲㙡晣搳㡢㥢㠹㥣慥㈳挰㌰愹敦㈸㕢㐴㌶㤹〸捡㌰愹㑦㡤㕡㐴㜲〰挹㕥愲っ搳挷摥攷愶扦扡慢搵挴㉡㜱慡摥〴っ㔳ㄶ㤱㌳㙣㑤昴〹㥣昸挹㜵ㅤ挷㐶慤ㅡ㉡〴〷愵㙣㈲搳㘶㕦敢㕢换ㄶ㤱ㅣ㕦ㄲ㐱ㅥ㌰㑣敡㜳愴ㄶ㤱ㅣ㝢㕡〸㌰㑣〳㜷㥦搱㜱㔹㈷慢㠹㔵㘲愶㡥〰挳㤴㐵㈴挷慣㔶つ㌰㑣㍦㍥昳攵昴搳愶㕢㌵㔴〸㡥㘷㉤〴ㄸ㈶昵㍤㘶㡢挸戳㜴〴ㄸ㈶昵挹㔲㡢挸戳㙤〸㤵㠱㤲㘷㡦㍥昷愴㡦㌴㜵㥦㘳㐳ㄸ㤰㑤㈴㠷扢ㄶつ㥥㠱㠱㠳㜶摦捤昳晣㍣㡤挸昳㙣〸㠳慤㙦㌶㕢㐴㜲㔴摢㕣㠳挷愳攴㘰ㄱ挹ㄱ㙦换〸㌰㑣ㄷ戴㠰㘰㙡挷㈳㉥㙣〱㈱搳〴慣攷㕦㕢㐵㠰昵扣挸㐴㔰㠶㐹㝤㜷搹㈲昲㘲ㄳ㐱ㄹ愶㥦晢ㅦ㝦晡㕢捦㕡㜲㔸㈵㉥㌱ㄱ㤴㘱㔲㙣㕡㐴㕥㙡㈲㈸挳㌴昹晢㑢敦慦㝤捣搲㐵㠵戸捣㐴㔰㠶㐹㝤㝥搵㤲攴攵㐰挸㌶㑣㔷㤸户挹㠶摣っ搳㤵㍡㠲㥢㘱㥡愵㈳戸ㄹ愶搹㍡㠲㥢㘱扡㑡㐷㜰㌳㑣㜳㜴〴㌷挳㜴戵㡥攰㘶㤸㌸㡣户㝡㠹㥢㘱扡㔶㐷㜰㌳㑣搷改〸㙥㠶㠹㈳㜹㌶搱愲㘱攲㈸㥦〸㉤ㅡ㈶捥〰㔸㐴扡ㄹ愶戹㈶㐲愶〹ㄷ挳挴㤹〳搶㤰㔱扡㡢㘱㥡愷㌷攱㘶㤸收敢〸㙥㠶改㘶ㅤ挱捤㌰㉤搰ㄱ摣っㄳ㈷ㅤ㉣㌶摤っ搳㐲ㅤ挱捤㌰㜱㙥挱慡挱攳㘲㤸㌸敦搰㡣攰㘲㤸ㄶ摢㄰㕣っ搳ㄲㅢ㠲㡢㘱扡捤㠶攰㘲㤸㙥㙦ㄵ〱㠶改㡥ㄶ㄰慣㘷㝥㘹ぢ〸㤶㘱㕡搶㉡〲っ搳㥤㈶㐲㡢㠶改㉥ㄳ愱㐵挳㜴户㠹搰愲㘱扡挷㐴㘸搱㌰摤㙢㈲戴㘸㤸敥〳㐲戶㘱扡摦扣㑤ㄹ㈶昵〹㔹换愶㉥搷ㄱ㘰㤸散〸㤰敦〳㍡〲っ㤳㐲戰攴换挹ㄴ慢㤷挰㌰㈹〴㑢扥㉢㜴〴ㄸ㈶㍢〲攴扢㔲㐷㠰㘱㜲㈰慣ㄲ㥣㑦戱㥡㠰㘱戲㈳㠰㐸捥戵㔸〸㌰㑣ち挱㈲㤲昳㌰ㄶ〲っ㤳㐲戰㠸攴ㅣ㡤㠵〰挳㘴㐷〰㤱㥣㙥㈱㠲㌲㑣敡扢挸㤶㈴ㅦ㌱ㄱ㤴㘱ち敤㜶捣㐷㕦扣㌸㑢〵㘵慢挴ㅡ扤〹ㄸ㈶搵㠴㐵攴愳戶㈶晡〴づ扢㌹搲㜵摤㌹戳㔵つㄵ攲㌱ㄳ㈱搳㘶㕦敢㥢捣㈶つㄵ㠲㌳㌵ㄶㄷ㌰㑣敡摢挹ㄶ㤱㥣挵戱㄰㘰㤸摥㍡敢㤴攷㑥扡㔰㈳㤲㌳㍣ㄶ〲っ㔳ㄶ㤱㥣晤戱㄰㘰㤸ㅥ慤〸昴㍤改㔹㡤挸愷㜴〴ㄸ㈶昵摤㘶㡢挸愷㜵〴ㄸ㈶昵㝤㘵㡢挸㘷㙣〸㤵㠱㠵㜷㝤晢昶㔹㘳㌵㈲㥦戵㈱っ挸㈶昲㌹ㅢ挲挰挰〶晦㤳㝢ㅤ㉡慥㙡㤶攴昳㌶㠴挱搶户㥤㉤㈲搷搹㄰㍣ㅥ㈵〷㡢挸ㄷ㕡㐵㐰㥦㝣戱〵〴㑢摤㉦戵㠰㤰㘹〲ㄱ搳换慤㈲愰㑦扥㘲㈲㈸挳愴扥捦㙣ㄱ昹慡㠹愰っ搳戱㕤敦敤摣扤摡㤲挳㉡昱㥡㠹愰っ㤳㘲搳㈲昲㜵ㄳ㐱ㄹ愶昳㕦㍣戳㕢慦㉥㤶㉥㉡挴ㅢ㈶㠲㌲㑣敡㕢搱㑡㤲㐵㙦〲㐱㕡愶㔲㥣晦敢㍦攴㔶㠹㈵㜷昹搷愶攴㕦㝣㤲㝦㜵㐹晥攵㈳昹搷㠷攴㕦〰敡戸㑢㠷晦〷㤳晤㤶昴 | G27: 㜸〱捤㕣ぢ㜸㕢㐷㤵搶挸㤶愲㤱敤㔸㌴改晢愵愶㘹㥢㌴㠹ㄳ㍢㜱㤲愶愴㝥㈶㑥㡡昳㘸散㈴愵㔰㡣㉣㕤㐵㑡昴㌰㤲㥣搸愵㙤搲㈷戰㠵㉤㝤㔱搲戴㕢〲つ㤰扥㥦搰搶〱㑡㤳ㄶ㔸ち摦㝥搰㉥㕢㘸㜷敢て搸㡦㐷攱ぢ昴〳ㄶㄶ戶晢晦攷摥㙢㕦㐹㔷㡥㔳挲昷㜵㈲ㅦ㥤㌹㜳收捣㥣㜳收摥㝢捥摣㔱㍣捡攳昱扣㡤挲㙦㤶㙡㈲愷昵っ攷ぢ㐶扡愱㈳㥢㑡ㄹ搱㐲㌲㥢挹㌷戴攵㜲㤱攱敥㘴扥㔰〵〶㝦㕦ㄲ敤㜹㕦㕦㍥㜹㠵ㄱ攸摢㙥攴昲㘰昲㜹㍣㠱㠰昶愲㕤㕢㝦愱戱ち㝢改㙡〲㜰㜹戴㥦㘰ち㐱㠰㐰昸㠳挴㙡〰㙡㙢〱㝡㍢摡搷昵㙦挵攸㍤㠵㙣捥㤸ㅢ摥㘴㡥戱扣戱戱愱戱㘱搱㤲挶挵つぢ收㠶㍢〶㔳㠵挱㥣戱㍣㘳っㄶ㜲㤱搴摣昰晡挱晥㔴㌲晡㍥㘳戸㌷扢捤挸㉣㌷晡ㄷ㉣散㡦㉣㕡摡戸愸戹㌹㝥挱〵㑢㙢敢㈰㜹㙤㐷晢晡㥣ㄱ捦ㅦ㉢㤹㔳㈹㜳㕤㐷㝢挳㕡愳㜰慣㘴搶㐳㈶㐴㜶㘶搳㤱㘴收ㄸ〹昵搱〷捤㥤㐶㌴㐹㘷ㄹ㐶㉥㤹搹搲㠰㘹ㄷㄹㅡ戵㈵つ㙤昹晣㘰㝡㠰㝥敦㌰㔲愹つ㐶㕣㥣㤴敥捣ㄷ搶㐷㜲改㝣㙤㥡昶㌳㜲㐶㈶㙡攴愷愶㔷っ㐵㡤㤴挵㤸て愴㌷㐵㜲㙢㈳㘹愳㥡㐸㝤摡昴攱敡㤸㤱㈹㈴ぢ挳㜵改㡤㜹㘳㐳㈴戳挵㈰㡢㉦摤㌵㤸㡣愹敡㙡㝣㍣㔵攷戹捤㑣ㅣ㠵昹愴㍢ㄲ㤱㕣㐱㙡㜴㘱愳ㅢ慦㘳戹㠸ㄶ㐵昳攲㤲ち㤷昴愲捦㝡㤲改昷ㄹ戹㡣㤱攲㈰昴攴㥣ㄲ㈶㌱㤰改㠷㌱㑢搹敡搰㑢慡挶扡㔸愸ぢ㐷昱㠷〰㑥㕦㥢捤愵戱㈰搷ㄸ㤱捣昲〵つぢ㤶捥敤㈹挴㍡㡤敤挴ㄷ㉣搵敦〱㡢㍥㡥捣搳〰愶㜷ㅦ晣㐲㌲㥣ㅦㅣ㝤㜶㕦㈱㍣慢㤰ㄸㅤ㜹㉣㍡㕢㑦㈷捦昱〰慡晡㔷戸㐰㥤挳昰㈲昱昶㐵扣㝤晤摥扥愸户㉦收敤㌳扣㝤㜱㙦摦ㄶ㙦㕦挲摢㤷昴昶㙤昵昶㙤〳㡦㕤〲㔳愶㜸慤昲扤昶㘵戹捦敥㝦戵攳捥㉦ㄵ㥥㔹㝣摥捦㕥㔶扣㈶攵㤲㍥ㄱ挸挹捥㘹㉦㙣㕥㘰捦㝡㘱戳㍥〹捤晡㘴〰晦㈹〰㕤敤挹搱㘷扦㤱〹ㅦ扡㘵㜴攴㡥㘴㜸搶捣昹㙢扡㘷㠷㥦晦㙡戸㉢㜹㜰㙦戸㤰ㅢㅤ戹㈹㕣㌸昸戹㘴㌸㥡㌸昸㔰㈶ㄱ㥥㤵㡦っ㠶㌷戵昵捥㉦㈴㐷㐷慥挹㠴㔳㉦㍥晡攲摥捣㤶搹晡㔴㡡㍤つ㐰愹㥦㐲㑢㙡㝡摡㤵搹㙦搷㕦㌴戲收㤶挰㠵ㅦ昶㝤晣换㍦㔶扣㘳挸ㄴ捦〰㌲挱ㄴ捦愴慣㌰㠰晦㉣㠰㡢㡦搱ㄴ㤷㌵㉤搳㌳㈸昹㙣〰愵㕥戳㘶戹改昵㐵戳㑥晦㘳㐳攷捤㘷て晦昲㘷㕦㤹昱㥣攲㉤㑤㘶㜹づ㤰㌹扤戹㈴㤶昹㘰㉡㤲㥢扢㈶㤹㔹扥㘸㐹㔳昳摣敥攴㌶㈳㤵㌴昲㠵攵捤㑤戰敤㥡挸搰昲收㈵㑢㥡昵戹㤴㝥ㅥ㠰㝦ㄶ挰㝢摡て敥捤㠴㌳㉦㍥㍡㍡戲㈷㑡㤳㌶敡搹㘴㌸ㅦ㐰愹㔷慣攱捦摡扤散捦扤〷㥡㔷摦昸搹㔷㠷㥦ㅣ捣扦慣㜸㌳㤵攱攷〲㌹搱改挷挶㌱㌷㌶敡㜹㤴搴〰攰㥦て㜰㐹挷攸挸㉤攲挳㥢攸愳㤹攱㜴㌲㤵挲㔵㍦㝦㈰昲㑥㥣㐹㑢㉤攰〰㡤〰㑡㝤摦㥡慡昷㠴摦敥昸㔶敦㌷㔶㝣慤改愲敦㉦晦挳〵慦㉢摥㑤㘴慡ぢ㠱ㄴ昹戳㜱昱昸㕣ㄷ敢㐵㤴搵っ攰㕦っ搰㜲攸搳戴挹㍤㤹㉤攱挴攸戳㕦㑡㠷户ㅦ晣㕣㌸晡攲摥㜰㝥㜴攴㕥㤲戰敥㐰㐷㜳㍦搶搸㜵ㄹ㥡㉥扣㌶〱愶昴挱扤挳戰攲ㄲ㡡㕢ち愰搴户慣愹㑤㍦戴昰晥㐷昷晤㕢搷㠳㥦戹昴〷㙦摣昹愱㉡挵〷㤱㑣㙤ㄹ㤰搲㡢㜸戱㝤㌹昰㈲㕥慣㉦愴扣昷〲昸㤷〳ㅣ摦㘳㕥扦搱〴慦㡣㐲㜸ㅢ㘶戴㙦㔰㕦㐴愶ㄶ〰愵㥥戳〶ㅤ㍤㝣搵攵㜵搱慦㜶㡥摣户㙢挳慢㍦㍦㉢慥昸攰㤳㐱摢㠰ㄴ搹㘳捣ㅡㄸ戱㔱户㔳㔶〷㠰扦ㄳ愰愶ㅢ㉡愷挳〳㠹㠳㝢ぢ㝡〵㥢㔶〲㈸昵㡣㌵㑣㑢捦㐳慢慥摥晢㡢搶〳㝢ㅡ愲㌳㑥㥥戵㐸昱慥㈱挳慣〲㔲㌴㑣㔳㤳慤㔹㔳㐳㤳㕥㑤㔹ㄷ〳昸摦〷戰昶搸慥ㄱ摤㑤改㙢〰㤴㝡摣㥡㘹㜴攳户ㅦ㝦攵㌷捦㜴摦㔷慦搶㝣慡㘹晥㍤戵敢搰㝣㠹㜵㕢敤捣㐵㜶攰㐱㌵晥っ㙣㙡㠰㌱㈶昳昰挷戳㍦摥ㅣ㕦ㄲ㙦㙣㡣㌵㉦㠸㉣㡣昸㜸搷㥤散㔳㠶㌷昱摡昸收㘴㈶㤶摤㈱㡦㥤搳摡㈳㜹㘳晣㈹㌴挷㙡㙢捦づ㘶㘲昹㔳摤ㅢ㝢ち㤱㠲㜱㑡㘹摢戸㤰戲㙥㍤㜸㈸ㅢ㜹ㄹ敦㡣搲㙥㥢㈲愹㐱愳㙤㈸㘹㌶㥦㕥搲㡣㐷㜲戶扦㜲敢捡㥣昱㤱戱搶戲ㄹ戵㈱挶摢㉥戲换戴㌴㥢捣㜹㠵㍢ㄲ搹扣㤱㤱改捤㐹慦㑦㐶户ㄹ戹ㅥ㠳ㄱ愲ㄱㄳ㔵㡦㘷㤳ㄵㄷ捣㔹㤷㠱愲㜸搲挷㘶㌸愹昱ㄵ㐳〵㈳ㄳ㌳㘲㤸敦㠰㤱㉢っ昷㐶晡㔳挶〹㐵㉣收㤸㘸㌸戹㠸扣㌲ㅢㅤ捣㜷㘴㌳㠵㕣㌶㔵摣搲ㄶ摢ㅥ㐱㉣ㄲ㕢㤳㡤ㄹ〸㈵慡㔹㍣捡㔳㔵愵㤴攷㝣户攷㌹攵收ㅢ挴ㄱづㄷ㌳戲㌸愹㜸搹㌵㙣㠰㜶搰㈲㘵㜰㑤㝡㘷ㅥ㐱㤸挸愵㤸搹㤵ㄹㅤ㍡㌱㥣㈶昷慣捡摣㌲挷㌱捦晤㘳㤹扤摥㘹㤶昶㉢戶㈳㕥㕢ㄵ挹挴㔲㐶㙥挲㘴㐰㜱㐶㝡㍤㠰敦ㄱ㕣捤ㄵ慤挷㈸㐳つ愹㘱摦㡥㘴慣㤰昰㈷㡣攴㤶㐴〱㌴㈴っ㠱〰㑤㕢㔶昴〶㤰㜴て㐱㉦㐰㌰攸昱㙦㈴㤳㍦愸㌷㤹㜵ㅦ〳愸愳㡦〴㈵㈵㤱挸ㄳ㘹㐲摥㤷㕥㤹捤攵慢慡摣戴㕣ㄵ挹㈷ち㕣㥥ㄳ㌶㌲收搳㥢〹㉥〵昰㌱㙣㍢㘲愰㔹て愶㙡挶搳㜵改㑥㈳ㅥ㐱ㄶ㈳㔷户㡡昸搲㘶㘰摣㘹攴愳㥡ㄱ昴㙡㕣㉢㐳㝥㘰戸昸㙢搳㕣晤挶㔰愱㌳㔲㠸㑣㐹㈳ㄶ㠷㤷㌴㤸收㐸㉦ㄳ㘳捦㍡愱搹扤㠳㔶つㄲ㐲㠲㍡愴搴〸挱㤴㠴ぢ〷搷㡢愷捡㠲ㄳ㉢㠱戹㌳㕡昶㤷㉥昴攲㤸ㅡ愱㝥慣换挸昴づて㈰㔱〰㝢挰㍦愱㈹㑢㉦㉦ち㕢ㄷ敤摦㔸㐸愶昲つ㤸㘹㔷㉥㍢㌸㜰㉣攵㔰㤶㝥㍦㠰㕤㝣㕦挴㉡㥥扣㑥㑣㤶愷㙣愷㙦晡晡㍣〱㑡㈳㐵㌳愸搷㕣慤㡣㕣敤愲㉦〷ㄶ㥣愸捤挷㘸晦㘸昲て㡡慦㑤挳㐲扤㌹㐳㌲慡㠰㔴㘰敤扡昴收㙣㙥㕢㝦㌶扢㡤敢㘹慡搴昲〹挳㈸㌰㑢愹戱戲㌲挹扥㤴慡慡㉡捡㉤ㅣ改っ㤷愹㍦〲㔰搷㤶㑡㠵㙤㠹㜹㝦㍦㐸㔵挸㤷晣㔱㈰ぢ㔶㈶㌳㤱搴扣㥥搱㤱㠷㈲昳㥡收慤㑦ㅣ晣㝣㘶㕥攱攰㐳搱挴㍣㐴㕦㑦愴攷愵㐷㐷昶㐵攷ㄵ㤲〷敦ㅦ㙣ㄸ㑡攵㠷搴摤搶㜳㍦晣挵〵晢慦愹㝤愹敢挶晤㑦摦昵㠷扦愵敥㔶㝢慣㠶戲㈴㠵挹㠷攴㑣㜱㈰㙡㌷搸㜸户〱㕥㕣㜴〲㜵㥤㈴搸ち㠰㝢㠶㜸〱户㡣㤴㔹㔵㑣㘰㜸摢搰㘹㠲っ㠰㘲〶挲㡢㔶㘷〱散愲㍥つ昹㕣ぢ攲㑦㘶㍣㈲挹㙥收户捥〳〴昵〴㙤㡡㜹つ㝤慡㘹㐳㑤慢㘹㕡㑣摤〸挱捣㜴捡っ㜰㠳搵㔰㤶〲㌱戵ㄱ〳㕣挹晥搷㠱捤摤〰㔷㜳㡣㥤〴扢〰ㅣ〶戸搶慣慡㌰扥挵〰搷〱搱搷〳愸ㄹ〰㘲㠰ㅢ㠰搸㐵㕤㠱㌱挶っ㜰ㄶ挸㘲〰㥡挳㉥晡ㄳ挰㠲㝡㠲㌶㜵㌶㌸摣っ㌰㘰改㔹㘶㠰慣搵㔰㤶㕤㌱㐷ㄲ〳摣ち㐴愵㉢ㅡ攰㜶㌴敢㍢〸㍥〳攰㌰挰㘷捤慡㘲㥥㈵〶搸㑤愶扢〰搴㙣〰㌱挰ㅥ㈰㜶㔱㌱愷〱㤸㤸㠹〱㤸扢搸㐵摦ぢ㉣愸㈷㘸㔳㑣摡摣っ㜰㔹㈵〳扣摦㙡㈸换敦收㐱㤲ㄸ攰换㐰搴收㡡〶戸ㅦ捤晡〱㠲〷〱ㅣ〶㜸搸慣慡〶㝣㡢〱ㅥ㈱搳愳〰㡡㐹㥢ㄸ攰㌱㈰㜶㔱㙢㥤〶㤸て戲㜹㌱搹敤㈴㍣〵㄰搴ㄳ戴愹㐶㜰戸ㄹ愰戳㤲〱㍡慣㠶戲慣㜱ㄱ㈴㠹〱扥づ㐴戵㔵㌴挰㜳㘸搶摦㈴㜸ㅥ挰㘱㠰㐳㘶㔵㌵攳㕢っ昰〲㤹㕥〴㔰㑣つ挵〰摦〲㘲ㄷ戵搴㘹〰愶愰㘲〰慦摤㑥挲㜷〱㠲㝡㠲㌶挵㠴搳捤〰つ㤵っ㌰捦㙡㈸换㑤㤹㙦㡡〱㕥〶愲收㔴㌴挰扦愳㔹晦㠸攰㍦〰ㅣ〶昸戱㔹㔵捣㔹挵〰㍦㈱搳㙢〰㡡㘹慡ㄸ攰㜵㈰㜶㔱㌳㥣〶㘰㤲㉢〶愸戲摢㐹ㄸ〵〸敡〹摡㔴ぢ㌸摣っ㜰㔲㈵〳㥣㘸㌵㤴攵挹敤㤰㈴〶昸ㄵ㄰㜵㝣㐵〳扣㠹㘶晤ㅢ㠲摦〲㌸っ㜰搸慣慡づ㝣㡢〱㝥㐷愶摦〳愸ㄵ〰㘲㠰户㠰搸㐵搵㍡つ挰愴㕢っ挰㘰搶㉥晡㑦挰㠲㝡㠲㌶挵戴摣捤〰摥㑡〶㔰㔶㐳㔹〶捦捣㕣っ挰㌰㐳扤晤㝦㤵㥥〲㕥㌴敢㉡〲㙥攷㍢っ攰㌷慢敡㘲〸ㄲ〳㑣㈱㔳〰㐰㜵㠳㈴〶搰愸搹㐵晤ㄱ㘳㡣㍤〵戸ㅤ㈰〶攰㕥㤳㕤㜴ㅤ㘵敡〹摡搴ㅡ昰扡ㄹ攰㑤〸㜷㝤っ晥摡㙡㈸摤ㄸ昰㌱搱㌸㡡㠴慥〶散㍡扥㈹㘹散㘰〴㍡㌵㡥捤攷㡥挱㝣㈱㉢攱㜲㕤扣㌳扢㌶㕢攸㑣收〷㔲㤱攱㘹㜱ぢ搹㥣㌰㌲㐸㘶㜳挸㘹㑢㘸搹㠱〱㈳愶攳㍤搹挱㕣搴㔸摤昹㙥㐸㜶挵〹〸攰㄰户㝢ㄵ捡㍢换摦戰ㄵ愳戰㑡㔰㍣扥つ㄰㔹ㅡ㠶换ㄶ戸㈳㘵ㄶ㌴〴挶晡㜱㡢昶㈶ぢ㈹愳㈶㉥改慡攰㠱㌸慣㠸ㅤ㠲搸㤴㜸㙦〲攱㘹㘷㕤扣㉢㤷㡣愵㤲ㄹ㠳捥㤸㙥戲㜶ㅢ㕢戰ㅢ戰㍥㥢㑦昲㙤㐳㕤扣㌷ㄷ挹攴〷㤸搸㐴㠷㡦㉢慡㐹〶攴㡢户㈷㌳㜹っ㈳㕥㈴㕥ㅦ敦㐹㘴㜷攰㐵搵㘰㍡搳ㄵㄹ挸扦㉢扣㌲㝥〵㠹㙢㤴㔷㜹扤㉡攰つ扣㔳晦昸㑦㠰挴㘹收㥥㙥ㄸ敢戴㤰㑢昶て搲㘰攲晦㈶挰㙡〲昱愱挷挷㥣戹㌴㠵㜱戸戰㘴晦㠱㜳㉤㝡愱攳㥡ち㡦扤晤慢〳扢㍥ㄱ㥤㙡㑦〲戸戸㙢攳敡昱㥤戹扦敢搵㥣慦ㄷ㤲㈷扤ㄱ挲摢挹㔴㜳〹㜱㜳㠴㉢ち㔷㈶㔶〲㙢愵换㌲ㄸㄷㅥ慥搰愹攳攸㑡攴搲戵昱敥㐸扦㤱挲ㄶ㐰㍡㔲㤸㙡㔶戸ㄷ㠳㔷㌷㜹慢慤㈳㥢㑥㐷戸攴昸〲慡㈷ㅡ㐹ㄹ㠱㜸摢㘰㈱㡢㕤㝤ㅤ〷㤰㜵㘹㤱㈲㐳㈰㐵㠶捣㘴㍤扥㠱㕢㠳㠲㔳㔶㜶㑢㈴㤷㉣㈴搲挹㘸㠰ㄵ㙥摦扤㉢搶㉡㙥晤捥攷㤹㝤㉦㈹捤晥捤ㅣㅣ敥㙥挰㠶ㄹ㑤㐷昷㘳㐵㝢㤵ㅦ晦搴㍢摣㌹挲㥤㐷ㅥ㈸晡ㄴ㐸昳㌱戲攲慤㐸捡㘱晢㤵昴攱㥤愰挸捤㐹㙤㈲〳晥昴愹㠰㐴昸㔷捤扤㤷〹户ㄵ昸戸ち㜶㘷㈳戱㤵㤱㈸㕥㈶㑦戱㕥㈵〷攰㕡摥㙡㜲㈱㙥昴㜴㘰敦㄰㝢㤲摢㤳㌱㈳ㄷ㈰愱〷慦戶慢戹㐵攴㌷㝤㠸㤴户捡攳昳搵〴摣挶㕡㙤换㥡㘹愵捦捥㔷攷慢换攴扦㜹挹㔲㠶㐵㔰㡢挱㤴㍥つ㝡攸搳愹搳愵愸㔲㥦ㄲ㠶㌳挸㜰㈶㠰㡦㥢ㄵ愵扥㈹摥㜳挱捥㡣〶㔳戵扣㠴攵㙥㔰〰㍢㈷戲㡤攴ㄳ㐵㙡ㅣ摢㍦㝥㜳攷㈷㘰扦搹昵昷㘰㤵ㅢ戱愰㜹㝦攵㌶ㄳ摤攱昵㔶挳搵晥搲慤昳戲㘱㈱㉣摤㘳挸扥㤰㥡㡡㈹昸挳攸㝣ㄶ㉦ㄶ挸敦ぢ戳戸扥改摣〸㕥㠴㍣㙦攳㑢㑡㌰愸㘷愰愷㈷愸戸㘵㘲㥢愳㥥㤴㈰㝤愹捦㐶慢㥥〹愰戸ㅦ挰愰挰昱〸㔳〹㔴昹ㄸ昳昸捦〱换㘴㙦㥢㉡㠹ㅥ扣㜵敡㜳㈹㜸㉢㌰摥㤱挶㔶攸㉣㔰㡦扣㐲戹捦〰㐶㡦㥥㑤㈱㔶㐵愵㠱搸㙡〰戵摤㝥㍥ㄸ昴ㅣ㌲昲㐶敥挲㌰㤷っ昳挸㤰〵〳㕤敦㙦㐰㙤㥤㙤搲㘳昴㠶㔳㉥挱ㄲ〷㉣挰㌸㜰〰昷㌸散㠹㌱昲戴ㅣ搰挸㠹㌵㜱㘲摣㡦㈸㜵〰㌷㈱㑣〷㉣〴换愴ㅤ戰ㄳ摤挴〱㡢㈸㜸ㄷ㙡㐵づ㔸っ敡㤱ㅤ㜰㉤扡㠱搱愳㤷㔰㠸㔵㔱搷〱戱搵〰㙡㍢㘰㈹ㄸ昴〵㘴扣摥㥤㘱ㄹㄹ㉥㈴〳昷㐶挴〱敦㐵㙤挳㌱㜶〰㕦㥣扡㕣〴ㄷ㘱㈸昸攰ㄳ㡥戹㌹㉥㠲ㄶ捥慤㤵㜳扢ㄵっ愵㍥戸ㅤ㌴搳〷㙤㘰㌹㜱晣㜵昴ㄱ攳〷㜵〷扡㡡ㅦ摡㈹晣㌳愸ㄵ昹愱ㄳ搴㈳晢㠱摢㉤㘰昴攸ㄵㄴ㘲㔵ㄴ昷㕣㕣晣戰ㄲっ扡㡢㡣摣㡦㜱㘱㔸㐵㠶搵㘴攰ㄶ㡤昸攱㘲搴㑥ㅥ昳㐳搹㉢㜳ㄷ㜳㜶愳〷捣㜹慦㘳〸㠷㌹搷㜰㠸戵ㅣ㠲ㅢ㉣愵收攴慥㡡㘹捥㜵㘰㤹昴㤲㝥〰摤挴㤴敢㈹㤸ㅢ㌲㐵愶摣〰敡㤱㑤昹㌰扡㠱ㄱ㉦㐳㈸挴慡愸㐷㠰戸㔸慡ㄷっ㝡㈳ㄹㅦ㜵㘷搸㐴㠶捤㘴㜸っっ㘲捡㑢㔱㝢扦㙤捡㘳晢扡户挲捡扥っ㈳挲ㄵ㑦㌹愶挸㘷㤶㜵㜷昹〰愷昸㐱㑥㤱㕢㍤愵慥㜸づ㌴搳ㄵ㤷㠳㘵搲慥昸㈶扡㠹㉢㍥㐴挱捦愳㔶攴㡡て㠳㝡㘴㔷ㅣ㐲㌷㌰㝡㜴㠴㐲慣㡡攲㍥㤲㡢㉢晡挱愰愳㘴攴ㅥ㤳ぢ㐳㡣っ〶ㄹ戸敤㈴慥㠸愳搶㘵扢攲敦㍤昰攰㜲つ㈴㈰ㅦ㠶晦慥㘳㐲㈱㔲捣攷㙡㤲ㄳ摡捡〹扤っ㘲愹攱戹慦㘴ㅡ㝥ㅢ㔸㈶㙤昸ㅦ愱㥢ㄸ㍥㐵挱摣㤲㉡㌲㝣〶搴㈳ㅢ㥥㕢㔷㘰挴㈶㍤㠵㔸ㄵ挵晤㉢ㄷ扢づ㠰㐱㝦㠴㡣摣摢㜲㘱挸㤱㈱㑦〶㙥㜷㠹攱ぢ愸㥤㙥ㅢ摥晤㈸㠷㡢㌹户愳ㄷ捣㌹敡ㄸ挶戱㡥㜷愰㔵て〱㈸㙥㔸㤵㥡㤳扢㔴愶㌹㠷挱㌲㘹㜳㜲㕦㑢捣㜹〵〵晦ㄶ戵㈲㜳㕥〹敡㤱捤㜹ㄸ摤挰攸搱㔷㔱㠸㔵㔱摣つ㜳戱搶搵㘰搰っ挲搵敦摤ㄹ㜶㤱攱ㅡ㌲扣〵〶㌱攷戵愸㑤戳捤改㍣愸攲㘲挴敢挱ぢ㈳晥挹㈱摣㘱挴ㅢ㈸晣㐶ち攷㐴㑢㡤攸〵捤㌴攲挷㠰㑤摡㠸摣ㅢㄳ㈳㝥ㅣ㠸慡〶㈸㌲攲㍦㠱㜰㘴㈳晡搹ㄷ㤳搶㌷㔹〸㉢㡡㍢㙡㉥㐶晣㈴挸晡㔳㘴っ戸㌳晣㌳ㄹ㙥㈶〳㌷攰挴㠸㥦〶戲挹㌶攲戱扤㉦扢㠵ㅢ户㘲㌸昸㠱晢㜹戶〲㡥攷攳㙤㈰敢摢〱ㄴ戳㝦㝣昰㥡挵㐲㤸挳昸㤸挱㤵㈶㈶㘵㐹㈳㌳捤㘰㥣改㘳㑦㘱㌸㠵㤴㥤㈸ㄳㄵㄳ㘳捡㘵㌶㈳㝤捡收攰㤷敡搲ㄳ〵㘳㝤搷㐱㔴捤昴㤲搳ㅡ搲㡤㉤捣㑥㝤㕢戱㡤㔸戱㍦㌵ㄸ㝦㜵换㍥㉣晥㍢㐱㥦扥㈶ㄹ捤㘵昳搹㜸㈱摣㠳敤愸㌰㑦扦㈰搱㔸搰收㑢㐰愲敢㤸㔴慣㍡挳㌳慤摢昹㌶㌸戸㉤㤳摤㤱㤱搹昸昲㍣〴挴搱昴㤴㈹ㅣ㈶㠸㍦㈹㘷挳㡡㈱㘶戲散慣㜷〳愹慢ち㌱ㄵ㘴〹㌱ㅤㄴ攴っㅢ㘱晥挷攲㥢〱㘴戲挹ㄸ㘵慢㝥ㄵ㔵㌱㘵㔴㑦㤹愲捥㈹㌹㙡㔲㤶挴㡤扤慢昷晢㤹挳昹攲㔰㜹㜲㥤㌸扤㜱㡢戲戳㈴户㝢㐰搷㜷〳〴㐳捣摢㌸㈱晦㍤㐰愶㜶戴昷㌹昶愲晣晦〲㕡㉤㘸㤲愴攲捣㜱摥㝦㉦㈸敦〱愵昸っ戱晦㜳㈰ㅦ〷㌲㕥㐰摢慦愴戹㠴㐲㌳㐱ㄷ㔳捡ㄶ昹㜱ㄸ㐷㝦〱㈴昳㤵敢戹挰昰昱攸㝤ㄶ挲戹愹㔹愸㜰攱慡换愰㈵㤷ぢ㠸ㅥ捤㌵㐰㜷慢㑢㐱愱换㡢㕤挶搴㑥挶搹て〴㉥㘳ㅡ挷ㄲ㘲㉡㈷〸昳㌶㐱㤸扢戱㈸愶㔳㜴㥢摡〴㜱㌴愹㤸收〱㔰昴㠳〰挱㄰㌳㉡ㄱ㑡搳㘸摡㐲㔳㝤㑤㘵㐳捣戴愴昱㈴挸㤲㐳戸晡〹㌶㐶㈹㕡戲㈵搲㥦〲〹ㅦ戱扡㘲戶㈴㥡㕤㡣挱捡㌵㕢〵㙡戹㘶㑢搰㐹挶㜹〶〸㌴㘳㝥挴ㄲ㘲㡥㈴挸㌲ㅢ㘱㔲挴愲㉥〲㈲㥡慤㜴㙡㌶〲慡㍥〰㄰っ戵〰㔶搴慣搵㙥㍣ㄳ戲㜴㤸攰㈰扢㡡㘶敤挰昰昱攸ㄷ㉣㐴㝣搶㠹㡡㘸戶捣㔵戳愵慥㥡慤㐰㈷㤹挴㜷㠰㐰戳㤵昸㘲〹㌱敢㄰㘴㤵㡤慣戶㄰搵つ㐴㌴㕢㙣㘹挶晤㈹晤㕤㔰昵㑢〰挱㄰㔳㠶㡡㥡㌱㤵㤰挶㜳搹敢㍣㠲ㅦ戲慢㘸㈶改〰㐹慦㠰㠴㡦改㌳愶〳愲搹昹づ捤晣㍦〲戵攲ㅤ㐹捤㜲㔵户〷㝤㘴昰㔷㠱㐰㕤㘶〵㉣㈱㘶〶㠲㌰つ㄰㘴戳㠵愸换㠰㠸扡攷㕡敡搲摡晡㈷愰敡搷〰㠲愱て〰㔲愸晦㜵㈰愵㔷敦㝦㠲㔶㝣昵晥ㄷ㈸㉥㔷敦ㅢ㈰扢㕤扤ㅦ〴㕤愶㍣㡦挳㌶㄰晣ㄴ㈴搳㕥ㅦ〲㠶㡦㐷晦摣㐲㘴㈵㝣ㄸㄵ戱搷㈹づ㝢㡤㕦扤㈷戹㥡㠶㤱扢㡣昳㑢㈰㌰㑤㍦扥㔸㐲㔱ㅢ㠹搹㠸㘱㈱㉡〱㐴㑣㜳㠲搳㌴扦〶㔵扦〹㄰っ㈵〱㐵愸摢搵换㠰㕡ㅡㄷ㘱ㄸ㌹捦慣摦㘲㔷㔹〹㈹㘰昸㜸昴ㅦ㉣㐴㌴㘳㔰㉣㥡〵㥤㥡㜱㈵挸㝤㈹攰慡ㄹ㐳㘳ㄹ攷捦㐰愰ㄹ挳㘰㤶㄰㐳㘱㐱ㄸ昷ち㤲户㄰挵〰㔶㌴昳㍢㌵晢㕦㔰昵㕦〱㠲愱ㅤ㠰㈲㤴㑥搷昴戲愶㘳㌵摤ㄸ㘲㙣㉢㡤㝣㌵㉤㐷愱㜵ㄵ㉥ㄲ㔳戳㉢搰㠸て㝥昰〳ㄲㄱ搱散㑡㘰愲搹㕦晥收戸㉦㡤㘹昶㍦愰㤶摦㤷慥㐲㈷ㄹ㠷㍦㉥㠲㘶㔷㔳ㅣ㑡㘸愷㡤散戲ㄱ㠶愱㉣敡㝡㈰愲搹ㅦ㈱㜲散㡥㕢挳改搵〲〴㐳㌷㠰愱愲㘶っ㌸愵戱ㅤ戲攴捣戵㥥挶慥攲戳㡦愳ㄱㅦ晣㍡〳㈴㈲愲ㄹ㠳㐶搱散㔷㑥捤敥㘴㍢㥦㈵扦㜰搵散㈶㌴换㌸㈷㐳ㄴ㌴晢愴戰㐳㌳㠶㡡㉣㈱挶㠵㠲㌰㌶㘴㔱㡣搳㐴戳晦㜶㙡㜶㉡愷㜷ㅡ㐰㌰㜴ㅢㄸ㐴愸摢㙡㘴〸㈷㡤慢㈱㑢㡥㜹敢戳搹㤵㥡㠵敥戰ㅢ捦㤱改昸㜶愳㝥㘱㐹挴攰晥㉡㘹㑥改戹摥ㄵ㌸愷㍢っ㈹㥥㉡散愱㥢㍢捦搵摥㘵敦㑣ㄶ㘳ㄲ扥㜸攲㥦敦挷搰晡敦㤰〳㡤ㅣ㔱ち㈵捡愳攷㍣㑣戵㝥てㅡ㝤愰昸昱攷㈸㠷㕢慣㑡慢昹ㅤ戰扥㐳慤昵㜷摢㍤㉥㔷㘷摤摡收㝢㘳攷扤扦扢晦挲㜳敥㜹攴㙤敢㝢攷㐷愷㍦摣㌵㝡挵㤳㉤㝦摤晦扢ㅦ慣改摦搵愲ㄸ㤲ㅣて㌹㍡㐲搰㑦㈰㡢敡ㄵ愸攵晡㌲晣㘵慢愱昴㔰㕣㘸ㅦ㈴㠹㈷攷㠹戳搴㝥搴改㌰昵〳昴愰㤵㐴戱昹㔴㡣㠱挶搱㈹昶愰摤愳㤲㘲㤸戸挷昳挶㘰慢㝣敦㙡㙢㔵㑦愰㠷㥢㘲摦慢愴搸㑢㔶㐳改㘱户搰㔳㤰㈴㡡㌵㥢㡡㍤㠳扡㈸昶慦㑥挵㤶㔰戱ㄱ㝢㥡㌲㡤㌱㌰㠱挷づ搸㍤㈶慤ㄸ〳ㄲ㌷挵㕥愸愴搸㈱慢愱昴㄰㕢攸〵㐸ㄲ挵㤶㥢㡡㝤〷㜵㔱散㜹愷㘲㉤㔴㡣㘱〶㤷攱愴㤷愲愹晢昴搶晡㤷散㥥ㄳ㉡㌸昸㜸慢昴戸昶㐹昳晢收慦戴慡ㅦ愲愷㥢愲㕦慢愴攸〱慢愱昴戰㕡攸ㄵ㐸ㄲ㐵㔷㤸㡡扥㡡扡㈸晡慣㔳搱㉥㉡晡ㄳ㌴ㅤ摤搲㝣捤敥㌱愱㠲㥥㤹愶㘲㥥挳㉤㡡㠱㠴㥢㘲㑦㔵㔲散㐹慢愱昴㄰㕡攸攷㤰㈴㡡慤㌱ㄵ㘳㄰㈱㡡㍤敥㔴㙣ㅤㄵ㘳㜸㜰㜴㡡扤㘹昷㤸㔸戱㤸愵搸㠲㔶昵ㄶ㝡戸㈹昶㔰㈵挵ㅥ戴ㅡ㑡て㤷㠵ㄸ㝥㠸㘲ㅢ㑤挵晥㡣扡㈸㜶扦㔳戱捤㔴㡣搱挱搱㈹昶㔷扢㐷㈵挵㥥㍥攳㠶㕦㕦昲昴挳㉤㝦戹㝡敢㠱挲㙤㐳㉤㡡㘱㠴㥢㘲晢㉡㈹㜶㥦搵㔰㝡㘸㉣挴攸㐳ㄴ扢摣㔴㡣㈱㠴㈸昶㜹愷㘲㝤愰搶㌳㌸㌸㍡挵ㄸ㐹㐸㡦㑡㡡挹㌵〶㘰㍥〶慥㙦㔱㡣㈲摣ㄴ扢愷㤲㘲㜷㕢つ愵㠷挱㐲っ㍥㐴㌱〳㐸㕤㤵㘲〴㈱㡡摤攵㔴㙣ぢ愸昵㡣つ㡥㑥㌱〶ㄲ㤳㔰㙣㜱敢㕤扢㔹㔴慢㘲㄰攱愶搸ㅤ㤵ㄴ扢摤㙡㈸㍢攴挵搸攳㐸㠷扣ㅣ㍦㤴慡㠷㜹㝤㜱敥〰搴挴㑤㌲挳〵㙣㈳攱户㡣戲〳㔳㡢㌳ㄹ㌹晣㔴愹ㅢ㐷㡦㜰ㄲ〳扦昸戵㌶ㄴ㜰㈴㠹慦戸敤户晥㕡㙡散散㡦慦换攱ㄸ挰㤴昸敡㍣㡥㡣挵〲昸愹㐵愱㠰㕦〹扦ㅢづ㙣㘰㑦慣ㅡ〶㐲㌱㡦㙡戸㙥㐷㜱㥦㘹㠲戳㌴攳昶戰㝦㠱攴攵㔱㡥㜷㜶㝡捣㥦挶㜴散㥤搷㤸攳㜰㔲戵扡ㄵ㉥㌶愳昹㕤㥥户㘵捥ㅥ㉦戶昰挱敦ㅦ〰攰㑦〸㈴㝥〶〸敡㡦㠰㘲ㅥ〶搹㐸㔶ㅦ㈳戲㔲攵戸㐱戸ㄲ㜴㑦挹敦㠸㙡㙡散つ㍣㜶㔵っ㠸戸㡡晣㜹〰昷愹㝤搲㜵㙡㠳攰搷㥣摡昸戴㜶㤰挴ㄹ〹昰㈸挶㔳㥣㥡㕤ㄴ㠳ㄴㄹ㡣搱慥晢㘰㌷扡づ昶㔱昰晢慦〴㈸戶挳㔵愰㌸〷㘴㥣㔳㌴㈰㠳〷ㄹ㜰㈷㄰攷㥢摤㘲攳敦㜲ㅤ昴ㅡ㑡㉦搶昰㍡㤲ㅣㅡ㌲晥㈸ㅡ㜰〵〸㌲攰つ㐰摣㌵扣挲㜵戰㡦㔱㌲㌵ㅣ㌷攷㈷㐸㜲っ搶㠵㝡搱㘰㝣戰捡㘰㌷〱㜱ㅦ慣攰㍡搸愷㈸戹㔸戳㥢㐹㜲っ挶攷㜲搱㘰㝣搸挹㘰户〰㜱ㅦ㉣攳㍡搸㙤㤴㕣慣搹ㅤ㈴㌹〶攳戳戲㘸㌰㍥㠰㘴戰㍢㠱戸て㤶㜰ㅤ㙣㌷㈵ㄷて戶㠷㈴挷㘰㝣㝥ㄵつ㘶㠰㈰㠳摤〳挴㝤戰㝥搷挱敥愵攴㘲㌳敥㈵挹㌱搸ㄶ搴㥤㠳昹㜸㐵㑦晡㜶㠳㔸挰㌳つ㌷㘶敢㝦ㄶ㘹挷㐱戸㌹㈹晥扦㈲㙥攷慡㡡捦ㅤ㝥〱攳㈸摥㈷㈸㐳摦㘷㈱慣㈸㕥戹㥣㠶摥㐷㉡㉦㕡攱昹愲㠵〸て㉦㌸攱昹ㄲ愹扣捥㠴攷换㑥ㅥ㕥ㅦ挲戳㥦㔴㕥ㅡ挲㜳扦㤳攷㘳㌶捦〳愴㜲㐵ぢ捦㠳㑥ㅥ慥㐶㤱昳㄰愹㌷摢㍣て㍢㜹戸㠸㠴攷ㄱ㔲戹㝥㐴捥愳㑥ㅥ晡㕥㜸ㅥ㈳㤵㙥ㄷ㥥挷㥤㍣㜴㤹昰㍣㐱㉡扤㈵㍣㑦㍡㜹挴㜴戴摡㔳愰摡㈵㐴ㄳ㑡っ昱ㄵ㈰㠸㈱挴㜸㘵㕣㌴愲㜰㍤㙤㜲㠹昹捡戸㘸㐶攱㝡搶攴ㄲ〳㤶㜱搱㤰挲㜵挰攴ㄲㄳ㤲敢㙢愸摢㈵㐴㔳ち搷搷㑤㉥㌱㈲戹㡡㘶㑦㘳ち搷㜳㈶㤷㤸㤱㕣㐵戲㘸㑥攱㝡摥攴ㄲ㐳㤶㜱搱愰挲㜵挸攴ㄲ㔳㤶㡤㐸㤳ち搷㡢挲ㄵ戲愷愳㘸㍦〹扥㉥挰㐵挵摣扢ㅤ㝤〳㜸㘵㐹㤳㐹挳搲㤲〶㕡㐹ㅡ㤶㤴㌴搰㌰搲戰戸戸㈱㘴㙢愵㘸ㄴ攱㘸㉥收㔰戴㠳㌴㉣㉡㘹愰敡搲戰戰愴㠱摡㑡㐳㔳㐹〳ㄵ㤴㠶挶攲㠶㥡晦〷㠳㌵挷㠳
A28: Decisioneering:7.0.0.0 | D28: Decisioneering:7.0.0.0 | E28: Decisioneering:7.0.0.0 | F28: Decisioneering:7.0.0.0 | G28: Decisioneering:7.0.0.0
A29: CB_Block_7.0.0.0:1 | D29: CB_Block_0 | E29: CB_Block_0 | F29: CB_Block_0 | G29: CB_Block_0
A30: 㜸〱敤㝤〹㜸㔴攵搵晦扣㤳捣㈴㌷〴ㄸㄱ㐴挰㙡㜰㈹㘸㈰散㠲㈸〲㐹〸㈰㑢㤰㐴戰㙥㘱㐸㘶挸㐸㘶〶㘶㈶〸㐲ㄵ㤷㍦戶晤ㄴ戵㉡㡡㔶㐵㕣ぢ攲㕡ㄷ挴慤愲㜵挳慡戵慤㔵慢㐵㕣搰扡㝣敥昶㜳愹摦敦㜷敥㝢㌳㜷敥扤㌳㈰搵敦昱晦㍣挶㝢て敦㝢捥㜹捦㌹敦㜹昷㘵慥㍥攵昳昹扥挱ㅦ晦攵㕦㌱〳㝢㌵㉣㐹㘷㈲昱慡㥡㘴㕢㕢愴㌹ㄳ㑢㈶搲㔵攳㔳愹昰㤲愹戱㜴愶〸っ挱愶ㄸ攸改㐰㔳㍡㜶㜲愴戴㘹㔱㈴㤵〶㔳挰攷㉢㉤㌵晣愰㜷搷㙦挸㡡ㄸ㑣㘵ㄴㄳ㠰换㘷〴〹㑡〸㑡〹っ㠲㌲㠲㑥〴攵〴㥤〹扡㄰㜴㈵〸ㄱ散㐶搰㡤㘰㜷〲慡㌱㝡㄰散〱㔰摥ㄳ愰戱愶扡㝥敥㠹㌰扡㈱㤳㑣㐵〶㔴捣㌲㑤ㅢ㌳㘴㐸搵㤰慡攱㈳㠷ㅣ㕣㌵㜸㐰㐵㑤㝢㕢愶㍤ㄵㄹ㤳㠸戴㘷㔲攱戶〱ㄵ㌳摡攷戶挵㥡愷㐴㤶㌴㈶攷㐷ㄲ㘳㈲㜳〷て㥢ㅢㅥ㍥㙡挸昰ㄱ㈳愲㠷ㅣ㌲慡㝣㑦㐸㥥㔱㔳㍤㈹搲戶〰昲扥㉢愹扤㈰㜵㝡㑤昵㡣㔴㈴晡㕤挹っ搰捦〳㙢㈳捤㌱ㄶ㐸㈴㤲㡡㈵收㔵搵㔴攳戱㜹〵戱㤱㔵昵つ昵㈸戶戶昰ㄲ㈹㡦㜸㝤昳摣㔹攱戶昶㐸㌰㉥收㤴挶㘷㠵㔳搳挳昱㐸攷昸㔱改挸捣㜰㘲㕥㠴戱㐰㝣㘲㝢慣愵ㄸ㤵愴攸㐰㉦㈵摡㐱㔵昵㌵搵㌵慤攱㔴㐶㐴搲㜹㤵㕥摣愲愹㑡㥢㈱晣㠲愱㕢㔴㈷㕤〵愹㡦攵㙡昴㈶攸〳㄰摣ぢ㈰愴㔳㔵㐸戲㡡㈱㠳㔵昱㙢愸挵昶㔴慣㐹晥愶戰扦㘹慥扦愹搹摦搴攲㙦㡡昸㥢愲晥愶㜹晥愶㔶㝦㔳捣摦㜴愲扦㘹㍥㜸慣扦搲㤲ㄲ扦晥晢晡敦て摦晡㤳愲换慡㌷ㅣ㄰扤扥捦㜳㉤戵㡡ㄵ㔷㙡昰摥〸ㄸ晢〰〴㉢〰扡收㕡㜱㠸㔲晦㠰ㄱ㌴㘴昴㕤晤㔷㍥㍦慢捦攴㜵㔳扡昷摣晥捣㈱㘳〲昴昲㄰㉦㈷戸换愵㈱㤲㐸挷㌲戱㐵戱捣晦㑤搹っ昲㌲换㉣ㅢ㥢㈹㍢㉡㥦㝤㤱㐱㘳㍦㠰攰晥〰扢摢㔲敡㌲ㅡ慥搴㑢摡㍢攱つ㡦㑦晦散搱㥢敡慦㝡晥扡㕢扥㜸㙡慦㥢ㄵ扢〳愹㠷㍦愵㤴㝥㤴搲ㅦ愰扢㕢ち㑡㕡㍤慦挵慣㉥ㅦ戴㙥愶㍦㔹扢晥㡣户〷摥㝥昱㐷㕦㉡㜶㈸㔲㑣〷㔱㑣㈵挵っ〰㜰ㄴ搳㌰愵㥥搳ㄲ捡㌶㍤㍢敡㠹〱㐷㑣㕢晦搰改昳戶㔵㜵㔹慤搸ㅢ㠹㈱㔵㤴㌰㠸ㄲ〶〳㜸㘴攷㘰愵㥥搶㔲ㅥ〸户㍥摢㌴昶㡢㜱慢㜶ㅦ晣捡挶扢㤳㑢〳散捥㍣㙢扣扢戰ㅢ㔳㤱㐴换晦㐹ㄳ昴㙣戰㘶㌱㡢ㄱ㍢㉡攰愱昴挸㌰㝡㘴㌸㐰㘷㐹㤳㉤摡㈷戵㉦ㄶㅦㄶ慦㝣戱改戳㈹㌷㑥㕢晦攴ㅢ户㍤晥戶㘲慦㉥昹㍢㤸改㐷㌲晤㈸〰て㡦愲㕣ㅥ搵㔲㕡㍥昶扦㜲晣扡㉦愶晥戲㉣昱换㐱昵て㍣慤搸㤸㐵捡㘸㑡㌹㤴㔲づ昳㤶㠲㐶戸㔹㑢〹慤扣㙦攴つ㘷晦戶㝥攳晦㥢户愵搷晤㑢捥㔱㌲慥㔰挰攱〴㘳㈹㘵ㅣ㐰㑥㕥㠶㈸昵㠰㑥㝦晢散㈷㥦㕣扢攱捤改㌷慦ㅡ昰挲攵户扦户㕣㜱㐸ㄲ㉢慡ㄱ㌰㙡〰㠲戵〰ㅥ㜹ㄹ愹搴㈶㉤㘵㐴敡挶㝥㡦散㝦挵昸摢㝥昷晣晣扤㈲㉢㍦㔱㌲愶㔱㐰ㅤ挱㐴㑡㤹〴㤰㘳挵〸愵敥搲改㐷摥㔶戴昸㤳慢㡥愹扦㝡摦捤ㅦ㝤昳敢捦㍦㔵ㅣづ愵㤶ㅦ挱昴㔳㤸㝥㉡㠰戳㑢ㅣ慡搴敤㕡挴〹搷づ愸慣ㅥ㝤捣戸搵㤳搷扣摦㜵昰攳昷㈹づ愶㤲㤱改ㄴ㔱㑦ㄱ㌳〰㍣㌲〲㐳㙥搶㔲㑥㝡攲愹敤㥦ㅦ㜱㔳昵慡㈹愷扦搷晥搲捣愱㡡愳戱㐸㤹㐹㈹つ㤴搲攸㉤〵㑥㕤慦愵散㝢昱攲昲晡搹㥦㔶㥦㔷㜶挱扡㌷摥㉦摡慡㌸㥣㡢㤴㔹㤴㌲㥢㔲㡥昶㤶㠲ㅣ㕤慦愵ㅣ晥挶㤴攱㜷慦晡㘴敡ㄵ㝤摦敤㝢昴敦㕥㑥㉢㤹て㔰挰㌱〴挷㔲捡㜱〰㌹㑥㐵晡慢㜵晡ㅢ昷摣攳愲愵攳㡥㥣扡㘲㘹慦扥㤳㐶㌶㙥㔳㥣㑡㠸㔳㑦㘰晡㈶愶㥦〳攰㜴㉡㌲㜲愵ㄶ㔱㝡捤㐵㈷晣㙥㥦挰愴㑢晦㔵㜹㔷摦㙦㥥摤㐷挹㐴㠴愹攷ㄲ㌴〳〴㕢〰㜲㑣㐰ㅤ扦㑣愷㌷ㅡ慦晤攳㍢〳㌷搴㥣戵㘵搳㘷㐷㑥㜹攵㔴挵㌹㡣㌸㈲捡昴昳㤸扥ㄵ挰愳㔰㐶㈹㜵戱㤶㜲攷㥦㠶〶㝤搱ぢ㡦戸㘱昴ㅢ昷㍥扣㘲挵捦换㑦㐴㤲改ㄸ㝦慢愶㐷㌲摦搱㐴㈵挰戱搷戳晢昰ㅣ敦搹捡〲㜱㜳扡㔰ㅢ㐹㌷ㅢ㥣㑢㑣㑥戴㐴ㄶ〷ㄱ挲ㅣ愳㍣㕥㤳㑣㘴㈲㡢㌳戵攱㑣戸㈴㍥㈳㡣㍥㌰㘳㠰愹㔲㔲㤹㈱愶散㉣㌸㉢㜵㤹㡥㐱㐲㐸㠲㌶㈹㥤〴㘱㑡㔲㤸挲ㄶㄵ㥢戰㌴攸㌵㤷㥤ㄴ㑥户㘶挲㜳摢㈲晢㍢㠶㍥晡つ㌳愱愳㌲戱戶㜴ㄵ㐴㑥㑣㈵摢ㄷ搰愳摦㤵ㅣ捥㠵っ㑥㘰㠲㙤〰㌲昳收扦㍥摦〷㘳㡤㌸晥㈹ㄳ愲㐱㈲ち昸ㅢ㔲戲戴昲㠵㠸ㅣ愹㈷㐶戵愹昰㐹㤸摣㘵㡢㜸㘸搵㘰晥户攳搹㉤㈶户搱ㄱ搱㤱搱㈱㐳㕡㐶っづてぢ〷㌸慢昲ㅣ慥昲㑣搰搸㝢㤴㐷㘷挷ㄲ㉤挹㤳㠴㘵慦敡㜰㍡㤲ㅤ㍦㉡㌵慤㍡搹㥥㘸㐹昷昱㈶㌶㘴挲㤹㐸㙦㈷㉤㉢挴㤵慣〱㤳搹㐸㕡昴敤敤㑣㈶搵㙡晣攲㤸㐹晥㠹㠳㡣㈹㙤㜲㙥㝥㙡㕤㉡戲戰㠳敡戲㘸㍣搶㍦㡢㈲愴扢㜲㘹㤲㑣扢㌰ㄲ㈶搳㤱㠴㤸㔷ㄹ㥦ㄱ㙢㥥ㅦ㐹㌵㐴戸㝡㡡戴㐸㔶㝢㤰ㄴ㐱㑤㙦㡥愴㉢敢ㄳ挸㈸收搴㉤晢摡戱搱〹㡢㌳㤸つ㐴㕡㘰㉦搶ㄹ㤹㈵㡤慣愳㝢攴戰㤸㍡㐱攸㤵㠳慥㑢㌶户愷搹ㅥ㔲挹戶㕣捡昸㤶㐵㘱攸㙣㤹㤶㙣㠹ㄴㄷ晢㡡昹攷挳晣扤〸つ㘴㠰愳晡换㐲㠱㜲搳搶慣摣㔶挸㥣㤶敦㤹㕢昹慡㘶㈲㝦挸㐷㕢㠴㌵搳敦㙣㑤㌶㜱搹㜲愵ㄸ捦扥挴搴㙢换ㄵㄷ㥢攴敥㥦摦㑡ㄱ摢㔱㜶摦㉦戳摦扦扢捥晤㠴㐵攸慦㈶㠵ㄳ㉤㙤㤱㤴㔷昷搲戱㔴㔶戴挸㐸〱〴捥㐱㙢捥敢扤㘲㜰愸挵㙡㐹攰愴㔸㑢愶㌵搸ㅡ㠹捤㙢捤〰㠷攵㜴㘹㈹㕤扢㕣扦摤挰搹捥㌵戵㐱戲搱㑥戰〸愰慣捣㈷㝤㐶戰捣㔸㡣㘸㜰〹㐰挹挴㐸㈲㠲搵㙤㤹㔲㕣戵挸晡愹〲〱㜷攷戲っ搸㌲愳〰㑤㜱挵挳㕥挲㔸づ愰㑥㐵㕥㤸㥦ち㐴昸㘶慤㍡ㅤ㌱攳っ㠲㌳〱㙣㔶慤㈰㡥㔶挱㥡㝤昱㡦㔸戳㍦㤱戹㕤㕤改㌸攳㔷攴㌲ち搰捡㔷㠲〳㍤㜵㙤㌲ㅥ㡥㈵戲ㅤ攰㝦戴挴て散〷愱摦㜶㈵挴㐹㐳㜹摣搶㐶扡挵戱㘲㤱㑡搹戸㘴㐱㐴㙡㜴㜹戴㌱㥣㥡ㄷ挱㔲㌸㌵戹戶㝢戴㈶㤹㑡㐵摡搰昵戵〸㠲㜵扣㘷㉥㌲㕤㤷㑡挶㠹㜷昵㌷愶愲ㅦ㝢搵ㅦ㕣慦敡㉦昲㌹㝡搶挱昹晢㉣摢㥡搶㔶㜳搸㔳っ摢愹㐴戹搵㡢改ち昷㐱㜹㝢㥤ㅦ晢㙣慦敤㑤戳捦㍥ㄷ㙥㌵捥㈳㌸ㅦ愰捣愷ㄲ扡捦㥢㠳㈸摦㌵攸㠵㤷㐹㑦㝣〱㘲挶㠵〰㘵戶晥㙥㤵挴㝤㡡晢ㄹ搲搷昵㈷㤷慢慦㕢㑤㌶愳〰㑤㜱㉦㠴㕤㤳㜱㌹挱ㄵ〴㔷〲挰愲㌹摡愲〷ㄱ攵㥢戵攸㉡挴㡣戵〰㜶㡢慥㤱戸㑦ㅤ㠴㝦挵愲〱攴捡戵〸㤳搰敢挹㘶ㄴ愰㈹㙥慢挸㔸戰ㅥ〱搵愸慤㔸㡥〸摦散㔸戰〱㌱攳㈶㠲㥢〱㙣扥戹㤵㌸㍤ㄶ㔴㈱㉣搶っ㈶㌲搷ㅡ㡣〵㜷㌰愵㔱㠰愶〶㠱㐳晣戳㤱〲敥㈱搸挴㐴㍥㔵慢㉤ㅢ㠷㈸摦慣㝦敥㐳捣戸ㅦ挰敥㥦〷㈵敥㔳摣收㄰㡢㠶㈳攰戰㈸㌴捥搸㑣㌶愳〰㉤挰㉤㤲〲ㄳㅣ挷㕥㡢㙢〸改ㄴㄷ㡥㙡㑣㉦搲㥤攳つ㌱㔹㍣搵㜲㍣攸ㄴ㥦ㄱ㐹㌵㘳敡ㄱ㙢㡢㤴挵㍢扡㠱ㅦ㠷㠹昴晦ㅦ㤳敦愲㈲㑥扤㜳㈶攰〷攵敦昱愵ㄶ㌸〶㠸㠲ㅤ㝤㐱㘲㠱㌹㜴戶㔲㜱㥤挲昱愴㕦㝥慢㍡㙡ㅤ攷㌷攴晤㜱㜴攱㐱搹户㕣ㄱ㍣ち挷ㄹ㡦ㄱ㍣㑥昰〴㐰㘰〴扡慢㥤㜵㍣捦攸㑡ㄶ㜱㉢愵愹挹㔷捡㘲㈸挶慢㠶㍢㐶〴慢㉦㔶挶㔳㈰ㅢ㝦㈴㜸ㅡ挰搶ㄷ㍦㡢㘸昰㑦挴㐹挹㔶戰㔸㌱㐵㍦ㄸㄸ改〴戹㔵敢攸〴搱㉤晦㠵〹㡣〲㌴挵㝤㕥改㤶㕦愰㠰ㄷ〹㕥㘲㈲㥦摡㕦ㅢ㔹㠱㈸摦㙣户晣㌲㘲挶㉢〰昶㙥㜹慢挴㝤㙡㌴晥ㄵ㡢戸敤敢戶攸㌵戲ㄹ〵㘸敡㔰㜰㠸㐵摢㈹攰㉤㠲户㤹挸愷昶搰ㄶ捤㐱㤴㙦搶愲㜷㄰㌳摥〵戰㕢昴扥挴㝤敡㜰晣㉢ㄶ㡤㐳挰㘱ㄱ〶㡡て挹㘶ㄴ愰愹戱攰攰㘰㘱㝣㑡昰ㄹ挱攷〴慣づ慡〴㐶戱㑡㐸挱〶戵㠵㙢㐰攱㙢ㄵ慣捦昸ㄲ㌱攳㉢㠲慦〱㙣〵换慤㈳㐴㔵㌵晥ㄵ㉢㙢挹攴ㅡ㘰晤愸㑡㘵㐶〱㥡慡㐱㍡昱㕢㄰慣㐶〹㐱㈹ㄳ昹搴攷晦㌶㤷㠱㙢挰㈱㉦愶㐳收㤴愸㡣㕣㥤挸㘵戳愸戳挴㝤慡づ散㘲搱㈴〴ㅣㄶ挱㙦㈱戲ㄹ〵㘸㙡㈲搲㠹摦扡㔳㑤て㠲㍤〸挴㙦㙦挱愸づ扦㙤㜷㔸㤸昵㕢㙦㈶攸㐳戰ㄷ㠰捤捡扤捤愸㍡挲戲㜲慡摢㑡㑣㤳晡㤲捤㈸㐰㔳㔳㤰慥て搳ㅥ〰㔶昵愲戶㘴㉢㌰㝣戳㤶昴〳搹攸㑦㜰㈰㘵㘶ㄷ昲㤵挴㉤〱㉦摡攳㜴晣㈳㍥㥢㠱㠰挳㘷㘸㡦㠳㤸搲㈸㐰㔳昵㐸㈷愵㌸㡣㔲㠷ㄳ㡣㘰㈲㥦㝡㐲㕢昶㈰㌸昸㘶㙢晦㐸㜲㡤㈲㤷捤慡搱ㄲ昷愹㤹㘰ㄵ㡢ㅡㄱ㜰㕢㌴㠶㙣㐶〱㥡㙡㐰㍡戱㘸㍣搵㔴ㄳ搴㌰㤱㑦摤慢㉤ㅡ〷づ扥㔹㡢㈶㤰慢㡥㕣㌶㡢㈶㐹摣愷㘶㠱㔵㉣㍡ㅡ〱户㐵㔳挸㘶ㄴ愰㈹ㅥ㍤㠸㐵昵㔴㌳㠳攰㐸㈶昲愹㥢ㅣ昵㈸㙢㔱〳戹ㅡ挹㘵戳㘸㤶挴㝤敡ㄸ换愲攳摣ㄶ愱愶晦㡣㙣㐶〱㥡㍡ㄶ改愴愶ㅦ㑦㌵㈷㄰㌴ㄱ㐸㑤扦ㄲ㐶㜵搴昴㉢戴㠵ㄵ㐸挱㌷㕢扦㥡㤹愰㠵㈰〲㘰戳㜲㥥ㄹ㔵㈷㠰㕤晣㌶〷〱㠷摦㔰搳㑦㈴㥢㔱㠰愶㥡㤰㑥㙡㝡〲慣敡㝣㙤〹㔳昰捤㕡戲〰㘴㘳㈱㐱㡡㌲戳㌵㍤㐳㥣慥改㜳㤱㐴慣㘹㐱挰㘱つ㝣戶㤸㈹㡤〲㌴搵㡣㜴攲戳㘵㤴晡㜳㠲㔳〸挴㘷换敤㍥㍢㌵慦愵愷㌳挱ㄹ〴㘷〲搸㉣㕤㘱㐶㔵搴戲戲搵㙤㈵摡攳㉦挹㘶ㄴ愰愹㜹㐸㈷㜵敤ㅣ㙡㔹㐹㜰㉥ㄳ昹搴〲㐷㐹㘶敢摡昹攴晡㌵戹㙣ㄶ㕤㈸㜱㕦㌱てて扣㘶㠰ㅤ㐷ㅤ㈵㘰㈸㥢㥡っ户搴㠵㥢㜱㌵愶㐴㕦㡣㈹慤㐹挶ㄷ攰〰㈶ㄵ㈲㘷つ㌶㠹戱昹扣㈸搶ㄲ㐹㤵ㄲ搱㠰晢㍤挵戸ㄷ㤳づ捡ㄶ㝢ㅡ㈷㉢㐵扥㐰愰㔳愹㤷慥挹㤶慣晤昵㐶愹晤晥搰㘴㤷晣㜷㡦ㅣ㌵ㄶ㐳〶戲㔳〴㘸㕣挴散慤〲〸㜰挳昴㕢㙤㑤㜷㐱㠲㘰昴愸㐴㉣㤳敥ㄴㅤ摦㥥㐹搶挵㌲戵改㑣㜹ㄴ〰㐱搹㠷敢㉤ㄳㅣ摢㠴扡㌲㍡㉢ㄶ㌹㠹ㄳ㥥㝤摣㈴㕣㝡愹㘹㑦㘷㤲㜲㈰戵户㥢㕥㥢㥣㥥捣搴挶搲ぢ㜰㠱㘶㝦て戲㐹㤹摤ㅡ㐹㘰㔲㥤挲㙥摦㡥㤸㤲ぢㄶ㐴㕡㍣㙣㙣㐸戶㘳捤㌷戹昶㠷㜰㝣愰㘴㥡㠹㌶㉥㠷〷敡㠰晣换〴㥢摦㌹㍢昵㉢晣敤攲敥㌹愷㉣㍥攳ㄲ搴ぢ㍣㍥㔵㔶㘶慣㐶〰㉤㈰㤰㐱㝣愷㡥ㅣ㐲㘰散ㅡ敤㈸搲挶㔸愶㉤搲㈹㉡愵㈶攱搲㈸ち〹〷㌶㉤㈵搱挶搶㔴㈴㔲摢㌹㍡㌱ㄵ㙢㘹㡢㈵㈲慣ㅥ搸戴攵㕤愶愹㤱㜹㌸㥣㤹㤱攴摤㥣㘴愲㜳戴㌱ㄵ㑥愴搹㜴ㄲ捤㑢扡攵挴愴愹〴愲搵戱〴慡愳㔹㡤ㄸ敥ㅡ㙤㘸㑤㥥㠴㌶搱ㅥ㑦㑣っ㉦㐸晦㄰㡡㔴㥣ち昷攰捦㉣㔴扦昲晢㔵愹扦㜴ㄷ㡢㑢〵㉦㐵改㌸㑥捤〷愳㍦㔶㐵㍥敥慣昸〹搸㠱愱晣㜸㝡㔱㘰愳挴㜱ㄲ挴搲㉦㤷换㘹晡㄰慤挸慢ぢ敡㌸㝡㘱戵㌳㉥㐳愲昲摦〰ㅣ㌱昱愸挹摦搵㐱挱㈲㐸㉥戰㥣㤶扡搲㜱㈴搵〳捣㕤捣晡㐳ㅣ慢㤳㈱搵㠰㌱㘷㥤㉣㡢ちて慢㘷㤷㙣戰づ愷㝡攵搱愹攱戹㤱戶扡㘴㉡ㅥ捥㜴㌱㈳㙣㝤昱㜰㕢㕡搳搰昷挶挳慣㙦慣慢つ捤攱戶㐸愹㜴㠵搳㘲〹㈳ち㈰㤵㔲愳挲㡢㠱ち㉦ㄶ㔴㜹㜴㈶㡦㘹捤敥ㅤ戲㤲昳挲愹㔸愶㌵ㅥ㙢㉥㘵㠴㐷愹㍦㠸㡡㡡㉡㔴っ㘷㕡㝦㔲㕢搱慦㔴㌸㍡㈱昳攸ㅥ挵㕤㠵慥㥥慥㘳昱愳㍡晢㔵㄰晦愹㕤㍣挳昳㈹㈵㜳ㄱ攳ち㐸ぢ㜰搰㐲㠷㘶㥡昲㠱㜵㜵昶㠳㔳㠱㤱㥡慤ㄶ㤳〱慦㜱㈵㈰〳昲㉥㐳㠰挳戴㘳摣㕢〳愲㜱ㄵㄹ㤷㠳挸戱㑦㔴昹㡣慢㠹㐳㤴㝤摥㌵〸愰捤愸搳ㄱ㘷扦愷㠲搷〲攳㙣㘷㘸㕣敥㜶愶捥〰㍦摢㥡㜱ㅤ〵㥥㠹㄰慢㜰㐷㤶㙥〰㜶挷㔹㕡挱ㄴ㜸㡤摦㔲㠸㡥愸㕦㈱攰㤱愵㜵㘰㌰搶〳〴捥〵挳户㍥ぢ改㡡㐴㝢挴搹㔹㑥挲㐱㘸㈴㙤㕥㈳㑤搷愰㕥昶㜴愳㜱改㈳ㅣ敦㈵昸㠹愹〸㑥搶㔲㡤㌸㕢㤷晡捣ㄴ扤㍤㈹㤲挸㘳戸晤㜱㑡愰㙦㈸㐴㜷敥㐶〱㑡捡晣搳㜳㠲㔲ㄵ晣て〶㝢㌹㝢昱㉤敤㝥搳挴㔷㑦㍥㜳㙣㄰㤲㔹昷㙦㐴㐵攲㜸㜱ㅥ攲扢㜲㐴挶摢㤸搸㐹户ㅤ捣昶攰愵收㘹戸〴ㅥ㕢搰ㄶ愹づ愷㌰㈶㈷㔳㘹㈳㙥〵捤捡㘷㍢愸㌳㝢挷ㅦ㐲㍦㠸つ㘴㜳愴慥㜲㜴㝣戶换ㄶ㌶挳捤㐹づ㐶ㅤ㡥㠷慡扢攳晡㠶攴㝢㈱㈹扢㌶㌹ぢ㌴㘰戱昲㉤つ㘱摦㤱扢㜷〹㠴㑦〵㘶㐲㤴愷㝤散昵㡢ㄳ扣㝣扥㠸㍢㥥㘵昳ㄳ挹㤳ㄲ㘲㜹㈰捤㍢㐴ㄴ㘸㤴㤴㌰ㅢ㘵㜸攵㙦〴扡㈸㔴ㅤ搶㥡昳㠱昰扣摣㘴㕥ㅦ攸戸ㄹ㍦戹㠵㈷㉢收㤵敢㜲㕥㠷挷〶扣摣㜹㉦㤵〸㕣搸㌹㍥㍢㤹㥡㍦㌷㤹㥣捦扢㙤㕤㈴㤶㙥㡤㐴㌲扣愳摥㈹㙥摥敤㘵ㄸ㘳㐳㔱㔱捥㔵㜴敤㜷ㄲ㔷挲ㅥ改攰㠳户挰昲愲扡㔴戳挴搴㜴攴㥦㌷挷ㅦ㝥㜷挹戶〳愶て㌸攲戲扦捦摦慦敡昲㜷晥㑢㑤搳㠴㡦㔶づ㌹㝥㑣晤㉤搳捥㌸㈷㔱㌷昵㝦慡昷㔶ㄷ㐰ㄲ挷〲㕦昰㜷㤰㌴搲㔶敡愳㉢愶捦㤸搵㌴扤㜵昳敤昱㡡昸慢㥢慥㙤慥挸挴㌶慦㙢慦攸㝦昴收戵㑢㉡㕡㕥摤㜴㙢㘲㕥挵挳攷扦㝡捦㠶〵〷㘲㜴昴㑢扢戳㑤捤搴㠵㤰㉡㐳挶ㅤ㤰慣㔶㈱㈶㕥扥㤳㌱ㅤ㔱慢ㄱ昰攸晢敦〲㠳㜱㌷ㄹ㜹㘲挹晥摦扢㔵㙦〴ぢ㐷戴㉢挰挱㤶慤敡㤰㑦搶㈷㠴㌱㌶㑤㐰㠸㔵挲愳㐸搵㤵攰㘰戱㥡㐳㌲摤㘸扡㜰㍣昸改挲摤捦っ㍣戶㘴昳㝥㜵敢晡摦㜰敤〷㕢扥摥㔳㡤搳㠴慡挴慤〷㝣ㄲ㌸扦敥晥㘱愷㌶昷㉢扦㘷㤲扡ち㔲㑣ㄷ晥ㅥ㔲㝡戸㕣搸㌸㜹〶戶㤵㍣ㅣ戴ㄶ〹挵㐱て㈱㥤扡〶㌱晣敢㌳㌶㌳愶㈳敡㝡〴㍣ㅣ昴㌰ㄸ㡣㐷挸挸〳㔴摢㜸晦愸㤵ㄸ㝤摥㘳〸搳㍢ㅢ挰㘲㡥昷㡦〳攳ㅣ敦㠷㐰㠸㙢㕥慤㙥㐲ㅡ戱敤〹ち扣ㄹ戱㥣昱㝥ぢ戰㍢ㅥ敦㙦㐵㌲㌰晡㡣愷㈸㐴㐷搴ㅤ〸㜸㘴改㡦㘰㌰㥥㈶攳㐶㌰攴㉦昳㘷挰挲㕣摤〳㉥㈹昳㐱㈸㤸㙣㤹㔷㈱㤶慦捣㌷㈱㠹㔷㤹ㅦ㤴慦捣て搴㠴捦㥦ㅤ晡㐵敤㘹㥤挷㕦戸搷摡㜵て扤扦慡㔶昱昴搷㉣昳扦挱㥣挳㕤㘵㕥搳ㅡ慢㔸搰扡㜹㐳挵㤴㔸愲戵㈲昳敡㍤て㔴㐸戳㐹戴㙥㕥㔳ㄱ摦㝣搵㤲㡡晥㐳〷て㍥㘴攰搰挱挳㠶㝢户㥥晢愱㐱ち攰〵扡攴㐱挴昰㉦㑥㐱ㄸ搳ㄱ戵ㄹ〱て㑦扥〴〶攳敦〰㠱㐷挱昰㉤㡥〷㍢㠱晤挷昹っ慥㔶㐶晦愳ㅢ㤲昰㈲ち挹㕡㕣散敡愶〵㍢㉤捥㕣㕥㐶㐱戲扥㍦挶㌸㕥攳ㄵ㐰㡥㘷摣㤱㔰㡦㕢搸㝦〰换㌵〵摦挰ㄳ〰〵㤶㤷戹愷戵㔴搴㌹㙥㙥㌱㤸㜳㤴㐰㥣愷戸㘵昱〹㠹㜶昳戲㜵㔰收扦㠹㙥㐴㔷收戰㤶㤹㈸挲慥㘶戰㈳㔱㈷㑤挲ㄴ㍣搱换摣搵攳㔵㔴搲㉢戳愲㝢㌸㈹㥣戲㈷㑡㤰㐱扥ㄸ㤷昶㉥㌰㐷㠱㔶捥㐹㌰㘱摣㈹慥㔲昳㕥捥㔶㝡㤴戲㤵㤱つ㑡㕣㍤㠵㝦愴㕤换敤っっ慤㝥攷㡥㠳晡㈳㔸愴㘱㙥㠳ㄸ昵㌴㘲㌹㍤攳敢挰收敤ㄹ挱㙣㉥敥㥥㐵〸㡣㍥攳つち搱ㄱ昵ㄷ〴㍣摡昳㥢㘰㌰戶㤳昱〵㌰攴敦ㄹ摦〲ぢ㙢捡㡢攰㤲㥥戱㘷㑥捦戸㐷㠱㥥昱㈵㈴昱敡ㄹ扢改づ搰㌵愱搸㑤ㄳ㥥㉣㥤扡戵扤㍡㌹攱摥晦㜹㙥慦敥㉦㥥㌹㐳昱〰搶散ㄹ㍦㠰㌹㠷敥㜴捦㘸捥㈴搸㉤づㅢ㡥㙥㜱挴㈸敦㙥昱ㄵ㠸ㄷ敦㝦㐸㝦㙣㐵っ晦晡㡣㡦ㄸ搳ㄱ昵ㅡ〲ㅥ㙥晣ㄸっ挶㈷㘴摣づ㠶晣㙥晣ㄴ㉣㜴攳㕢攰ㄲ㌷㤶攵戸搱㈸攰挶户㤱挴换㡤〱敤㉤搷愴愲㔸ㄳ晥㜰㕢捦愱㕦晥晤㠴㠹㤷摤摡敤捦㤱慢扡㠴搴㍢㤰㘴扡昱㙢㤸㘳晦つ㥢㌹㉦㥢㤰㘷㑥昱㉥搲㠹㝦晥捤㡣扥㡦ㄸ晥昵ㄹ摣㕦㘰㐰摥てㄱ昰昰て扢づ㐳〱愸㑦挱挰愱挳敡㠲晣㐰搲㈳㥦㘹〹〶㥡㠵㜴㐱晣愵㠹攲㜹戳㈸㈹〶ㄶ㡦扣敡㑢〴捣㤶㌴づ㈱捦㤶挴㈳㘷戱㌵㠸㔴㡡㘷捦㌹㉤愹ㄴ搸扣㉤〹ち捤㤶挴愹㥥㘸攷㙦㠶㈵㝢㐴昸ㄱ昲挸㘲ㄹ㜸㡣㑥㘴っ㠲㈱㝦ㄵ㈸〷ぢ㌳㕣〲㉥愹〲ㅦ㝦㙤㥦㘳㝣㠴㔸扥㌹㐶㈹㤲㜸㔵㠱昷㤱挶㜳㕥昹㥥㈶㝣㄰㕣㌳㝡晥摢ㄳ慢搷扤扥㈲扥㈵㥡扥㐴昱〰摣慣〲摤㘱捥㉥捥㌱㠶㡤㈸搰㤸㜸扡㉥〵搰㠳㉥攱搹㍡ㅥㅣ㠴㌳愶摤慡㐲〸㜹㜸戲㈷㜸㡣㍤挹搸ㅤっ昶捡搲ぢ㐸晡慥〷昰㤴㘲昴〶㠲㕤戹㔴ㄶㅥ戲ぢ戶て戰㍣戲攱慢㜸㤲㙥㔶㤶㐹㠸㝡㔶ㄶ㥥戳㡢慤㍦愱搲扤㄰换愹㉣晢〰扢攳捡戲㌷㤲攱昱ㄹㄵㄴ㠲㠰扣㝤〱㍤戲搸ㄷ㍣挶扥㘴㍣〰っ戶㌹昶晥㔶㘲㡣捥〷㈰捣摣昶〳ぢ㜳愰㠲㍦〵挶㌹挷ㅥ〱㠲㝢㡥摤ㅦ㘹㈴㑢晤㈸㤰㈷昷㌹㔹㍡㄰搸ㅤ㘷㠹㈷晣㜸㝣挶㐱ㄴ㘲㘵㠹㠷昹ㅥ㔹慡〴㡦㌱㠰㡣㍣挲捦㕦晦〷㠲㠵戹ㅡづ㉥愹晦㝦捡愹晦捦ㄶ愸晦㈳㤰挴慢晥㍦㤵慦晥㙦搱㠴搳㔷㍤㜲挵慤ㅢ搷㑣扦㘷昷ぢ㉡㉦㕤㍥㘶㠵攲搵〱戳晥㡦㠰㌹搵捥㤱〴昷昵捣㌹㜶㔳敤散㤹戹慢搲散㉣㝢㝥敢慢㥢㌶㔴挴摢㕦摤㜴㝥捣㝢㐰ㄹ〵㉤㔲〸〷搳㉤扣㤹㠰〷扦㌱㘵捣昲收ㄸ㠴㍣扣㌹ち㍣挶㈱㘴ㅣて㠶晣摥ㅣつㄶ㝡戳ㅡ㕣攲捤㐷㜲扣昹㜰〱㙦搶㈰㠹㤷㌷ㅦ搴㑥㜳㡤换て㘸挲戲攸挶㜷㔶挵〶搷㙤ㅣ晥㤶敦㙦昵搳㙥㔱ㄳ㈰挹昴㘶㌵捣ㄹ晡㉤扣㔹㘸㡤㕦〷愹攲扤ㅡ扡㘱ㄲ㘲㜸㝣㐶㉤㘳㤶昷㜸㘹挲挳㝢ㄳ挰㘳搴㤱㤱㔷㈵昲㝢㙦㈲㔸攸扤ㄹ攰ㄲ敦摤㥤攳扤扢ち㜸㡦㌷㉦扣扣㜷㝢㍥敦摤愶〹户㕥㍡昶攳㘱捦㍤㔸晢㐰㜵扦㤹㔷㍤昳搵㠷㡡㔷㌴㑣敦搵挳㥣㕤㤹搵ㄴ㕣散㌵㐲扣戸㜱〶晤挱慢ㅦ㜸㜰㜳㠴㌱换㡤扣改攱攱挶㤹攰㌱ㅡ挸㜸㍣ㄸ散ㅤ㜱㈳㤰㜴摣〹挰㔳㡡㜱ㄴ㄰ㅤㅤ㜱㤳㠵㥤〵㉣ㅥ㜳搴㙥〶㔶昲㈹㔷㑡㍣㍢攲ㄶ戰㠸慤㐷㈳㤵㡡㈰㤶搳㙢ㅤ〳散㡥㝢慤㜹㤶昶㘳㈹挴捡㈲慦㠹㜸㘴昱㌸昰ㄸ挷㤳㤱㤷㐳㙣ㅤ㜱㤳㤵ㄸㅤ昱ㅣ㠴㤹摢〵㘰㘱づ㔴㌰っ㡣戳㈳ㅥづ㠲扢㈳收㝤ㄲ挹搲㕣ち攴挵㤲㥣㉣戵〰扢攳㉣㘵㤰って慥挸㔰㠸㤵愵挵〸㜹㘴㈹ちㅥ㘳ㅥㄹ㤷㠱挱㕥㙡慤㐰㌲ㅦ㍦〷㥥㔲㡣ㄸ㄰ㅤ愵㜶㡡㠵㍤ㄱ㔸㍣㘶愹㥤づ慣㔹㙡㉤㐰㜹㤶摡ㄹ㘰㤱㉣戶㈱㤵㍡ㄳ戱㥣㉣㈶㠰摤㜱ㄶ㔷㔸摡㤳ㄴ〲㐵昲昲愲㡡㐷ㄶㄷ㠰挷㔸㐸㐶㕥㑦挹摦扥㔳㘰㘱㠶㜹㝦㐵摡昷㌹㌹敤晢散〲敤㥢户㕤扣摡昷㉦㜴㌳㜶㑤户捦搲㠴晦㍡慡攲昵〱㘷㕤㔴㝢晥㌱㔷㝤㜰㙤昸愰愸攲戵ㄸ昱㘰昰㘴㤸㌳搱搹㍢敥㘸ㅢ昴摢っ㌸扣㝣㈳㈵戱㤴扥戹㄰㌱㍣㍥㠳㤷ㅥㄹ攰ㅢ扡〸㄰㜱㕦昰攷㠰㕤㙡慡㥢㙣攷搸挱㔳㠰摢つ㌸㜳慦搸摡㜲づ昱搶ぢ搳挸昷㑤㡣攵〸〶㉥〱㙡攷㉥㔸㤴㔰慢敤搶ぢ捦㤸搳扢㐵㡦㙣て户㘱㍢扢㍥㡡ぢ㌰㐴晤㈰づ㉦㡡㘵㘷挵㜹捤㤹扦扡挶てㅤ愶㐴㔲㠹㐸㕢ㄵ敥㡥㐸ㄶ㡥㍤晥㐴攴捣改㠳㕣㕥㥤户㌴㌹㜷敤〸愳㉣㜰㉡㉡搶捥㘹㘱昹㘶㡦㉥愸㤳㌳攰㌲攳㜴ㄴㄸ㥢〱㉦愶㤰挷㌸〳〸〶攴攵㈵〴挱㥥〹㉣ㅥ㕦㌹摥挰ㄵ㐰敤昰散㥡㝤㐷ㄹ㑥攲ㄲ昸㥡搱㤲㌶摣ㅣ㘰㤰㠷て㘶㠸㤷戳㑣戲ㅣ㠷ㄴ攳㝥㡥昳㍡㝥㐷摡㠵㄰搵挹昳㝣㠵ㄴㅥ㤲〷㤶挲ㄱ㜹搳㌳〷搹扣㌳つ晦㠲㉢㤰愱敥搳㘲捤愹㘴㍡ㄹ捤㔴㌴攰㑡㑣〵㝦㄰㡤ぢ㜲㠳挷慢㈵㤰㤸戳搸摡て㥥〸昱㔰㥣㌹㌳㝥㠱挴㥤㡢㐲㙢㄰愷㕦っ戶ㄸ㠳㑤㈴挴攳㜰㐱敤㐳晣搹〸慡慢㠱㘲愳㈸㔳㘹㐸㘵愱㤹捥㕦〹㈲㥤㝦つ㘸㜸㜰㡦㡥摣〸挸㝢㥤㠵㍤て㔸㍣收扡昸〶㘰㔹〰㉡〹㌱捣㌶〸㍥㠳㜹ㄱ戳攳挰戸捤收挱户㤸㝤㈱昸㘰㌶て戹㤹挲㘶㌶㡦扣〵戵ㅦ昱㤷㈰愸㜸㜸㠹挷㘷慣㘶っ〱㜹敦戰戰㤷㤲㕤晦㠵㜸扣㈲ㅡ㉥〳ㄶㅡ㜸㤴㐲扡㑤挳摤ㄶ慡ㅦ昱㔷㔲㈶て㔲昰昸㡣㌵㡣㈱㈰敦㐳ㄶ㌶㐷挳㘶㘰㐵挳㕡㔳挳挳㠸㍢㌴㍣㘲愱㉡㈹昳㍡捡㝣ㄴ㈸搳昵㍦㠳㘷戲慥扦〱㐴扡晥㌱搰昱攰㙥〰戹㉤ぢ攴昴㠱搸㜵挰攲昱㜵㈱㠵愷て攲晡愳㍣㕤摦攰改㝡㥥㐱㠸搹㌷㐱づㅣ挳昳〶㑡戴㌹㠶愷て㠲ㅡ㐴晣㙤〸慡㘷㠰挲攳㌳㙥㘷㡣捡昹捡㥥㍣戱㌹㡥攱摥扣㘸戸〳扣搰挰㝤㜸ㄱ㤷慤㤳摣㤵ㄷ㤴摣㉥摤㐸㤹㉦〳㠵〷扦㍢㘳㑣㙢〸扤㠲㤰挸摡〴慣㜱㉦挱㝤〴昷〳㠴戸搷㉢挴〷㠸㝡㄰愰戳扦敢㔶㡤っ㕥扡㥡㝦ㅢ挷㐲ㄴ晥㥥搱晦㙥ㅤ晢搴ㄶ晥扤㍢㔶㙤〳㈷㥥㕣敢搵敢㐰㠹㔳て户㌹㌵戸ㄹ挲昳户捤挳㍣㍤晤㠶戶挴㜸㠴㤶ㄵ㠵摥㐴ㅣ㈱扢愷户㕢㈸晥挶挳㜸ㅣ㔴昵ㄶ㔰㜸㜰挹㤶㌱〴攴㤵㙤㍥㘲㜳㍣捤敤㍥㜱挰ㄶ㔳〳户昶ㅣㅡ㍥戱㔰㠷㌲昵㌳㤴昹㈹㔰㜸㝣挶戳㜶つ晦戶戰㌹ㅡ戸㘱㈶ㅡ㥥㌳㌵㔰㍣ㅥ㝢ㅥ戸㔵㈶㈸㝡搸㜸ㅥ㐱㕣㝢搳ㅡ晥愶〳㔴ㄷ戲㜶换っ慦戲㉣〶愷㈸㝡ㄹ〱攳ㄵ㠰捥戸㘶愴㤳攷攴ㅡ㌷敡㜴〹㔵搸㑡挸㘰〹㐹㡦戳户㘷㘱ㄸ㈰㡢晣搷㄰㐰㘱㤴攱ㅦ愶戰㔵㝢㙥㠸〹慡㠶昸敤〸慡㜲〲挶摥搲〱㐶㤴㙣ㄳㄱ㥢攳㉡㙥ㄷ㠹㠶㝦㈲〰つ摣ㅡ挲㘳搷戰愷㠵㥡㐸晣晢㠸㈹㙥ㄳ㠹㠶晦搶〱㜱㔵㙦㐴㐴㤶㤷慢晡㔸挴㑦㄰㌰㍥㈵昸っ愰㑣晤〴㔰㘴搹敤㔲摣ㄲ㤲ち㕤敡改慥愰愷扢㉡㤰㐸っ昸ㄲ〱㘴㠶㥢㐰㜸散㤹搹搷㐲㑤㈱晥ㅢ挴搴晥〰㘶攷收㠳搴㙣攷㠶戵㠶㜴㙥〷㤰㠹摣昸㤱户〴ㄸ㔱戲敤㐳㉣慥㐳换㉣㠰㠳扡㍡㄰扣㘲昶㔷㕦㜹㡤㉢㕦〰敢ㅥ㔷づ㐲㈲㌱扢〴愲㘰㌶㌷㝡昰搸捤ㅥ㘰愱敡㠹敦㐴㐳戸捤㈳㘶㤵摢捤㤲㡤㄰昲搸扤ㄹ攲㠶㠸㘸攸㘲㙡ㄸ㘵㠹换㜶㙥摣ち挱㘳㝥挵挹攸㐶㤹愳ㄱㄷつ扢摢㌵搴㔸搸ㅣつ戵挰㡡㠶ㅥ愶㠶〹㠸攳戱攷愱捥㐲昱㘷ㄶ㐶㉦捡攴昶㠰㘸攸㙤搷㈰敢㘸㔷ㅥ戸㥥ㄶつ㝢㤹ㅡ戸㜶挶㘳搷挰㤵戴愰㡥㈵扥㠲㌲戹㡥ㄶつ㝤㙤ㅡ㐲搶㘲摡戳㔱㜳㑤㉤㡡㝥㡡㈴㐶㍦㙡昳慢愳㉤㌹昶㕣慢㘳㠰㤵攲㝥摥㕥摣ㅤ㡤晡㉦㥥挵㝤慣㈵㝦〰㐵ㄷ㠵戸㐲挶㘳捦挸昱ㄶ慡㠹昸挱㌴扤〹㈸戳㤶㍥つ愹搹㕡㍡ㄴ㐴づ挱㜳㐰㤷㡣づ㈳㌷㤲挹㍢搷挲づ〷ㄶ㘱㜳昶搳㠲㤰㤸晤愴摤散㡥搹捦攳㥥㘶㐷㤰㐸摣㌲ち愲㘰㜶ㄴ㜱㑡戴昵㐵㕣ㄳぢ慡㤹昸挳㘸㐸㉢攲㘲搶ㄸ挶戴㔹愱ㄸ戰㈲换慢愷㌸搱㈲㔶㈳㠹㔱〳〰晦户㔹㜲㜲晣捦㤵慦㘴㘴㤳㍤㈳ㅤ晥摦攸㤹ㄱ慥㝦㐵昹㈴㡡㉥ち㜱慤㡢挷㥥ㄱ慥㝣〵㌵㡦昸愹㌴㥤㉢㕤挹挸㌴挶㜴㐶搴㔲ぢ㙢㌷㉢挴攵愰㘸愸ㄷつ㙡㌹攲㕣敡〶㘷㌰㍥扥慤慤挲扡㐷㤴づㅥ㐹ㄴ搶㌴㜲㑦㑢㑥㜰㠳㌳㠱ㅡ㕣ㄷ㑢㠴摢〶㌶㘰〷㌴㍣㜰攸挰ㄹ慤㥢搷㈶〶㘶㌶㙦㘸㙥ㅤ㈸户㝡〶捡慤㥥㠱㜲慢愷㙡㜱㕢㝡戱摡㠰捣昲㡣攲扣て㉦改㌳昶搰㝦㑥㕢晦搷㤳㤴㕡㔱扥㔸摤愸〹慥㙦㕡㥥㙥ㄹ㝦ㄴㄴ攲㤱㌷㜴㠶㘵晣㉣㕡㔶ㄴ㍡搳㡡捦㐶摣㌸㥡㐸㝦攰ㄷ㐰ㅥ㥡晦㙣搷戶攲慤㜴㝥搲㘸〲㍥㔱戴〴挹㝤㐵昸㔵㐹㐰㜲㕣散ㅦ扤㙢戲戸㑣攴ㄹ㌲摦挰昵挸攷㝦㈰㠷㘵㥡㕤摦㔰攲㍥㜸㡤㘳㤰㘱㜵㌶散㘵〱ㅡ㉣㐰㠳㐵㘶戰㤰搴摡㝣㍥扦㑡ㄳ㥣㕦〱㔵㕣慣㐸㌵㥡㠳昴㜸㑣㥦㜳挵㈲ㄵ㈶っㄴ㝣捥戵㡡挴攷㈲㙥㌴ㄳ改㔷㕣㜵搰敦敡㌷㄰捥捣㡡㝤ㄱ㄰搵㈵㐰㝢搹㜷㜱㍥晢㔶㘹㠲昳㍢㥣愱搵㤶收昹愶㈵㔶扤㔶㤷㔹摡㉦戴㙢㡦㔳晢㤵㜹戴㥦㥢㑦晢㑡㑤㜰㝥扥㌳戴挶搲㥥ㄶ敤㙡慤愵昴㙣扢搲㜶㉡扤㉥㡦搲戳昲㈹㕤愱〹慥㉦㝥摥〰㐹㔲㈴㑢㈱ㄷ㡦㔹㈴扦戵㑣㔹㈶愶㠴搶㔹昱㥦㈳㙥㥣㐲愴㕦㜱㌵㈲㐵㜲㥡摤扥攵㈰㉡㉥㐰扣㡡㘴㔹㍥晢㤶㙡㠲昳㕢愲㈱㉥㕥愴㌲慣㄰㑢ㄴㄷ㈸愲㜴㠹㕤改㉦愸㜴㘳ㅥ愵㤹㝣㑡搳㥡攰晣㘸㘷攸ㅥ㑢改㑡㔱ㅡ㘰㐷扤㕦晥㐶摡昱挵㡡㔲昸㉦㠸慦晢攱㍡慤晥搶㕦㈹㍥敦㤷挱㥤散挴て㘲晦〹愵换敦㥥攵摤〷〹敥攲敦〳搴㐲㜸㔲愶㜶㤳㈶㔹㕦敤昳晢㍡㔶㜳收㜱㌷㔷㠲㜴愴㕡㘰㌱摦㝡愷敦ㅢ㜸っ㝦㐰换ㅦ㤶㝣㈶昳㝤ㄶ㜳搲㘲ㅥ晡捤〷づ收慤ㄶ㌳㔷㤶㈲㌹㘱㌱扦㌳戴㔷〷戳戵㜸搴㤲ㅦ〰戳㔴㑤晥戲捡戸〵㜵摦扣㍤㜹㈲搲㝡㕥㐰㡤㘹㠲敢〲敡㠳㜹㈴㐵㜵〲搷ㅥ㙥㐴ㄳ㕣㝢戸㕣㙤㑡愵㙥〱㐷㐷攷㜶㌹㉢昵攳㤶ㄲ㐷攷摢愴㘵戹〶扣ㄳ㌴挱昹つ搹搰ㄳ㤰㈴㉤改㙡戳㈵㙤戱㤴ㅥ㘷㔷㝡㉤㤵㜲捤改搵㝣㘷攷㔳㍡㑢ㄳ㥣㥦㥣つ㜱扤㉡㑡搷㥢㑡戹㈶㤵㥣㌶摡㤵㙥愰㔲㉥㐳扤㤴搶攷㔳㍡㕤ㄳ㥣摦愹つ晤捤㔲㝡扢愹昴㘵㑢戲愳挸㈷㙢〱慥愳挸㐹㥡攰㍡㡡攴㈲搷慢昲㑣搰〹㕣㐵㕥慢〹慥㈳攲搷㈰㐹ㅣ㔱〳㡥㡥㈲扦㥦㡥攰㌲搶换ㄱ㠷㙢㔹慥㈲ㅦ愳〹捥㑦敤㠶摥㠲㈴昱晥挳愶㈳晥㘹㈹㍤搴慥昴て㔴捡㤵慤㤷搲㠳昳㈹ㅤ愱〹捥敦昳㠶戸㉡ㄶ愵㕢㑣愵㕣昲㝡昹㙣戰ㄶ攰昲搹㈰㑤㜰摤㉣攲扡搹㑢搲㠰㝣㤲㉡㌵挱搵攰戸昸昶㤲搴㍦㥦愴㝥㥡攰扡㐲晤㈵㈴㐹㌹晥ㄴㅣㅤ攵昸ㄲ㕤捡昵戵㤷㑢晢㙡㔹慥㜲慣搰〴搷昷㡡戹ㄸ㤷㐱晡㔵〴昰㤸㠳㌴㔷攴攲攸㙤〸㘰摥挴戵戸挴㕦㐳挰㜸㥤攰つ㠰㌲挵㤵戵搸搸摢㙥攳㜶㘰ㄵㄷ搳㕥㌶昶挸㘷㘳㜷㑤㜰㝥つ㌹挴㠵戸㘸㝦て㠱捥㐵㡡㡢㙤㔱摡捤慥昴扦㠱㔵㕣㕦㝢㈹敤㥣㑦㘹戹㈶㌸㍦㥥ㅣ攲摡㕣㤴㝥㡡〰㤴㜲晤㉤㑡换散㑡㍦〷㔶㜱挹敤愵㌴㤰㑦㘹戱㈶㌸扦戵ㅣ攲㜲㕤㤴㝥㡤〰㤴㜲㐹㉥㑡晤㜶愵摣㥦㔷ㄵ〰㕥㑡扦晥㌲捦㜲攵㉢㑤㜰㝥愰㌹挴ㄵ扣㈸つ〰㐲㈹㤷攷㈲搹搱愷㝤慥〵戸晡戴捦㌴挱㜵㐱㠰㙢㝣㉦㐹ㅦ敢〴慥昶昹㤱㈶戸慥㤶㜳㐹㉦㡥昸㄰ㅣㅤ㙤㈱〴㠳ㄵ㔷昱㕥㡥㜸㔷换㜲戵㠵㜷㌴挱昵㤹㘹㉥昹愵㉤散〱戹〸㥢㙤㠱敢㝥㜱㑦㑦㜱㑦㠸㉢㝥㠹敦〹㘸昴㈲搲慦戸㜶ㄷ晢摥戴摢搷〷㐴挵攵扡㤷㝤慦收戳㙦慢㈶㌸㍦㘳ㅤ攲㔲㕦㌴昷愵搲㈲挵㜵扣㤷㝢㕦搲〲㕣〵昵愲㈶戸敥愷搶攴㤱昴扣㑥攰㉡愸扦㙡挲〷捥晢㜹㕣晢㡢㈳晥〲㡥㡥㠲ㅡ㐰㐷㜰戹敦攵㠸㘷戴㉣㔷㐱㍤慤〹捥㉦㜱㠷戸㔵㈰㡥ㄸ㙡㍡㠲摢〱愲昴㈹扢搲攱㈰㠶戸〴ㄷ搶ㄱ㠰挶挱〴㈳〱捡ㄴ㔷攱㤲收㌱㥤㠶ㅦ㌰㈹昵慢〰㤷攳〵㝥ㅥ㘰晥ち㌸晢挵攴慥㐸ㄶ㠸昲攸戰㔳搴晣㘰㌱ㄷ捦㌸㍣㡣戵戵挹㜴扤ㅣ㍦〸㑥攱㥢挵㔳昱愳㜷晣愴ㄸ挷戱晡㡣ㅡ㍦㠶攷㘷扡慤慦㐲ㄸㄲ㘳攲㘰戴㍥㠵捦㐴㤴㐴㈷愷昱㙢扡㤶ㅦ搴㐴ㅦ㈷愱挵ㄸ㝣昰㘷㕥攵捦㍢攱㉦㜰搳㍥敢て敢㐳挴㝥晥㡥㜸搷㡥㤹㠳㠷愰㌸慢昸慢㉣敢敡㥢昳攷㈵敥㑢搴㑡晤〱㠵㉥慢ち晢㜴摥㌸㤴搵攳㌰〰㥥㘲戰㉦㈸㌳挶㄰㈵ㅤ㈱㠱㑦㜱㥦㠶㌵㈴㌸ㄶ㠴㈱㠵搴㘶慦㍦昰晡戶扥㜱慡搴㠳㤶㘶晢㝡挶ㄸ㑦㌵搵愲㤹㍤㄰㌵搷攴㙡づ㜰挳挴改㙤㥥㔳㜳晢搷攷昸扥㜱愷㑥ぢ㠱晣敤搸户挷㥤㌲敥㔷攳㐳㜳㤰ㄴ搲㝣挶〴捡慣㈳㤸〸㔰愶戸㉤㈲㡤攰敥摣㐶愰戸㍦㈲搹㥣っ扥㥤昴慥㜵㤹㑢愹㍢慤㍣收㜸㜷ち昵㑥〵挸㝡㜷ㅡ㔱㌶敦㌶㕢㙡敢㐱搸㜹敦㘶㌵摦㘲㘹捥昱敥㤱㔴㌳㔳㌴㕢摥㙤㜰㘸收㜶て㍤㙣昹㑣㜱㥦㐶㕣戳摥攱ㅡ㙥捤攴㜰㜲㑦㐵㌸搷㌹㌸戹㥦㘲攷っ㜱㈳〴㝡昱晦㘲愰昶愳〹㝥〶㔰愶戸ㄷ㈲㈲慥㜳㠸攰愶㠸㤴挳戱攰㍢〰搵慤挰〵㑦㝤㈵㔱愹㙢㉣㈷攴戸晦㜸慡㍢〱㈰敢晥㈶愲㙣敥攷敥㡢㘸ぢ㠳㌰愲戰戶㙣昵捥戹㑥慡搴ㄵ㤶昶㥣㈲㘸愶慡ㄶ搱㙥ㄵ㐱挴愱㝤㌹戴摢摤愵戸㉦㈳㕥㔹敤昰ち昷㘴㜲㌸戹㤹㈲㥣㤷㌸㌸戹搰捤攱扣摡攲扣搸挱挹搵㘹づ㈷㤷㤵㈲㜳㤵㠳㤳㑢捡ㅣ㑥慥〵㠵昳㈲〷㈷搷㕣㌹㥣㕣㉣〹攷㠵づ㑥㉥㤴㜲㌸戹挲ㄱ捥ぢㅣ㥣㥣晦摢㌹㐳㥣戸挳㤳㍥㈳㐱㝦㈶〹ㄶ〰㤴㈹捥摤㐵挴戹づㄱ㥣挴㑢㌱愷挰㌷㥡㝤㤸㙣㝤攷晦㐱㙢摥戲㍥〷㤲㕤㥢㌳㐶㠶㌶戴〳㘴㙢摡㈲愲㙣㌵㡤㑢〸㌱㘱㌱〸愵㌴㠱㍦〸㔵敡㉣㑢愰㝤〳挷㌸㤹愹㤷㡡㐰慢昲㉣㜳〸攴㜲㐴〴㥥〲㐲〹〵攲挷㈰㑡㥤㘶挹换㘹ち换㤹昸㌴㤱挷捥㤳扤敤改づ㜹㕣挲搸摤慣戸昶㄰㙦㉥㜳㜸㤳敢㡥ㅣ㑥㉥ㄸ㠴㜳愹㠳昳㜳㈷㈷㘷昹挲㜹戲㠳㤳㌳晣ㅣ㤹㥣㥡ぢ攷ㄲ〷㈷愷挰㜶捥㄰攷慥㜸㜰〷〸搰昸㈵挱慦〰捡ㄴ愷慦㈲愲摤㈱㠲昳㔸㜱摤搹〸ㅣ戴ㄳ搵愱愳愳㐹㐳㤲㝢ㄴ㕤〹㌱挶戹〰搹攲㍦㡦㈸㕢昱㜳搶㑣㤵〶㙢愰㔲㜱㑢㑥㑥㤷㜱㈱ㄳ㕤㐴〶扦㔵敡慢㠸戲挹攱〴摢㥥㝢挵㤹戱㘴戲搵㤱㐹捥㐰㜳㌸㌹㜵ㄴ捥㜹づ㑥㑥ㅢ㜳㌸㌹㜳ㄴ捥愸收㍣っ敥㉤昵〷ㄵ㘷㤳㐲㠸㘸挲ㄸ㈱㈸挵ㄹ愶㄰㕡㌴㘱㉣ぢ攴㜲㘰〳㥣㘲散昴搴㠸搹摥ㅤ㤳㐸晤扦ち攴ㄷ㘳㉡摢昰扤攲㥤昸㐰捦ㄵ搰愳㌸㤵昱㕡㈰㥣〰戳㍣㌷㈴㡦搷〴搷〲㠱搳㈰㕡㘳㕣㠳〰摢㡣戴ㅢ捥㕡㤸㈱攳㕡㤲㌹㝤昱搲㌶㕢ぢ㜵㉤㈲㘶㘹㠲㙢ㄱ挱愹㡦㘸㕢慦〳㔲晥㥣扣㠸㔷ㅢ㤱㡥㑢ぢ慢ㅣ㌸愱ㄱ㐲㠳㈶㔸攵挰㐹㡥㄰㘶㙡㠲㤴挳捤ㄴ捡挹㠸㤸㝥ぢ㘳㥣㤵㜸㤹㍥㔵㕢攸㕡㐹㑤搱〴搷㤲㤷㌳ㅡ㌱晤㑥〴㍡ㅣ挵〹㠸㘸扢㡢㘴捥㐴扣戴㑤搰㐲㕤㡥慡搵〴搷戲㤸戳ㄸ搱㜶㥦づ㠸愳㌸扢㤰㙣㔷㈳㥤摤㔱㥣㜱〸㘱扣㈶㔸㡥攲㉣㐴〸攳㌴㐱ㅣ昵㝢ち攵戴㐱㑣㝦㠸㌱捥ㅦ扣㑣ㅦ慤㉤㜴㌹敡㄰㑤㜰敤㜷㜲敥㈱愶㍦㠶㐰㠷愳㌸㑤㄰㙤㡦㤳捣昹㠲㤷戶㘱㕡愸换㔱㐳㌵挱戵㈷捡戹㠶㘸㝢㕡〷挴㔱ㅣ㌱㈵摢㠳㤱捥敥㈸㡥愲㐲ㄸ愴〹㤶愳㌸戲ち愱㑡ㄳ挴㔱捦㔱㈸㐷㍤㌱晤捦㡣㜱昸昳㌲扤扦戶搰㘵㝡㍦㑤㜰㙤㈸㉥愲㌸㌶扤ㄷㄱ攸㜰ㄴ㠷㐴搱昶ㄲ挹㑢〱扣戴昵捤愷慤㐲ㄳ㕣㥢㡥ㅣ㔷㐵摢慢㍡㈰㡥攲㠰㈹摡戶ㄱ㝢ㅡ㠰㤷戶摥昹戴昵搲〴搷戶㉢㐷㕤搱昶㤶づ㠸㌶㡥㕣攲攴㥥㐸㘷㉦ㄶ㡥㘶㐲搸㐳ㄳ慣㘲攱〸㈷㠴ㅥ㥡㈰挵昲㉥㠵㜲㌴ㄲ搳摦㘳㡣挳㤲㤷改㕤戵㠵慥晡摢㐵ㄳ㕣㐷㌴ㅣ搲挴昴㡦ㄱ攸㈸ㄶ㡥㔹愲敤ㄳ㤲㌹㜸㜹㘹㉢搵㐲㕤㤵愰㐴ㄳ㕣㤵㠰〳㥦㘸晢㐲〷ㄸ改捡ㄱ㠵㤷㝥晣㡢㔵昳㥣㤶㌹㜳晥搵戵戸愲㜷昱搱攳捡㔷㙦㝤㘲摢慦晦㝣摣㤸敤㕦晤收㌷㝦㝥晤搷㕢扥扡㜷敥㤸㐷搷慥㝤昸㠸㉢户㙣敢ㄶ㕤攳扦昳㕦㔳搷㉣ㅢ㌲㝦搹挲攸㔱〷㑤㕣昶戳ㄳ㡦ㅣ㌲㘳户捡愲愲㤲㤲㝥扢㍦戶㘷晦搰昲㠵㜷慢摦扦搰㌳愱㘴ㄴ㘱摤敢㌸慥㐶㈴挴㌱〰て㍥㡦っ㘸㝣つ㠰ㅤ㌰ㄹ〲散慣〸晢㐲散挰㠵㤵㥦㕢敥㕣搴㤵㝤敦昷㙡戱㜴攷㜶㌳攸愸㄰㍢㘳㌱㐳攱昷㤶㠶ㅦ〰ㄶ㑢㕦㙣㘷㐵搸ㄷ㘲㑦㉡慣挵攴㉡敡捡㑥昰㝢戵㔸晡㔵扢ㄹ㘲㌱㝢㐵㌱㈳㐸㡢㑢㑣㡢愵㔳戴戳㡡挵散搲㠴㤵晦〳㘰㔸捣摥攸㝢戵㔸㍡㌸扢ㄹ㘲㌱扢㈷㌱愳ㄳ㉤㉥㌷㉤㝥〹ㄸ㔲㍢㉡㤰㔸捣扥㐵㔸扢㠸挵㑡㝡ㄵㄷㄷ晢〴攱ち㤹昹㘲㜳晥㕥昳㈵㍤㠴摤っ挹ㄷ摢户㤸搱㡤昹摡摤捣㤷㌴㙦㍢慢攴㡢㡤㔳㔸㝢㤸昹㘲晢㤰㙥改㥦㕦㤸ㅤ㔹㠸㐹㝡㠲愸搸㙡㠴昴㤶㈶㔵㠳㔴㡡㙦㉢戱愱〸㘱扢㠳挰慡㉢㠴㌷敤挲晡㔰ㄸ㉢戴㤰㕥㜷愴㘱ㅤㄶ挲㙢づ〲㙢㤵㄰戶搹㠵敤㐳㘱慣㙢㐲摡敡㐸挳敡㈵㠴㝦㌸〸㉣㜰㈱扣攲㈰戰ㄲ〸攱㘵扢㤶晤㠱㔵㉣㜹㈱扤攴㐸挳挲ㄶ挲㡢づ〲摤㉦㠴ㄷ散挲晡㔳ㄸぢ㐵㐸捦㍢搲戰ㅣ㠴昰㔷〷㠱㘵㈰晤㜴㈵搳搳㠹ㄲㅢ挰ㄸ扤㈰戱㠱㡣搱㕡㠹㔵㌱㐶㜵ㄲㅢ挴㤸㈴戶搷〲㡥〳㑡㠴搸戱慣㐶㑡㠴戹戰㈲搴㠵ㄵ攱㑥㙣愷晦〵㤰㜶愵㐹 | D30: 㜸〱敤㕣㕢㙣ㅣ搷㜹摥㌳㝢攱捥㤲ㄴ㘹㔱扥挸㜱㙣㍡戶攳ぢ㤵戵㈸㕢㜱㥣㔶㔵㜸戱㉥づ㈵搲㈲㈵㈷㐸㠳搵㜰昷㡣㌸搶捥っ㍤㌳㑢㠹慥〱ㅢ愹㤳㌸㐸㔳〳㑥㕡搴㡤摢ㅡ㐶ㄱ㈰㉦戹扣愴㐹㥢㤷〲〱㤲ㄴ㌶搰㠷昴愱㐰ㅥ㥣㈰㐸ㅦㄲ〴〲昲攲〷〳挹昷㥤㤹搹㥤搹攵づ改戵摤搲〵㡦扣㍦捦㥣摢㥣㜳晥敢昹晦㌳捥㠹㕣㉥昷〷㈴晥㘵㉡㌰㜳换昲愶ㅦ㐸扢㍡攷㌶㥢戲ㅥ㔸慥攳㔷㘷㍣捦搸㕣戰晣㈰㡦〶愵㥡㠵㝡扦㔸昳慤愷㘴戹戶㈱㍤ㅦ㡤㡡戹㕣戹慣㙢愸攷㈰晣㡤挷て㍡㝢㡤ㄴ〰㔶收㘶ㄷ㔷㥦挰愸换㠱敢挹㐳㤳ㄷ挲扥挷愶愷慢搳搵〷ㅦ㥡晥㘸昵昰愱挹戹㔶㌳㘸㜹昲㤸㈳㕢㠱㘷㌴て㑤㉥戵㔶㥢㔶晤㤳㜲㜳挵扤㉣㥤㘳㜲昵昰〳慢挶㠳ㅦ㥢㝥昰攸㔱昳攱㠷㍦㌶㠲㔷攷捥捥捤㉥㜹搲昴摦愵㌱㡢㥣昲㠳昳戲㙥㜱㙤㔲㝡㤶㜳愹㍡㌷㡢晦ㄲ昳挷搳㐳搵攵㌵㈹〳扥㕡㝡搲愹㑢㕦㐷挷㘱㝢挶昷㕢昶㍡㌷㑦户㑦㘰愹㜵挳て㡡昶㥣㙣㌶㜵㍢ㅥ戵㙣㉦㘲敦㥡挶收㠸扤㉣ㅤ摦ち慣つ㉢搸㉣搹㉢ㄸ愸㌱㙡㥦昷攵㌹挳戹㈴捦ㅡ戶㉣摡㈷㕢㔶愳㄰愶㕣晥敥㜸㠸攴挴搴昲慢㌳扥㍤户㘶㜸㙡㐶㍥㌷㈶愳敤〹慦㥥㙥㝢㐷晦㜱㌹㜵昵〶㡥㜹㔷晦㜶愸戹㘰㜸敤㤶㔳晤㕢㐶㡢㑦捦攰晥晥敤ㄳ㝢㤴敥㜳㙦晦㍥㙡㉢搳慤挵㜰㐴摦㙡㐷戱ㄸ扤㐴㌰㐴㔰㈶㈰〲昵ち挱㌰挱〸㠰㈸晣ㅥ㕣㤲散挸㉡慤㘶㘸戵㔵慤㔶搷㙡つ慤㈶戵㥡愹搵㉥㘹戵㌵慤㘶㘹戵㈷戴摡㘵戴㠹㔳㜹㘸㐸㡢搲㑦敦㥤愸㍥㍦昲愵搹敦っ扦㤸扦晢昹扢㡥㡥散㐳愳挷愲㐹捤㝢挶ㄵ㤰㕡㠷㡡㡦㔴て昳摦昶㕣〱愶㌰㡦㥡て㤹搳搳㡤愳㠷㡤〷㡣㈲㤷㤵㠱晣ㄴ愱㡣愳敤㠸昹戸攵㌴摣㉢ち㜷户捣ㅡ扥散㙣摣㔴㔴㌷敢戶㥣㠶晦㠱慤㉢㤷〳㈳㤰㌷㜷搷㜵〶改改戶っ戶㤲扥㝡摦慤摤摤㉥ㄸ捤㤶㥣戹㙡㠵搵ㅦ散慡戶㤷㍣㜷戵㝦敤〹㑦㍥搹慥敤㤹搱っ㠴摡㠶ㅡ扢㘷㤵㘱㔵㌸慦挹戹㌵搷㤷㡥㥡摥㤴扤㘴搵㉦㑢㙦㔹㔲㈴捡㠶㕡敡昵慣㡡戸㝥㙡搱挱㐲挱慤㡤て㈵㑢捤㐷慥〶㘰㘶搹挰㝣搷愵ㄷ㙣慥ㄸ慢㑤㜹㐳慡㐹昸㑥㔴ㅣ㑣ㄵ㥦㜰敢㉤㝦捥㜵〲捦㙤愶㙢㘶ㅡㅢ〶㈴㑤攳㡣摢㤰㠵㐲㑥〹〵〸摣㝣㕥㠸摣㝤晤㜹㐱㈱㈲㠱㘲㌲昲㑤㘹戲慢㥥挳敡戰㡡愶㈴㑤㙡㜷㙥㌳ㄸ攷慢㘴㑣〶〷㈶搶㐴晤挱㤷摥戳捤戰㙤捣扤户㡤㌵㙤㈲㕡晤㈳ㅢ搲〹㑥ㄹ㑥愳㈹扤㑣敤㈷㌸㈳㝤っ愰㜸つ〲愱敦敥㔱搵㠹慢㘲戳㜸挵㙡〴㙢愵㌵㘹㕤㕡ぢ㔰〶つ㔹㉥㜳㙢㝢㤲㝥ㅤ㡡昴晤〴ㄳ〰㤵㑡慥㜴㠰㡤㑡ㄵ愴㕣㤱搲㈹㠳㤷㔳㠲㥣晤㔲扣㍣㘲㥥戰㥡㠱っ㠵昲㤸〹㡣㠴㕡㑤愱㙦㤴㈴敡ㄹ昵㔰㘱ㅣ㌰攷㐰愵㠶攵〴㥢ㅤ扥敤攱㤲㤰㠸昶㘴挱慥㤳〵ㄴ〵㘹㜹㤰挱㙢㈰㥡㉥㘹㤰摤㌸㐱㐴㘴㠳っ捤㡥㤱搳㐴挶昶ㄹ㌲〲敤㤳㐴挸搶㠷晢换〸ㄲ㝢㉦㤱戲㔳㕦㝥摣㤳㘶㕢搹昲愱㌴扢ㅥㅢ愷摦㐰㜰㈳挱㑤〴〷〱挴慦㈱攱㈸攵㤰㑦㈷晤〳㜸搶㙦㈱昸㈰〰攴㤳㑥㤹ㄳ㠹㉡摡㔰㍢戱㈳搹㙥ㄴ㜶戲㌲㡡㐳㔱㐴换戸㙤㘷㡥摡ち搱㤱搵戹㍢㜴㙤㐱改搸て昷愷捤攴㜲㐸㤱ㄹ㑤㤳㙢摤愶㘹㜲㈳搸㜴㐰扤㜵ㅢ扡敡㤳〴户〳㔴昴てㄱ㐲戹搰攰摤㤹㐵㑦㤳昲㝤㘱ㄶ㠵挶搰㠰ち㍥㈲㘴ㅥ〱㌲㠴㕣捦昱㘵捦㠶愶㌹㌸㘵扥敦㙤攸㐳晤昹㍢㐲㝡㤷摥摣搳㍢昴ㄷ扤㑤㉢晡づ戰㤷昸㜹㕦ㅤ㜳ㄷ慡昵てㄳ摣つ搰愵㘳㜸晡㝥扢㥥〲㘵ㄶ摢〹捣敤愷搷㐵㔹戹㉢㥢敢㔲㘹愰ㄱ㜳挵昰㉥挹〰ㅥ㡣搳昳戰㠵㕤捦㤳㑤ㅣ㙡ㅢ慡㠰攷㤷ㅢ搳㠵晥〹捦戵㔹扥㘷㈳晢敦ぢ挵㔰㈸㘸昹㕣㤷㡤㥣㘱㙢㈶㝣㑥〹捡愱づ㝥愰扦㤰㐸㜴㑡㤳ㄷ晢㘵㥦㉦昷㈴挹〰㤲攴㕥㙣慢㝥ㅦ〰愴㠴昸慦扥ㄲ攵㄰㥢㝤㐴㌵㑢㕢慣昴昰㘵㥣㑥扡㝣㠸㍤㜲㘴㌸㜴搸捥挲㝦攰㡦摡换㤶摤ㄶㄶ挳昶㤲昴敡昰㉤㔸㑤㔹〹摤戲ㄴ㌵㝢戲攲㝤㈲㉢昲昹㥥昳㜴㠶㝦㑤搱㐹㤷㤴挸攴昶捣捡㡣戳㜸㠷愸攸㠶愴㔰挹㜰つ戵㈵㄰㈹㡦㙤昷㐴捣〰㈲收㝥㙣㥣㝥㤸㘰㥡攰〸㐰昱㜵㐸㥡㥤㙥㍣挳㘱㐳ㅢ㜴㘹搷㙡戹㌲搱愰㕣㠴慦昵ㄵ㔶㐷昹㥡㡦ㄲ㍣〴搰㘵晥搰〱㤹㐱㠸ち攵〹㐲㔴㘱っ昳㠲㈵慦㤰〶昶㤹〸㉣捤戵晣挰戵ㄹ㔹ㅡ㌵攷摤戳㙥㌰㙦昹敢㠸㐴㑤㤸㔱收昱㌵改㠰扡㍣搸㍥㕤㘵敥晡扡㙣攸收戲摢㠲㘸㍢㍤扦ㅢづ收搸づ搸㤲敡㙣慥〹愴挱捥挷ㄸ㐲㘰愷㤵扦㤵摥搸ㅤ㜹扦㜹攸ㅢ敢散攸㡡ㄵ㌴攵戰ㄹ㌲ㅤ昳㘵ㄳ扢㠸挸㐱㘳挸㕣㔹昳愴㥣ㅦ㌵㑦㝡㔶愳㘹㌹㤲挸㠰㡤挹㘰摤㠲扣㠴㈸挱㤲换ㄸ愰敢㡣㥡㉢㥥攱昸敢〶〳㡡㥢晢㔳㑦㉡㉣㔲㌴㘷㉤挷挷㙢ㄴㄶ㤹ㅦ㌳㤷搷摣㉢㠸搸戶㙣攷愴戱敥敦ち慣㤰攸挳愴㔰㈳㌴愱㘹愲慣㤵〷挵てて攴戹ㅣ㜹慦㐰愰㜰㤵㉢搲㘷㥥愱扤㘹搷㐷㌱ㅡ摡改㥣搳〸愲㐷敤挲㝣愶ㄴ㈶愷敡て戳捦挷〱ㅥ㍤㜹晥㜴㈷㌲昷㡥㘲搶㐵㝡昹㌳㘴扣㈲㡢㜶㈰㠴㍥扡㝤㈱愹戰㡣㤴〳づ〴挶昹搴㑤㝥ㄵ㔳戵㈱昵敤敢㘴㑦㈰㤲㌴㘲㉥ㄸ慢戲㠹㜸戴㙤〴晢挲〷㥡戱戶搱昴愳扡㌹搷戶つ㤲ㄶ挹㜲戹㙥㤰㠲㘷㕡㠱㝢挶㜲㜴ㄳ㐰搱㕦㔴㘴㕣㐵㤱㜱㔵ㄵ㡤㤸攷ㄸㅡ㔴㜹㡥攵㕥㌲㍣㉢㔸戳慤㝡㤹てっ摦敤ち㥡〴㤳㔳昲挶㈹㤶ㄹ㤳㕤搶晣㜹㤸㙣㝥ㄵ攸慥㐲㡥㜲敢㠸㝥㔰慥㈶㑡昸㈷〶㜴㉣㐱挰㈸㑦愹晥愷ㄸ慤愸㙥㐷㐰攴愸㜴㉤扥㠳㜱敤ㄹ㤴㠴㐲㠸㔸捦㈰ㄱ㜸〵ㄳ㐲㥥㉥敥㤲㜹摥戱〲㘰㡦ㄸ㍢㘱〵昳㍥㔰づ㠰慣㍡摥摥慣戰㥡攸㌴搵搶ち户昵㔶愵搴挴慤扤昵㐹扤㜱攷ㄶ搵愱㐶㐹㈸㤲敤ㅡ㈹捤戲挵ㅣ㜷㤳慡ㄱ㑡㜱挷摡㐶㘴戹㑤㍢晢㑥㈹昲づㄴ㤳愲㤹㥣晥㘷㡡㔰㄰攸㡤㜴ㄴ㝤昶搹攴㤱㠸搸搰〶愸㔰㑦㠵㘵愳㔱㐸昰㌴慥㥤㌴㘴㈵㝡〲㝦敦㡢戲㡢慤㈰㔵㘳㕣㥤㠸㙡㘶㥡捤㐵〷㔶㐲摤昰ㅡ扢㠴愵戱戶㔰挳㈸敥ㅣ㔴晢㠷摢㥢㘰挴㠸つㄹㄶ挹昰〳㠳つ挱㕣㠹㠸㉡慤戳㔱㙥㜵扢戸捣愷㌳搲㜰ㄴ〶㤶㠳挶扣摣㔰㘶㔸挷㤲㥦㔰ㅤ摡愷㐵㈵㐷㜵㜳㘶搵㠷㑡て㈸挷愳㥣㘲㜰摤㍣㐷户ㄴ㉥㌱㐰散㐶戹愵㝡㠰搰㙥㝢〰㥥っ㜶て㜶戰㈳㘱攸㠴搶ㄹ㈵㘸㈹㠳㜰搳㡢㈰敦っ㠸㔱〸㔲㔳愵摦ㅤㄷ㝦晦ㄲ搳㌷㡦攷攲㑣挴㐴っ㜷㘵㔸て㐰㙥㌲㌲㐹㉥㥡㠸〳收愱㘴㔳㐲㙢㈴㉥愳㠹㌱㑡㤳捦ぢ㜰㡢㠷戱慣㌱戲㑤ㄳ昷摣〲ぢ摡戴戹戹捦㍣敤搴㥢慤㠶㔴慡㌸㤶搵㑡㈳敦ち㝣愹㉢㠰㈱㌷㘵散㑢戴㈹愷㜱㤴攲㤲㠹愴挱敤㙥晤㌸扡㉢㈱㠷㌱㐲搵挷〰㘴㠶㕢㑥〵挴㝡敥㈹搰㍥摣摦戹挰愰㉥捦㐱愴昵ㄴ㔱㤶㉤攰㍥㕥㍢㡡慣戸㉤搱㙣挱㕤㜰㘹戳㈷㡡㑥㔹㘱搱慥挰ㄱ搶ㄹち扣㔲〹挶挸㠰摣挱㐱㜲搷愲攸敥戵㘷搴㘳敥ㅡ㔰愱㌰㈰ㄸ攳攵㈹㈸㠷㕤〵㈳搱攰搶㍡㔶户㘰昴㤷㤶户㍥〳㈰ㄸ〶愶㐱㡢㤶愱㠱㌳㠷晣昶〶捥㙤㘸㤵ㄱ㈱㑤〶㔳ㄹ愳㥣㠰挳ㅥ㐸〳㌷昱㈰扤攲㐲〹〵〷搴挵戰昸㙥攲㤴㡤㈳㤰敢摤搰㔵戸㘴〴戸晥攲ㅣ散㉡㥥㘹㌴㘸敥挲㍦户㉢戰㡡慢ㅢ愱㌹㝡愰敢㔲㤶㕡ㄳ敤扢㍢扡㉡愲换㠲㐷收慢愷㡣愰扥戶ㅣ㙣㠶ㄷ户〶㈵㠹攲て攱㡦搸昲敤戴㤹ぢづ㉦愲㙥㜰敦㉢㤷ㅤ昷㡡愳收㔵昴㜹敢てㄴ㠲㉢㤴㐳㥣㘴㈵昷〷晣㔳㐹换ㄵ晦つ㈳敥㘴摡ㅣ愰攳㈰攱㌸㉡㠵搲㘰ㄲ昹っ㍡㠱敤摥扥㌵㐰㍡㌹搰㐵㈷㑡㄰散ㄱ㡡㜳改㕤㈳ㄴ昱慦㐰㉢㠹㈵㍣㤲㘳捦扦〱搶ㄷ㍦㐰〹ㄱ㡥攷㐸㡣ㄴ㙦㐷㉥〳㜵㑡㤰㐷㔷㍣㜸㈱攴晦て㤶㘲㙥摥㤲㥤晥ㄷ㤸㔹㝣扦ㅢ㐵户ㄲ㐵晦搲㠳㈲挱㙢㈰㡡㝦ㅦ㐵㈶㑥㐵㠶㘷摦㔶㈰㥣㙢摡㍢㠰扥攷ㄷ㝥晦てて愰ぢㄱ㜱㈸ㅢつ愱戶扢昰摣㌶ㄱ昲㍤㈶〲㠳昷捡㐴㌸㠳㡣㘰ㄴ㍦㌴ㄱ㈲ㅦ挸㈲ち戶㌷ㄱㄸ摢换㌰〴ㄳ愱搶㠴㕢㠳㈷戰ㅢ㙣晡挷㑥攱攲慤昴ㄱ捦㠷搲昲攷攰㤱扡戱户㜸挹昰っ晢愰㉡㍦改㐹㈸㌳㙦〵㌷戹㔵ㄷ昶戸㜹换ㅡ搵㘹ぢ㕦㐵散㘵摦昳愷散散晥㍡㌰ㄵ愶搰㝤㉦捡愲昴づ㍣㈵㠲攷㠶摣㕦ㅣ昸搶挹㕦㍣昵摣㜱摥㔶㡢㘸戵㜸ㅦ昲㠳㠴散㘹㑦㈰愸㥢戸㈸㜲㍤㍦捣㌹㠳㑦㤴慣昵愶㥣㌵㍣㘵〵昹扡ㅤ㘷㐳挲㑢㄰㘶㐸㝣扢挱挴挴扤㠷搰挴慣㜶戹㍢搵㠷㑤捡㐵㔸㑤㑣㕣昹昴攲戰愱攸慢挸〶戴㌶㡢摦㠱㉡㝡㥢ㄳ㐹㕢㠹㍣㜵㌲〹昱敤㙥㕤㜷㤴扡㉥㍣挸㌰散ㅦ㑢㈹挴ㅦ㐸㈱挹㠳っ㉦〴㈸㈹㜵づ㤹攲晤〰ㄹ㤱戵敥㄰㉦晤〱㝢㐲㐰戶㉦晤つ昸ㄱぢ㜶ㄱ㔸㡣㝤昱㠳㥥㘸㘹㡢挶慡㠹愱㕡㘵搳㉣㈳愳づ㉦㉣㤸㡥㑢㔳㤶捥ㄱ㤴敥搸ㅤ挵㤷㡣摡㘱攰㉤㘴散愲㑤㕦㕢挵㝥挴㘹攱收〷昴㑣㐹㈹っ㘷㍦㡢㜱㈰㔵㌱扡戰㘹㈵㉣㈲ㅣぢ戳敤㑥挳㔱ㄵ㜴㤶㜳㄰愷㔲〴晦昸愵㄰敢愷㍡㐳㕦摦㕤㐳ㅤ攷っ㘱㠱晣挱晥扡㌵㠳戱昱㔶㜲っ㈴散㡥㕡㤵挳敢攱攷搱㠵㡢捥〹扤㤳㔵捦攲㈸晥挴㥣㤵搷㝡昴㍦愳搷㡡戳㉥戰㌷挳搸㈹晤晦㈹ㄴ㙣慢晦〵㘳㙦ち㤱㥦㡥㌲㝣㈸㌲㝥戲㙤挸㠶㍢〲捦㌶㠲㌷敡㘰慣慢㉣㐳摥㘱㙥ㄹㅦ慦㠶搵㑡㠲挳敦㔵攸扥ㅡ搱敥㑢摢㜶戸慦〰㘴㙣愸昸つ㠸愰扥晤搳㜲㉢㍥摤㤶㍥㠳㡥〷捥㔸㜵捦昵㕤㌳㤸㕣㐶搰㜷㤲摦㥥㤹戰㜹㘶挴㍦㜷ぢ戵㍢戰ㄳ㈳㥦㐵㥦戳㡢㄰搸㘷㘵昰㙥挵㈲ㄹ㔹搸㔹㈴㠳摦㈱㡤㈷挲㑢搴づ晥㜵收㘳㉤愳㠹㑦㔷ㄷ攱敢っ㔸戴㉢㤴㕤攸㜱敥扥愱挱慤挳ㅤ慤㑦挲ㅦ㈴㥢㔵〴挷搴ㄲ㍥昳㔹敥㙢昷ㅥ愴摢㐶㙢昳搹㜲㌰㥦㕢愵昸㉡㜰扡戳户愴㐹㠶敦攴ㄷ挹ㄵ扤㐶㠸㑢晢挷昱㜷攷づ㕡㡥㌶〱㍡㡦㍥攸愶㈳㙣慡〹昷搹づ愲摦ㄷ搱㔵捣㄰攰愷ㅢ㔱㠶て㠲㕥㍥戲愲昸㐷㉣㡢っ㠰㝣慥㔴〷攸㑦搵㉦㙦㐵搵攳戱㐰ㄶ㍣㘳㤰ㅣ㉢攲敢㘸挸敤ち㤷つ㤶攰戲㠵㍡㑢㈰慦挷㍤㤰捦〹㥥㈵搴㐴晥づㅤ摡ㄳ戱㔰摡㝦㈲㝦扢搵㐴〴慤〰戵搰攴昸攳戱ㄶ搱㥢愸搶㙤〲㠷挰〵ㄸ愳㔸愴慣㈹㠵愱㠵ㅦ㄰㌳㐸晦ㄹ晤㝤攳昸敢慦㌱晤昶戸㔰㠲㄰㔵改挹㔳㄰慡挹扦㤰㥣扣㠷搲晥㤳晦捡㔶㤳ㅦ愷㡣攴㑣昴〰㘰㌴㉦㙡昸愳ㄶ搳㐲㠶晢挸㥦戸㐸㠰㕦㙡ㄶ攳〶㑡㔴摦㉢挸愰㉦㌷㕣戵扡㡡㑣摣户挸昵㘷㝣摣愳散㈳㕥㠴愴㉦愷ㄴ㍡㘳㑢愱㔶㉣摢㤱ㄷ㜶㔷挸〶㉣㠹㕦换昶ㄵ改愵〱㈳晣攲㡢㌱㘲㑥㥤㡡扦㥣搲愲㤸ㄳ〸㈳戴㐸㐹㍦摣㐸昱㠵戸昱㜷扦搷㜱㤹愲〲〹搴ㄳ㌶㈶㥤愹挶㥦㡦ㅢㅦ挱㔷㔹慡㑤㡥㌷〸㤸摥㠸ㅢ㤳ㅥ㔵攳攷攲挶扦㌹㜲戰摤㌸愶挳㜰攴㈲㠹㈴挳搶㔵搶㝦攲ぢ敤㌱㌴㉦㥡搴㥦挳㘶㔸㑣挹愹㐲挷㑤愵㐱㐷㜰ㄹ挴挳㌷搲ぢ戸摢㠴㉢㈰㄰戲攱晦㉡攱㌴敥㍣捤ㅢ㠱㠱㑦愰㌷㄰㙣昶㜴昵挴捥㈵㜳搱㐳挱㤰㜹摡挷㤹慡戱慢㐸〴收㐰㈱摣摦㙤㥣昲ㄹ愶㘳㘷㍦攲㈰㤹挶㍢㈴㠳㈹てㄵ㔸㈹㠸捦挵㤸捤㍤摢愱ㄹ晤ㄹ㈰〷搲ㄱ㤰ㄹ晤㔹挰㌰㄰挳摢捡戹㜱昲扦㘲敥捦戱攲㉦〹㥥〳愸〸㌲㍢改愰昴㜹㠰戱昸㝦㔴㌱戹愱晣㈵㥡㜸㉡㝥㔹㤲㡣昴㉦戲挳昳〰㜹戸㙦㐵㐴㠴ㄵ晤㑢㈸㐹扥㤴㠲㐳扤昴换慣昸㉢㠲慦〰㔴㡡㥣散㡥㜷㡤㙢ㅡ㔰㜳晤㌵扡㡡㘷〹昰搳㕦㠸㌲㝣㈸㜲ㅦ晥愴扦慤捣愳㜰晣㘱㍦㐲㥤愹㉦昸ㅦ挱ㄷ昹㥢㕣㜴ㅥ晦㐳㤲愲㌲散ぢ摡挷〷ㅢ㡢㑣㐰㥢㕣晤搶戱搹敦㘰ㅣ慥慢ㄳ㐱攱㠸㔴㉡㘵慤㈴㠸㙦㉥㔸戸㜸〳摦㜲㑣㔵〸㐱ㅡ㔰ㄵ㑥㔴㜱ㅣ〵晡㔷搹㤴㌸㈶㥥昴慦昱㠹愸㔵㥢昸㌷㔱㠶て㠲㜸㔵摤㥦㠸扡挷㉦㈴慥㔵㠵搵昵㐲攲㕦㔵慣㈵㕦昸ㄲ〷㔳挸㐲㈶慤㤵㠸㌴㐵㐳㕦㐷㘶㌴㍦挶戹㍤㡥㥦㜶㔵搴㉦㌶㉥㕥㝣㜳慣㌰㜹㜳攱㔳㥦ㄸ㜹改㡤晦昸攵㡢㍦晢昳㘳晦昳搶换㉦晦散㔷㉦扥昶搶て㔷㡦晤昸搵㔷㝦昴攸㍦扤昶换晤收㉢摡昷摥㕣㜸攵改改换㑦㍦㘹㥥扦敦攴搳㥦㝥攲戱改愵敢愶昲昹愱愱扢㈷㝥㜲搳㍤攳捦㍥昹㝤昱敦晦㝤愳㈳搴㜲昱㠲昴㌴戸㙣㌵㡤㝦㐰〶搳攰㡣摦搳㘹㜰戹㙡愳㔶愳㡤㥡㐵㐱ㄹ㍥つ㑥㐰㔵ㄸ改㡡攱㍦〲㍥户戰㌶ | E30: 㜸〱敤㕣㕢㙣ㅣ㔷ㄹ摥㌳摥㕤敦慣敤搸㡤搳愶㘹㑢㙢㈸愵㔰〷㌷㑥ㅢ摡〲㈱昸搲㕣㡡ㄳ扢戱㤳㠲㑡戵ㄹ敦㥥㠹愷搹㤹㜱㘷㘶㥤戸㔴戴㠲㤶㠲愰㈰㜱ㄳ㠵㜲㔱㠵㤰㜸攰昶挲晤〵〹〹㠴㡡挴〳㍣㈰昱搰㔶〸ㅥ㐰㈸ㄲ㐲攲〱〹扥敦捣捣敥捣慥㜷散㙥㕢㜰㤱㑦扡扦捦㥣摢㥣㜳晥敢昹晦㌳捤㠹㕣㉥昷㙦㈴晥㘵捡㌳㜳摤攲扡ㅦ㐸㝢㘲挶慤搷㘵㌵戰㕣挷㥦㤸昲㍣㘳㝤捥昲㠳㍥㌴㈸㔶㉣搴晢㠵㡡㙦㍤㉣㑢㤵㌵改昹㘸㔴挸攵㑡㈵㕤㐳㍤〷攱㙦㈴㝥搰搹㙢㌰て戰㌴㌳㍤扦晣㈰㐶㕤っ㕣㑦敥ㅦ㍢ㅢ昶㍤㍣㌹㌹㌱㌹㜱晢ㅤ㤳㙦㥢㌸戰㝦㙣愶㔱てㅡ㥥㍣散挸㐶攰ㄹ昵晤㘳ぢ㡤攵扡㔵㝤㡦㕣㕦㜲㉦㐸攷戰㕣㍥㜰摢戲㜱晢㥤㤳户ㅦ㍡㘴摥㜵搷㥤㠳㜸㜵敥搴捣昴㠲㈷㑤晦ㄵㅡ戳挰㈹摦㍥㉢慢ㄶ搷㈶愵㘷㌹攷㈷㘶愶昱㕦㘲晥㜸扡㘳㘲㜱㐵捡㠰慦㤶㥥㜴慡搲搷搱㜱挰㥥昲晤㠶扤捡捤搳敤愳㔸㙡搵昰㠳㠲㍤㈳敢㜵摤㡥㐷㉤搹昳搸扢扡戱㍥㘸㉦㑡挷户〲㙢捤ち搶㡢昶ㄲ〶慡つ搹㘷㝣㜹摡㜰捥换㔳㠶㉤ぢ昶戱㠶㔵换㠷㈹搷㜷㜳㍣㐴㜲㘲㙡昹ㄳ㔳扥㍤戳㘲㜸㙡㐶㍥㌷㈶愳敤㔱慦㥡㙥㝢㘳昷㜱㌹㜵昵〶㡥㜹㔳昷㜶愸㌹㙢㜸捤㤶攳摤㕢㐶㡢㑦捦攰搶敥敤ㄳ㝢㤴敥昳㤶敥㝤搴㔶愶㕢㡢㠱㠸扥搵㡥㘲㌱㝡㤱愰㥦愰㐴㐰〴敡㘵㠲〱㠲㐱〰㤱晦㍢戸㈴搹㤱㔵㕡挵搰㉡换㕡愵慡㔵㙡㕡㐵㙡ㄵ㔳慢㥣搷㉡㉢㕡挵搲㉡て㙡㤵ぢ㘸ㄳ愷㔲㝦扦ㄶ愵扤ㅦ晣挱ぢ㝢晥㔱㥣晢㔶戹晥昵㜷㍣㌴ㅦっ敥㐲愳㝢愳㐹捤㝡挶㐵㤰㕡㡢㡡て㑥ㅣ攰扦捤戹〲㑣㘱ㅥ㌲敦㌰㈷㈷㙢㠷づㄸ户ㄹ〵㉥㉢〳昹㈹㐲ㄹ㐱摢㐱昳㍥换愹戹ㄷㄵ敥慥㥢㌶㝣搹摡戸昱愸㙥摡㙤㌸㌵晦摡㡤㉢ㄷ〳㈳㤰搷戴搷戵〶改攸戶〸戶㤲扥㝡摦昵敤摤捥ㅡ昵㠶㥣扡㘴㠵搵慦㙢慢戶ㄷ㍣㜷戹㝢敤㔱㑦㍥搴慣敤㤸搱ㄴ㠴摡㥡ㅡ扢㘳㤵㘱㔵㌸慦戱㤹ㄵ搷㤷㡥㥡摥戸扤㘰㔵㉦㐸㙦㔱㔲㈴捡㥡㕡敡㤵慣㡡戸㝥㝣摥挱㐲挱慤戵㌷㈴㑢捤扢㉦〵㘰㘶㔹挳㝣㔷愵ㄷ慣㉦ㄹ换㜵㜹㔵慡㐹昸㑥㔴散㑢ㄵㅦ㜵慢つ㝦挶㜵〲捦慤愷㙢愶㙡㙢〶㈴㑤敤愴㕢㤳昹㝣㑥〹〵〸摣扥㍥㈱㜲户㜴攷〵㠵㠸〴㡡挹挸㔷愷挹㙥攲㌴㔶㠷㔵搴㈵㘹㔲㝢攳㈶㠳㜱扥㑡挶㘴㜰㘰㘲㑤搴ㅦ㝣改㥢㌷ㄹ戶㠹戹㔷户戱愶㡤㐶慢扦㝢㑤㍡挱㜱挳愹搵愵㤷愹晤〴㘷愴て〳ㄴ㉥㐳㈰㜴摤㍤慡㍡㜱㐹慣ㄷ㉥㕡戵㘰愵戸㈲慤昳㉢〱捡愰㈱㑢㈵㙥㙤㐷搲慦㐰㤱扥㥢㘰ㄴ愰㕣捥ㄵ昷戰㔱戱㡣㤴㉢㔰㍡㘵昰㜲㑡㤰戳㕦㡡㤷〷捤愳㔶㍤㤰愱㔰ㅥ㌶㠱㤱㔰慢㈹昴つ㤱㐴㍤愳ㅡ㉡㡣㍤收っ愸搴戰㥣㘰扤挵户ㅤ㕣ㄲㄲ搱㡥㉣搸㜶戲㠰愲㈰㉤て㌲㜸つ㐴搳㈶つ戲ㅢ㈷㠸㠸㙣㤰愱搹㌱㜲㥡挸搸㍥㐳㐶愰㝤㤲〸搹晡㐰㜷ㄹ㐱㘲敦㈴㔲㜶敡捡㡦㍢搲㙣㈳㕢㍥㤴㘶㔷㘲攳昴慢〸昶ㄲ㕣㑤戰て㐰晣〹ㄲ㡥㔲づ昹㜴搲慦挵戳㝥ㅤ挱敢〰㈰㥦㜴捡㥣㐸㔴搱㠶摡㡡ㅤ挹㜶㐳戰㤳㤵㔱ㅣ㡡㈲㕡挶㑤㍢㜳挸㔶㠸㡥慣捥敤愱㙢昳㑡挷扥愹㍢㙤㈶㤷㐳㡡捣㘸㥡㕣敢㈶㑤㤳ㅢ挱愶㍤敡慤ㅢ搰㔵ㅦ㈳㜸㍤㐰㔹㝦〳㈱㤴ぢつ摥慤㔹昴㌴㈹㕦ㄳ㘶㔱㘸っ昵愸攰㈳㐲收ㄱ㈰㐳挸㜵ㅣ㕦㜶㙣㘸㥡㠳攳收㙢摥㠶摥摦㥤扦㈳愴户改捤ㅤ扤㐳㝦搱㑢戴愲㙦〴㝢㠹㍦㜴搵㌱㌷愱㕡㝦ㄳ挱捤〰㙤㍡㠶愷敦㤷敡㈹㔰㘶戱㥤挰摣㙥㝡㕤㤴㤵扢戴扥㉡㤵〶ㅡ㌴㤷っ敦扣っ攰挱㌸㌱ぢ㕢搸昵㍣㔹挷愱戶愶ち㜸㝥搹㥢㉥昴㡦㝡慥捤昲ㅤㅢ搹㝦㑤㈸㠶㝣㕥敢换戵搹挸ㄹ戶㘶挲攷㤴愰ㅣ敡攰摢扡ぢ㠹㐴愷㌴㜹戱㕦昶昹㜲㐷㤲昴㈰㐹摥㠲㙤搵㙦〱㠰㤴㄰扦敢㉡㔱昶戳搹㕢㔵戳戴挵㑡て㕦挶改愴捤㠷搸㈱㐷〶㐲㠷敤㌴晣〷晥㤰扤㘸搹㑤㘱㌱㘰㉦㐸慦ち摦㠲㔵㤷攵搰㉤㑢㔱戳㈳㉢㕥㈳戲愲慦慦攳㍣㥤攱㕦㔳㜴搲㈶㈵㌲戹㍤戳㌲攳㉣摥㈲㉡扡㈱㈹㔴㌲㕣㐳㑤〹㐴捡㘳摢ㅤㄱ搳㠳㠸戹ㄵㅢ愷ㅦ㈰㤸㈴㌸〸㔰昸㌵㈴捤㔶㌷㥥攱戰晥㌵扡戴㉢㤵㕣㠹㘸㔰㉥挲攷扡ち慢㐳㝣捤摢〸敥〰㘸㌳㝦攸㠰捣㈰㐴㠵昲〴㈱慡㌰㠶㜹搶㤲ㄷ㐹〳扢㑣〴㤶㘶ㅡ㝥攰摡㡣㉣つ㤹戳敥㈹㌷㤸戵晣㔵㐴愲㐶捤㈸㜳摦㡡㜴㐰㕤ㅥ㙣㥦戶㌲㜷㜵㔵搶㜴㜳搱㙤㐰戴㥤㤸摤づ〷㜳㙣〷㙣㐹㜵㌶搷〴㔲㙦攷㘳っ㈱戰搳捡摦㑡㙦散㤶扣摦㍣昴つ户㜶㜴挹ち敡㜲挰っ㤹㡥昹㤲㠹㕤㐴攴愰搶㙦㉥慤㜸㔲捥づ㤹挷㍣慢㔶户ㅣ㐹㘴挰挶㘴戰㙥㑥㥥㐷㤴㘰挱㘵っ搰㜵㠶捣㈵捦㜰晣㔵㠳〱挵昵摤愹㈷ㄵㄶ㈹㤸搳㤶攳攳㌵ち㡢捣て㥢㡢㉢敥㐵㐴㙣ㅢ戶㜳捣㔸昵户〵㔶㐸昴㘱㔲愸ㄱ㥡搰㌴㔱搲㑡扤攲㠷〷昲㕣㡥扣㤷㈷㔰戸捡ㄵ攸㌳捦搰摥戴敢愳ㄸつ敤㜴捥㘹㄰搱愳㘶㘱㕦愶ㄴ㈶愷敡㜷戱捦摢〱敥㌹㜶收㐴㉢㌲昷戲㘲搶〵㝡昹㌳㘴扣㈲㡢㘶㈰㠴㍥扡㕤㈱愹戰㡣㤴〳づ〴挶昹搴㑥㝥㘵㔳戵㈱昵敤㙡㘵㡦㈲㤲㌴㘸捥ㄹ换戲㡥㜸戴㙤〴扢挲〷㥡戱戶㔱昷愳扡ㄹ搷戶つ㤲ㄶ挹㜲戱㙡㤰㠲愷ㅡ㠱㝢搲㜲㜴ㄳ㐰搱㕦㔴㘴㕣㐲㤱㜱㐹ㄵつ㥡愷ㄹㅡ㔴㜹㡥攵㥥㌷㍣㉢㔸戱慤㙡㠹てっ摦㙤ぢ㥡〴㤳㔳昲挶㈹㤶ㄹ㘳㙤搶晣ㄹ㤸㙣晥〴搰㍤〱㌹捡慤㈳晡㐱戹㥡㈸攲㥦攸搱戱〴〱愳㍣愵晡㍢㌱㕡㐱摤㡥㠰挸㔱改㜲㝣〷攳昲愳㈸〹㠵㄰戱㥥㐱㈲昰ち㈶㠴㍣㕤摣㐵昳㡣㘳〵挰ㅥ㌱㜶搴ち㘶㝤愰ㅣ〰㔹㜵扣扤㐶㘱㌵搱㘹扣愹ㄵ㙥攸慣㑡愹㠹敢㍢敢㤳㝡攳㡤ㅢ㔴㠷ㅡ㈵愱㐸㌶㙢愴㌴换〶㜳摣㑥慡㐶㈸挵ㅤ㙢ㅢ㤱攵㌶㙤敤㍢愵挸换㔰㑣㡡㘶㜲晡扢ㄴ愱㈰搰ㅢ改㈸晡散戳挹㈳ㄱ戱愱つ㔰愶㥥ち换㠶愲㤰攰〹㕣㍢愹挹㜲昴〴晥摥ㄵ㘵攷ㅢ㐱慡挶戸㌴ㅡ搵㑣搵敢昳づ慣㠴慡攱搵戶〹㑢㘳㙤愱㠶㔱摣搹慢昶て户㌷挱㠸ㄱㅢ㌲㉣㤲攱〷〶ㅢ㠲戹ㄲㄱ㔵㕡㘷㐳摣敡㘶㜱㠹㑦㈷愵攱㈸っ㉣〶戵㔹戹愶捣戰㤶㈵㍦慡㍡㌴㑦㡢㑡㡥敡收搴戲て㤵ㅥ㔰㡥㐷㌹挵攰扡㜹㥡㙥㈹㕣㘲㠰搸㡤㜲ぢ搵〰愱摤收〰㍣ㄹ㙣ㅦ散㘰㐷挲搰〹慤㌳㑡搰㘲〶攱愶ㄷ㐱摥改ㄱ愳㄰愴愶㑡㝦㍢㈲扥昸㌴搳㌷㡦攴攲㑣挴㐴っ㜷㘵㔸て㐰㙥㌲㌲㐹㉥ㅡ㡤〳收愱㘴㔳㐲㙢㌰㉥愳㠹㌱㐴㤳捦ぢ㜰㡢㠷戱慣㘱戲㑤ㅤ昷摣〲ぢ摡戴扥扥换㍣攱㔴敢㡤㥡㔴慡㌸㤶搵㑡㈳㙦ぢ㝣愹㉢㠰㈱㌷㘵散㑢戴㈹㈷㜰㤴攲㤲㠹愴摥敤㙥晤〸扡㉢㈱㠷㌱㐲搵挷〰㘴㠶㕢㑥〵挴㍡敥㈹搰㍥摣摤扡挰愰㉥捦㐱愴㜵ㄴ㔱㤶捤攱㍥㕥㌳㡡慣戸㉤搱㙣捥㥤㜳㘹戳㈷㡡㡥㕢㘱搱戶挰ㄱ搶ㄹち扣㘲ㄱ挶㐸㡦摣挱㐱㜲㤷愳攸敥攵㐷搵㘳敥㌲㔰愱㌰㈰ㄸ攳攵㈹㈸㠷㕤〵㈳搱攰搶㕡㔶户㘰昴㤷㤶户㍥〵㈰ㄸ〶愶㐱㡢㤶愱㠱㌳㠳晣收〶捥つ㘸㤵ㄱ㈱㑤〶㔳ㄹ愳ㅣ㠵挳ㅥ㐸〳㌷昱㈰扤攴㐲〹〵㝢搴挵戰昸㙥攲戸㡤㈳㤰敢㕤搵㔶戸㘰〴戸晥攲散㙢㉢㥥慡搵㘸敥挲㍦户㉤戰㡡慢ㅢ愱㌹扡愷敤㔲㤶㕡ㄳ敤扢ㅢ摢㉡愲换㠲〷㘷㈷㡥ㅢ㐱㜵㘵㌱㔸て㉦㙥昵㑡ㄲ㠵㥦挲ㅦ戱攱摢㘹㌳攷ㅤ㕥㐴㕤攳摥㤷㉦㌸敥㐵㐷捤慢攰昳搶ㅦ㈸〴㔷㈸晢㌹挹㜲敥摦昸愷㤲㤶㉢晣〴㈳㙥㘵摡ㅣ愰攵㈰攱㌸㉡㠵搲㘰っ昹っ㍡㠱敤摥扣㌵㐰㍡搹搳㐶㈷㑡㄰散㄰㡡㜳晥ㄵ㈳ㄴ昱㘳愰㤵挴ㄲㅥ挹戱攷摦〰敢㡢ㅦ愱㠴〸挷㜳㈴㐶ち慦㐷㉥〳㜵㑡㤰㐷㔷㍣㜸㈱攴晦〷㑢㌱㌷㙦挸㑥晦〵㘶ㄶ㍦㙣㐷搱昵㐴搱て㍡㔰㈴㜸つ㐴昱敦㍤挸挴愹挰昰散㑢ち㠴㜳㑤㍢〷搰㔷晤挲敦晦昰〰㍡ㄷㄱ㠷戲搱㄰㙡扢〹捦㑤ㄳ愱慦挳㐴㘰昰㕥㤹〸㈷㤱ㄱ㡣攲㠷㈶㐲攴〳㤹㐷挱收㈶〲㘳㝢ㄹ㠶㘰㈲搴㥡㜰㙢昰〴㜶㤵㑤晦搸㜱㕣扣㤵㍥攲昹㔰㕡晥っ㍣㔲㝢㍢㡢ㄷっ捦戰昷愹昲㘳㥥㠴㌲昳㤶㜰㤳㕢㜵㘱㡦㙢㌶慣㔱㥤㌶昰㔵挴㕥昶ㅤ㝦捡搶敥慦〳㔳㘱ち摤昷愲㈴㡡㉦挳㔳㈲㜸㙥挸㝤㘰捦户㡦扤昰昰攳㐷㜸㕢㉤愲搵挲㉤挸昷ㄲ戲愷㍤㠱愰㙥攲愲挸㤵晣㌰攷㈴㍥㔱戲㔶敢㜲摡昰㤴ㄵ攴敢㜶㥣つ〹㉦㐱㤸㈱昱㙤〷ㄳㄳ昷ㅥ㐲ㄳ㜳愲捤摤愹㍥㙣㔲㉥挲㠹挴挴㤵㑦㉦づㅢ㡡慥㡡慣㐷㙢戳昰㕤愸愲㤷㌸㤱戴㤵挸㔳㈷㤳㄰摦㘹搷㜵㠷愸敢挲㠳っ挳晥戱㤴㐲晣㠱ㄴ㤲㍣挸昰㐲㠰㤲㔲愷㤱㈹摣ち㤰ㄱ㔹㙢て昱搲ㅦ戰㈳〴㘴昳搲㕦㡦ㅦ戱㘰ㄷ㠱挵搸ㄷ摦敢㠹㤶戶㘸慣㥡ㄸ慡㔵㌶捤㈲㌲敡昰挲㠲挹戸㌴㘵改ㅣ㐴改㤶摤㔱㝣挹㤰ㅤ〶摥㐲挶㉥搸昴戵㤵敤扢㥤〶㙥㝥㐰捦ㄴ㤵挲㜰㜶戳ㄸ〷㔲ㄵ愳ぢ㥢㤶挳㈲挲攱㌰摢散㌴㄰㔵㐱㘷㌹晢㜰㉡㐵昰㡦㕦ち戱㝥扣㌵昴㤵敤㌵搴㜱㑥㍦ㄶ挸ㅦ散慦敢㌳ㄸㅢ㙦㈵挷㐰挲㙥愹㔵㈹扣ㅥ㝥〶㕤戸攸㥣搰㕢㔹昵㉣づ攱㑦捣㔹㝤㕡㠷晥㘷昴㕡㜱搶㔹昶㘶ㄸ㍢愵晦摦㡢㠲㑤昵扦㘰散㑤㈱昲㝤㔱㠶て〵挶㑦㌶つ搹㜰㐷攰搹㐶昰㐶ㅤ㡣㜵㤵㘵挸㍢捣㉤攲攳搵戰㕡㐹㜰昸扤昲敤㔷㈳㥡㝤㘹摢づ㜴ㄵ㠰㡣つㄵ扥〱ㄱ搴戵㝦㕡㙥挵愷摢攲晤攸戸攷愴㔵昵㕣摦㌵㠳戱㐵〴㝤挷昸敤㤹〹㥢㘷㑡㝣扤㕤愸摤㠸㥤ㄸ㝣〰㝤㑥捤㐳㘰㥦㤲挱㉢ㄵ㡢㘴㘴㘱㙢㤱っ㝥㠷㌴㤲〸㉦㔱㍢昸㔷㤸昷㌶㡣㍡㍥㕤㥤㠷慦㌳㘰搱戶㔰㜶愱挷戹晤㠶〶户づ㜷戴摥〳㝦㤰慣㑦㈰㌸愶㤶㜰晦〳摣搷昶㍤㐸户㡤搶收戳㘵㙦㍥户㜲攱㔹攰㜴㙢㙦㐹㤳っ摦挹㉦㤲换㝡㠵㄰㤷昶㡦攰敦搶ㅤ戴ㅣ㙤ㄴ㜴ㅥ㝤搰㑤㐷搸㜸ㅤ敥戳㉤㐴扦捦愱慢㤸㈲挰㑦㌷愲っㅦ〴扤㝣㘴㐵昱ㄵ㉣㡢っ㠰㝣慥㔸〵攸㑥搵捦㙣㐴搵㈳戱㐰ㄶ㍣㘳㤰ㅣ换攲㑢㘸挸敤ち㤷つ㤶攰戲㠵㍡㑢㈰慦挷㍤㤰捦〹㥥㈵搴㐴扥㠰づ捤㠹㔸㈸敤㍥㤱捦㙦㌴ㄱ㐱㉢㐰㉤㌴㌹晥㐸慣㐵昴㍡慡㜵㥢挰㈱㜰〱㠶㈹ㄶ㈹㙢㡡㘱㘸攱㐷挴っ搲㙦愲扦捦ㅦ昹昵㜳㑣㝦㍤㈲㤴㈰㐴㔵㝡昲ㄴ㠴㙡昲㥦㑡㑥摥㐳㘹昷挹㍦戵搱攴㐷㈸㈳㌹ㄳ㍤〰ㄸ敡ㄳㄵ晣㔱㡢㘹㈰挳㝤攴㑦㥣㈳挰㉦㌵㡢ㄱ〳㈵慡敦㐵㘴搰㤷ㅢ慥㕡㕤㐲㈶敥㕢攰晡㌳㍥敥㔱昶ㄱ㉦㐲搲㤷㔳っ㥤戱挵㔰㉢㤶散挸ぢ扢㉤㘴〳㤶挴慦㘵扢㡡昴㘲㡦ㄱ㝥昱㘴㡣㤸攳挷攳㉦愷戴㈸收〴挲〸㉤㔲搲て㌷㔲㝣㈴㙥晣扤敦户㕣愶愸㐰〲昵㠴㡤㐹㘷慡昱ㄳ㜱攳㠳昸㉡㑢戵挹昱〶〱搳昳㜱㘳搲愳㙡晣㜸摣昸㉦〷昷㌵ㅢ挷㜴ㄸ㡥㕣㈰㤱㘴搸扡捡晡㑦㝣愱㍤㡣收〵㤳晡㜳挰っ㡢㈹㌹㔵攸戸慥㌴攸㈰㉥㠳㜸昸㐶㝡づ㜷㥢㜰〵〴㐲㌶晣㕦㈵㥣挰㥤愷㔹㈳㌰昰〹昴ㅡ㠲捤㥥慥㥥搸戹㘸捥㝢㈸攸㌷㑦昸㌸㔳搵戶ㄵ㠹挰ㅣ挸㠷晢扢㠹㔳㍥挳㜴㙣敤㐷ㅣ㈴搳㜸㠷愴㌷攵愱〲㉢㜹昱愱ㄸ戳戹挷㕡㌴愳㍦ち攴㐰㍡〲㌲愳㍦〶ㄸ〶㘲㜸㕢㌹㌷㐲晥㔷捣晤㈱㔶㝣㤸攰㜱㠰戲㈰戳㤳づ㡡㑦〰っ挷晦愳㡡戱㌵攵㉦搱挴挳昱换㤲㘴愴㍦挹づㅦ〵攸㠳晢㔶㐴㐴㔸搶㍦㠶㤲攴㑢㈹㌸搴㑢㍦捥㡡㑦㄰㍣〵㔰㉥㜰戲㕢摥㌵慥愹㐷捤昵㐹㜴ㄵ㡦ㄱ攰愷㝦㉡捡昰愱挰㝤㜸㐷㜷㕢㤹㐷攱昸挳㝥㠴㍡㔳㕦昰摦㡤㉦昲搷戹攸㍥晣て㐹ち捡戰捦㙢㙦敦㙤㉣㌲〱㙤㜲昵㕢挵㘶扦㡣㜱戸慥㔶〴㠵㈳㔲愹㤴戴愲㈰扥戹㘰攱攲つ㝣换㘱㔵㈱〴㘹㐰㔵㌸㔱挵ㄱㄴ攸㥦㘱㔳攲㤸㜸搲㍦换㈷愲㔶㙤攲攷愲っㅦ〴昱慡扡㍦ㄸ㜵㡦㕦㐸㕣慢ち慢敤㠵挴扦慡㔸㐹扥昰㘹づ愶㤰㠵㑣㕡㉢ㄱ㘹㡡㠶扥㠴捣㔰摦㌰攷㜶ㅦ㝥摡㈵㔱㍤㔷㍢㜷敥㥦挳昹戱㙢昲敦㝤昷攰搳捦晦敡挵㑦晦昶晤㠷晦晣慦㘷㥥昹敤ㅦ㍦晤摣扦㝥扡㝣昸ㄷ捦㍥晢昳㝢扥晡摣㡢扢捤慦㘹摦晦攷摣搷ㅥ㤹扣昰挸㐳收㤹㕢㡥㍤昲扥〷敦㥤㕣戸㘲扣慦慦扦晦收搱㕦㕥晤收㤱挷ㅥ晡愱昸搹敦昷㍡㐲㉤ㄷ㉦㐸㑦㠳换㔶搳昸㌲㌲㤸〶㘷晣慡㑥㠳换㔵ㅢ戵ㅣ㙤搴㌴ち㑡昰㘹㜰〲慡挲㐸㔷っ晣〷攰㈶戲〹 | F30: 㜸〱敤㕣㕢㙣ㅣ㔷ㄹ摥㌳摥㕤敦慣敤搸㡤搳㑢㑡㘹㑤㉦戴搴挱㡤搳㠶搲㐲〸扥㌴㤷攲挴㙥散愴㈰㐰㥢昱敥㤹㜸㥡㥤ㄹ㜷㘶搶㠹㑢㔱㉢㘸戹㠸㥢㔴㉥㙡愱㔰㔴㔰㈵㕥戸扣㐰ぢ扣㈰㈱㠱㔰㤱㜸㠰〷㈴ㅥち㐲昰〰㐲㤱㜸攱〱〴摦㜷㘶㘶㜷㘶搷㍢㜶户㉤戸挸㈷摤摦㘷捥㙤捥㌹晦昵晣晦㤹收㐴㉥㤷晢㌷ㄲ晦㌲攵㤹戹㘶㜱摤て愴㍤㌱攳搶敢戲ㅡ㔸慥攳㑦㑣㜹㥥戱㍥㘷昹㐱ㅦㅡㄴ㉢ㄶ敡晤㐲挵户ㅥ㤲愵捡㥡昴㝣㌴㉡攴㜲愵㤲慥愱㥥㠳昰㌷ㄲ㍦攸散㌵㤸〷㔸㥡㤹㥥㕦㝥〰愳㉥〶慥㈷昷㡤㥤〹晢ㅥ㥡㥣㥣㤸㥣戸攳捥挹户㑤散摦㌷㌶搳愸〷つ㑦ㅥ㜲㘴㈳昰㡣晡扥戱㠵挶㜲摤慡扥㐷慥㉦戹攷愵㜳㐸㉥敦扦㝤搹戸攳敤㤳㜷ㅣ㍣㘸摥㜵搷摢〷昱敡摣挹㤹改〵㑦㥡晥慢㌴㘶㠱㔳扥㘳㔶㔶㉤慥㑤㑡捦㜲捥㑤捣㑣攳扦挴晣昱㜴攷挴攲㡡㤴〱㕦㉤㍤改㔴愵慦愳攳㠰㍤攵晢つ㝢㤵㥢愷摢㐷戰搴慡攱〷〵㝢㐶搶敢扡ㅤ㡦㕡戲攷戱㜷㜵㘳㝤搰㕥㤴㡥㙦〵搶㥡ㄵ慣ㄷ敤㈵っ㔴ㅢ戲㑦晢昲㤴攱㥣㤳㈷つ㕢ㄶ散愳つ慢㤶て㔳慥敦收㜸㠸攴挴搴昲㈷愶㝣㝢㘶挵昰搴㡣㝣㙥㑣㐶摢㈳㕥㌵摤昶㠶敥攳㜲敡敡つㅣ昳愶敥敤㔰㜳挶昰㥡㉤挷扢户㡣ㄶ㥦㥥挱㙤摤摢㈷昶㈸摤攷㉤摤晢愸慤㑣户ㄶ〳ㄱ㝤慢ㅤ挵㘲昴㈲㐱㍦㐱㠹㠰〸搴换〴〳〴㠳〰㈲晦㜷㜰㐹戲㈳慢戴㡡愱㔵㤶戵㑡㔵慢搴戴㡡搴㉡愶㔶㌹愷㔵㔶戴㡡愵㔵ㅥ搰㉡攷搱㈶㑥愵晥㝥㉤㑡慢㑦㝤昵㝡昷㕦㜷捦㍦昳つ昳戹㈷㍦晣扢攷〷㜷愱搱㝤搱愴㘶㍤攳〲㐸慤㐵挵〷㈶昶昳摦收㕣〱愶㌰て㥡㜷㥡㤳㤳戵㠳晢㡤摢㡤〲㤷㤵㠱晣ㄴ愱㡣愰敤愰㜹扦攵搴摣ぢち㜷搷㑣ㅢ扥㙣㙤摣㜸㔴㌷敤㌶㥣㥡晦㠶㡤㉢ㄷ〳㈳㤰㔷户搷戵〶改攸戶〸戶㤲扥㝡摦戵敤摤捥ㄸ昵㠶㥣扡㘸㠵搵㙦㙣慢戶ㄷ㍣㜷戹㝢敤ㄱ㑦㍥搸慣敤㤸搱ㄴ㠴摡㥡ㅡ扢㘳㤵㘱㔵㌸慦戱㤹ㄵ搷㤷㡥㥡摥戸扤㘰㔵捦㑢㙦㔱㔲㈴捡㥡㕡敡攵慣㡡戸㝥㝣摥挱㐲挱慤戵敢㤳愵收㍤ㄷ〳㌰戳慣㘱扥慢搲ぢ搶㤷㡣攵扡扣㈲搵㈴㝣㈷㉡昶愶㡡㡦戸搵㠶㍦攳㍡㠱攷搶搳㌵㔳戵㌵〳㤲愶㜶挲慤挹㝣㍥愷㠴〲〴㙥㕦㥦㄰戹㕢扢昳㠲㐲㐴〲挵㘴攴慢搲㘴㌷㜱ち慢挳㉡敡㤲㌴愹摤戸挹㘰㥣慦㤲㌱ㄹㅣ㤸㔸ㄳ昵〷㕦㝡换㈶挳㌶㌱昷摡㌶搶戴搱㘸昵昷慣㐹㈷㌸㘶㌸戵扡昴㌲戵㥦攰㡣昴㘱㠰挲㈵〸㠴慥扢㐷㔵㈷㉥㡡昵挲〵慢ㄶ慣ㄴ㔷愴㜵㙥㈵㐰ㄹ㌴㘴愹挴慤敤㐸晡㘵㈸搲㜷ㄳ㡣〲㤴换戹攲ㅥ㌶㉡㤶㤱㜲〵㑡愷っ㕥㑥〹㜲昶㑢昱昲愰㜹挴慡〷㌲ㄴ捡挳㈶㌰ㄲ㙡㌵㠵扥㈱㤲愸㘷㔴㐳㠵戱挷㥣〱㤵ㅡ㤶ㄳ慣户昸戶㠳㑢㐲㈲摡㤱〵摢㑥ㄶ㔰ㄴ愴攵㐱〶慦㠱㘸摡愴㐱㜶攳〴ㄱ㤱つ㌲㌴㍢㐶㑥ㄳㄹ摢㘷挸〸戴㑦ㄲ㈱㕢敦敦㉥㈳㐸散㥤㐴捡㑥㕤昹㜱㐷㥡㙤㘴换㠷搲散㜲㙣㥣㝥〵挱㤵〴㔷ㄱ散〵㄰㝦㠲㠴愳㤴㐳㍥㥤昴㌷攰㔹扦㠶攰㡤〰㤰㑦㍡㘵㑥㈴慡㘸㐳㙤挵㡥㘴扢㈱搸挹捡㈸づ㐵ㄱ㉤攳愶㥤㌹㘴㉢㐴㐷㔶攷昶搰戵㜹愵㘳摦摣㥤㌶㤳换㈱㐵㘶㌴㑤慥㜵㤳愶挹㡤㘰搳ㅥ昵搶㜵攸慡㡦ㄱ扣〹愰慣㕦㑦〸攵㐲㠳㜷㙢ㄶ㍤㑤捡搷㠵㔹ㄴㅡ㐳㍤㉡昸㠸㤰㜹〴挸㄰㜲ㅤ挷㤷ㅤㅢ㥡收攰戸昹扡户愱昷㜵攷敦〸改㙤㝡㜳㐷敦搰㕦昴㌲慤攸ㅢ挰㕥攲㜷㕤㜵捣㑤愸搶摦㑣㜰㌳㐰㥢㡥攱改晢攵㝡ち㤴㔹㙣㈷㌰户㥢㕥ㄷ㘵攵㉥慤慦㑡愵㠱〶捤㈵挳㍢㈷〳㜸㌰㡥捦挲ㄶ㜶㍤㑦搶㜱愸慤愹〲㥥㕦慥㑣ㄷ晡㐷㍣搷㘶昹㡥㡤散扦㉥ㄴ㐳㍥慦昵攵摡㙣攴っ㕢㌳攱㜳㑡㔰づ㜵昰敤摤㠵㐴愲㔳㥡扣搸㉦晢㝣戹㈳㐹㝡㤰㈴㙦挱戶敡户〲㐰㑡㠸摦㜴㤵㈸晢搸散慤慡㔹摡㘲愵㠷㉦攳㜴搲收㐳散㤰㈳〳愱挳㜶ㅡ晥〳㝦挸㕥戴散愶戰ㄸ戰ㄷ愴㔷㠵㙦挱慡换㜲攸㤶愵愸搹㤱ㄵ慦ㄳ㔹搱搷搷㜱㥥捥昰慦㈹㍡㘹㤳ㄲ㤹摣㥥㔹㤹㜱ㄶ㙦ㄱㄵ摤㤰ㄴ㉡ㄹ慥愱愶〴㈲攵戱敤㡥㠸改㐱挴摣㠶㡤搳昷ㄳ㑣ㄲㅣ〰㈸晣ㄲ㤲㘶慢ㅢ捦㜰㔸晦ㅡ㕤摡㤵㑡慥㐴㌴㈸ㄷ攱㡢㕤㠵搵㐱扥收㙤〴㜷〲戴㤹㍦㜴㐰㘶㄰愲㐲㜹㠲㄰㔵ㄸ挳㍣㘳挹ぢ愴㠱㕤㈶〲㑢㌳つ㍦㜰㙤㐶㤶㠶捣㔹昷愴ㅢ捣㕡晥㉡㈲㔱愳㘶㤴戹㝦㐵㍡愰㉥て戶㑦㕢㤹扢扡㉡㙢扡戹攸㌶㈰摡㡥捦㙥㠷㠳㌹戶〳戶愴㍡㥢㙢〲愹户昳㌱㠶㄰搸㘹攵㙦愵㌷㜶㑢摥㙦ㅥ晡㠶㕢㍢扡㘴〵㜵㌹㘰㠶㑣挷㝣挹挴㉥㈲㜲㔰敢㌷㤷㔶㍣㈹㘷㠷捣愳㥥㔵慢㕢㡥㈴㌲㘰㘳㌲㔸㌷㈷捦㈱㑡戰攰㌲〶攸㍡㐳收㤲㘷㌸晥慡挱㠰攲晡敥搴㤳ち㡢ㄴ捣㘹换昱昱ㅡ㠵㐵收㠷捤挵ㄵ昷〲㈲戶つ摢㌹㙡慣晡摢〲㉢㈴晡㌰㈹搴〸㑤㘸㥡㈸㘹愵㕥昱挳〳㜹㉥㐷摥换ㄳ㈸㕣攵ち昴㤹㘷㘸㙦摡昵㔱㡣㠶㜶㍡攷㌴㠸攸㔱戳戰㉦㔳ち㤳㔳昵扢搸攷㙥㠰㝢㡦㥥㍥摥㡡捣扤愲㤸㜵㠱㕥晥っㄹ慦挸愲ㄹ〸愱㡦㙥㔷㐸㉡㉣㈳攵㠰〳㠱㜱㍥戵㤳㕦搹㔴㙤㐸㝤扢㕡搹㈳㠸㈴つ㥡㜳挶戲慣㈳ㅥ㙤ㅢ挱慥昰㠱㘶慣㙤搴晤愸㙥挶戵㙤㠳愴㐵戲㕣慣ㅡ愴攰愹㐶攰㥥戰ㅣ摤〴㔰昴ㄷㄵㄹㄷ㔱㘴㕣㔴㐵㠳收㈹㠶〶㔵㥥㘳戹攷っ捦ち㔶㙣慢㕡攲〳挳㜷摢㠲㈶挱攴㤴扣㜱㡡㘵挶㔸㥢㌵㝦ㅡ㈶㥢㍦〱㜴㑦㐰㡥㜲敢㠸㝥㔰慥㈶㡡昸㈷㝡㜴㉣㐱挰㈸㑦愹晥㑥㡣㔶㔰户㈳㈰㜲㔴扡ㄴ摦挱戸昴〸㑡㐲㈱㐴慣㘷㤰〸扣㠲〹㈱㑦ㄷ㜷搱㍣敤㔸〱戰㐷㡣ㅤ戱㠲㔹ㅦ㈸〷㐰㔶ㅤ㙦慦㔶㔸㑤㜴ㅡ㙦㙡㠵敢㍡慢㔲㙡攲摡捥晡愴摥戸㜱㠳敡㔰愳㈴ㄴ挹㘶㡤㤴㘶搹㘰㡥摢㐹搵〸愵戸㘳㙤㈳戲摣愶慤㝤愷ㄴ㜹〵㡡㐹搱㑣㑥㝦㤷㈲ㄴ〴㝡㈳ㅤ㐵㥦㝤㌶㜹㈴㈲㌶戴〱捡搴㔳㘱搹㔰ㄴㄲ㍣㡥㙢㈷㌵㔹㡥㥥挰摦扢愲散㝣㈳㐸搵ㄸㄷ㐷愳㥡愹㝡㝤摥㠱㤵㔰㌵扣摡㌶㘱㘹慣㉤搴㌰㡡㍢㝢搵晥攱昶㈶ㄸ㌱㘲㐳㠶㐵㌲晣挰㘰㐳㌰㔷㈲愲㑡敢㙣㠸㕢摤㉣㉥昱改㠴㌴ㅣ㠵㠱挵愰㌶㉢搷㤴ㄹ搶戲攴㐷㔵㠷收㘹㔱挹㔱摤㥣㕡昶愱搲〳捡昱㈸愷ㄸ㕣㌷㑦搱㉤㠵㑢っ㄰扢㔱㙥愱ㅡ㈰戴摢ㅣ㠰㈷㠳敤㠳ㅤ散㐸ㄸ㍡愱㜵㐶〹㕡捣㈰摣昴㈲挸㍢㍤㘲ㄴ㠲搴㔴改㙦㠷挵㤷㥦㘲晡搶攱㕣㥣㠹㤸㠸攱慥っ敢〱挸㑤㐶㈶挹㐵愳㜱挰㍣㤴㙣㑡㘸つ挶㘵㌴㌱㠶㘸昲㜹〱㙥昱㌰㤶㌵㑣戶愹攳㥥㕢㘰㐱㥢搶搷㜷㤹挷㥤㙡扤㔱㤳㑡ㄵ挷戲㕡㘹攴㙤㠱㉦㜵〵㌰攴愶㡣㝤㠹㌶攵㌸㡥㔲㕣㌲㤱搴扢摤慤ㅦ㐶㜷㈵攴㌰㐶愸晡ㄸ㠰捣㜰换愹㠰㔸挷㍤〵摡㠷扢㕢ㄷㄸ搴攵㌹㠸戴㡥㈲捡戲㌹摣挷㙢㐶㤱ㄵ户㈵㥡捤戹㜳㉥㙤昶㐴搱㌱㉢㉣摡ㄶ㌸挲㍡㐳㠱㔷㉣挲ㄸ改㤱㍢㌸㐸敥㔲ㄴ摤扤昴㠸㝡捣㕤〲㉡ㄴ〶〴㘳扣㍣〵攵戰慢㘰㈴ㅡ摣㕡换敡ㄶ㡣晥搲昲搶愷〰〴挳挰㌴㘸搱㌲㌴㜰㘶㤰摦摣挰戹づ慤㌲㈲愴挹㘰㉡㘳㤴愳㜰搸〳㘹攰㈶ㅥ愴㤷㕣㈸愱㘰㡦扡ㄸㄶ摦㑤ㅣ户㜱〴㜲扤㉢摡ちㄷ㡣〰搷㕦㥣扤㙤挵㔳戵ㅡ捤㕤昸攷戶〵㔶㜱㜵㈳㌴㐷昷戴㕤捡㔲㙢愲㝤㜷㐳㕢㐵㜴㔹昰挰散挴㌱㈳愸慥㉣〶敢攱挵慤㕥㐹愲昰㘳昸㈳㌶㝣㍢㙤收扣挳㡢愸㙢摣晢昲㜹挷扤攰愸㜹ㄵ㝣摥晡〳㠵攰ち㘵㍦㈷㔹捥晤ㅢ晦㔴搲㜲㠵ㅦ㘱挴慤㑣㥢〳戴ㅣ㈴ㅣ㐷愵㔰ㅡ㡣㈱㥦㐱㈷戰摤㥢户〶㐸㈷㝢摡攸㐴〹㠲ㅤ㐲㜱捥扤㙡㠴㈲㝥〸戴㤲㔸挲㈳㌹昶晣㌹戰扥㜸〱㈵㐴㌸㥥㈳㌱㔲㜸ㄳ㜲ㄹ愸㔳㠲㍣扡攲挱ぢ㈱晦㍦㔸㡡戹㜹㐳㜶晡㉦㌰戳㜸扥ㅤ㐵搷ㄲ㐵㍦攸㐰㤱攰㌵㄰挵扦昷㈲ㄳ愷〲挳戳㉦㉢㄰捥㌵敤ㅣ㐰㕦昳ぢ扦晦挳〳攸㕣㐴ㅣ捡㐶㐳愸敤㈶㍣㌷㑤㠴扥づㄳ㠱挱㝢㘵㈲㥣㐰㐶㌰㡡ㅦ㥡〸㤱て㘴ㅥ〵㥢㥢〸㡣敤㘵ㄸ㠲㠹㔰㙢挲慤挱ㄳ搸ㄵ㌶晤㘳挷㜰昱㔶晡㠸攷㐳㘹昹㌳昰㐸㕤搹㔹扣㘰㜸㠶扤㔷㤵ㅦ昵㈴㤴㤹户㠴㥢摣慡ぢ㝢㕣扤㘱㡤敡戴㠱慦㈲昶戲敦昸㔳戶㜶㝦ㅤ㤸ち㔳攸扥ㄷ㈵㔱㝣〵㥥ㄲ挱㜳㐳敥㐳㝢扥㝤昴昷て㍤㜶㤸户搵㈲㕡㉤摣㡡㝣㉦㈱㝢摡ㄳ〸敡㈶㉥㡡㕣捥て㜳㑥攰ㄳ㈵㙢戵㉥愷つ㑦㔹㐱扥㙥挷搹㤰昰ㄲ㠴ㄹㄲ摦㜶㌰㌱㜱敦㈱㌴㌱㈷摡摣㥤敡挳㈶攵㈲㥣㐸㑣㕣昹昴攲戰愱攸慡挸㝡戴㌶ぢ摦㠵㉡㝡㤹ㄳ㐹㕢㠹㍣㜵㌲〹昱㥤㜶㕤㜷㤰扡㉥㍣挸㌰散ㅦ㑢㈹挴ㅦ㐸㈱挹㠳っ㉦〴㈸㈹㜵ち㤹挲㙤〰ㄹ㤱戵昶㄰㉦晤〱㍢㐲㐰㌶㉦晤昵昸ㄱぢ㜶ㄱ㔸㡣㝤昱扤㥥㘸㘹㡢挶慡㠹愱㕡㘵搳㉣㈲愳づ㉦㉣㤸㡣㑢㔳㤶捥〱㤴㙥搹ㅤ挵㤷っ搹㘱攰㉤㘴散㠲㑤㕦㕢搹扥挷㘹攰收〷昴㑣㔱㈹っ㘷㌷㡢㜱㈰㔵㌱扡戰㘹㌹㉣㈲ㅣづ戳捤㑥〳㔱ㄵ㜴㤶戳ㄷ愷㔲〴晦昸愵㄰敢挷㕢㐳㕦摥㕥㐳ㅤ攷昴㘳㠱晣挱晥扡㌶㠳戱昱㔶㜲っ㈴散㤶㕡㤵挲敢攱愷搱㠵㡢捥〹扤㤵㔵捦攲㈰晥挴㥣搵愷㜵攸㝦㐶慦ㄵ㘷㥤㘱㙦㠶戱㔳晡晦扤㈸搸㔴晦ぢ挶摥ㄴ㈲摦ㄷ㘵昸㔰㘰晣㘴搳㤰つ㜷〴㥥㙤〴㙦搴挱㔸㔷㔹㠶扣挳摣㈲㍥㕥つ慢㤵〴㠷摦㉢摦㝥㌵愲搹㤷戶敤㐰㔷〱挸搸㔰攱㌹㠸愰慥晤搳㜲㉢㍥摤ㄶ摦㡦㡥㝢㑥㔸㔵捦昵㕤㌳ㄸ㕢㐴搰㜷㡣摦㥥㤹戰㜹愶挴㌷摢㠵摡つ搸㠹挱て愲捦挹㜹〸散㤳㌲㜸戵㘲㤱㡣㉣㙣㉤㤲挱敦㤰㐶ㄲ攱㈵㙡〷晦㌲昳扥㠶㔱挷愷慢昳昰㜵〶㉣摡ㄶ捡㉥昴㌸户摦搰攰搶攱㡥搶㝢攰て㤲昵〹〴挷搴ㄲ摥晦㐱敥㙢晢ㅥ愴摢㐶㙢昳搹戲㌷㥦㕢戹昰㉣㜰扡戵户愴㐹㠶敦攴ㄷ挹㘵扤㐲㠸㑢晢㠷昱㜷敢づ㕡㡥㌶ち㍡㡦㍥攸愶㈳㙣扣づ昷搹ㄶ愲摦㘷搱㔵㑣ㄱ攰愷ㅢ㔱㠶て㠲㕥㍥戲愲昸ㅡ㤶㐵〶㐰㍥㔷慣〲㜴愷敡愷㌷愲敡㤱㔸㈰ぢ㥥㌱㐸㡥㘵昱ㄵ㌴攴㜶㠵换〶㑢㜰搹㐲㥤㈵㤰搷攳ㅥ挸攷〴捦ㄲ㙡㈲㑦愲㐳㜳㈲ㄶ㑡扢㑦攴㑢ㅢ㑤㐴搰ち㔰ぢ㑤㡥㍦ㄲ㙢ㄱ扤㡥㙡摤㈶㜰〸㕣㠰㘱㡡㐵捡㥡㘲ㄸ㕡㜸㠱㤸㐱晡㔵昴昷愵挳扦㝣㤱改慦㠷㠵ㄲ㠴愸㑡㑦㥥㠲㔰㑤晥㜳挹挹㝢㈸敤㍥昹捦㙣㌴昹ㄱ捡㐸捥㐴て〰㠶晡㐴〵㝦搴㘲ㅡ挸㜰ㅦ昹ㄳ㘷〹昰㑢捤㘲挴㐰㠹敡㝢〱ㄹ昴攵㠶慢㔶ㄷ㤱㠹晢ㄶ戸晥㡣㡦㝢㤴㝤挴㡢㤰昴攵ㄴ㐳㘷㙣㌱搴㡡㈵㍢昲挲㙥ぢ搹㠰㈵昱㙢搹慥㈲扤搸㘳㠴㕦㝣㍣㐶捣戱㘳昱㤷㔳㕡ㄴ㜳〲㘱㠴ㄶ㈹改㠷ㅢ㈹㍥ㄶ㌷晥摥昷㕢㉥㔳㔴㈰㠱㝡挲挶愴㌳搵昸昱戸昱〱㝣㤵愵摡攴㜸㠳㠰改愵戸㌱改㔱㌵㝥㉣㙥晣㤷〳㝢㥢㡤㘳㍡っ㐷㉥㤰㐸㌲㙣㕤㘵晤㈷扥搰ㅥ㐶昳㠲㐹晤㌹㘰㠶挵㤴㥣㉡㜴㕣㔷ㅡ㜴㄰㤷㐱㍣㝣㈳㍤㠷扢㑤戸〲〲㈱ㅢ晥慦ㄲ㡥攳捥搳慣ㄱㄸ昸〴㝡つ挱㘶㑦㔷㑦散㕣㌴攷㍤ㄴ昴㥢挷㝤㥣愹㙡摢㡡㐴㘰づ攴挳晤摤挴㈹㥦㘱㍡戶昶㈳づ㤲㘹扣㐳搲㥢昲㔰㠱㤵扣昸㐸㡣搹摣愳㉤㥡搱ㅦ〱㜲㈰ㅤ〱㤹搱ㅦ〵っ〳㌱扣慤㥣ㅢ㈱晦㉢收晥〸㉢㍥㑡昰ㄸ㐰㔹㤰搹㐹〷挵挷〱㠶攳晦㔱挵搸㥡昲㤷㘸攲愱昸㘵㐹㌲搲㍦捥づ㥦〰攸㠳晢㔶㐴㐴㔸搶㍦㠹㤲攴㑢㈹㌸搴㑢㍦挵㡡㑦ㄳ㝣〶愰㕣攰㘴户扣㙢㕣㔳㡦㥡敢戳攸㉡ㅥ㈵挰㑦晦㕣㤴攱㐳㠱晢昰㡥敥戶㌲㡦挲昱㠷晤〸㜵愶扥攰扦〷㕦攴慦㜳搱㝤昸ㅦ㤲ㄴ㤴㘱㥦搷敥敥㙤㉣㌲〱㙤㜲昵㕢挵㘶扦㠲㜱戸慥㔶〴㠵㈳㔲愹㤴戴愲㈰扥戹㘰攱攲つ㝣换㈱㔵㈱〴㘹㐰㔵㌸㔱挵㘱ㄴ攸㥦㘷㔳攲㤸㜸搲扦挰㈷愲㔶㙤攲ㄷ愳っㅦ〴昱慡扡㍦㄰㜵㡦㕦㐸㕣慢ち慢敤㠵挴扦慡㔸㐹扥昰㈹づ愶㤰㠵㑣㕡㉢ㄱ㘹㡡㠶扥㠲捣㔰摦㌰攷㜶㍦㝥摡㐵㔱㍤㕢㍢㝢昶ㅦ挳昹戱慢昳敦㝤昷攰㔳㉦晤攲て㑦晣晡〳㠷晥晣捦愷㥦晥昵ㅦ㥦㜸昱㥦㍦㕥㍥昴戳㘷㥦晤改扤捦扣昸㠷摤收搷戵敦晦㘳敥敢て㑦㥥㝦昸㐱昳昴慤㐷ㅦ㝥摦〳昷㑤㉥㕣㌶摥搷搷摦㝦昳攸捦慦扡㘵攴搱〷㥦ㄷ㍦昹敤㤵㡥㔰换挵ぢ搲搳攰戲搵㌴扥㡡っ愶挱ㄹ扦愶搳攰㜲搵㐶㉤㐷ㅢ㌵㡤㠲ㄲ㝣ㅡ㥣㠰慡㌰搲ㄵ〳晦〱搲愴戳晦 | G30: 㜸〱敤㕣㕢㙣ㅣ㔷ㄹ摥㌳摥㕤敦慣敤搸㡤搳㑢摡搲扡㉤愵㔰〷㌷㑥ㅢ㑡㠱㄰㝣㘹㉥挵㠹摤搸㐹㐱㠰㌶攳摤㌳昱㌴㍢㌳敥捣慣ㄳ㤷㑡慤愰攵㈲㈸㤵ち㐵ㄴ捡㐵ㄵ㐲攲㠵换ぢ㜷〹㈱㈱㠱㔰㤰㄰〲㈱㈴ㅥ㑡㠵攰〱㠴㈲昱挲〳ㄲ㝣摦㤹㤹摤㤹㕤敦搸摤戶攰㈲㥦㜴㝦㥦㌹户㌹攷晣搷昳晦㘷㥡ㄳ戹㕣敥摦㐸晣换㤴㘷收晡挵㜵㍦㤰昶挴㡣㕢慦换㙡㘰戹㡥㍦㌱攵㜹挶晡㥣攵〷㝤㘸㔰慣㔸愸昷ぢㄵ摦㝡㔸㤶㉡㙢搲昳搱愸㤰换㤵㑡扡㠶㝡づ挲摦㐸晣愰戳搷㘰ㅥ㘰㘹㘶㝡㝥昹㐱㡣扡ㄸ戸㥥摣㌷㜶㈶散㝢㘸㜲㜲㘲㜲攲慥扢㈷摦㌲戱㝦摦搸㑣愳ㅥ㌴㍣㜹挸㤱㡤挰㌳敡晢挶ㄶㅡ换㜵慢晡㙥戹扥攴㥥㤷捥㈱戹扣晦捥㘵攳慥户㑥摥㜵昰愰㜹捦㍤㙦ㅤ挴慢㜳㈷㘷愶ㄷ㍣㘹晡慦搰㤸〵㑥昹慥㔹㔹戵戸㌶㈹㍤换㌹㌷㌱㌳㡤晦ㄲ昳挷搳摤ㄳ㡢㉢㔲〶㝣戵昴愴㔳㤵扥㡥㡥〳昶㤴敦㌷散㔵㙥㥥㙥ㅦ挱㔲慢㠶ㅦㄴ散ㄹ㔹慦敢㜶㍣㙡挹㥥挷摥搵㡤昵㐱㝢㔱㍡扥ㄵ㔸㙢㔶戰㕥戴㤷㌰㔰㙤挸㍥敤换㔳㠶㜳㑥㥥㌴㙣㔹戰㡦㌶慣㕡㍥㑣戹扥摢攲㈱㤲ㄳ㔳换㥦㤸昲敤㤹ㄵ挳㔳㌳昲戹㌱ㄹ㙤㡦㜸搵㜴摢㕢扡㡦换愹慢㌷㜰捣㕢扢户㐳捤ㄹ挳㙢戶ㅣ敦摥㌲㕡㝣㝡〶㜷㜴㙦㥦搸愳㜴㥦㌷㜵敦愳戶㌲摤㕡っ㐴昴慤㜶ㄴ㡢搱㡢〴晤〴㈵〲㈲㔰㉦ㄳっ㄰っ〲㠸晣㍦挰㈵挹㡥慣搲㉡㠶㔶㔹搶㉡㔵慤㔲搳㉡㔲慢㤸㕡攵㥣㔶㔹搱㉡㤶㔶㜹㔰慢㥣㐷㥢㌸㤵晡晢戵㈸㝤昳㤳搶敦㥥㌹㜵摤㠹ㅦ扦昸ㄷ晤搷摦晤敤愵挱㕤㘸㜴㝦㌴愹㔹捦戸〰㔲㙢㔱昱㠱㠹晤晣户㌹㔷㠰㈹捣㠳收摤收攴㘴敤攰㝥攳㑥愳挰㘵㘵㈰㍦㐵㈸㈳㘸㍢㘸㍥㘰㌹㌵昷㠲挲摤昵搳㠶㉦㕢ㅢ㌷ㅥ搵㑤扢つ愷收㕦户㜱攵㘲㘰〴昲摡昶扡搶㈰ㅤ摤ㄶ挱㔶搲㔷敦扢愱扤摢ㄹ愳摥㤰㔳ㄷ慤戰晡㜵㙤搵昶㠲攷㉥㜷慦㍤攲挹㠷㥡戵ㅤ㌳㥡㠲㔰㕢㔳㘳㜷慣㌲慣ち攷㌵㌶戳攲晡搲㔱搳ㅢ户ㄷ慣敡㜹改㉤㑡㡡㐴㔹㔳㑢扤㤲㔵ㄱ搷㡦捦㍢㔸㈸戸戵㜶㜳戲搴扣昷㘲〰㘶㤶㌵捣㜷㔵㝡挱晡㤲戱㕣㤷㔷愵㥡㠴敦㐴挵摥㔴昱ㄱ户摡昰㘷㕣㈷昰摣㝡扡㘶慡戶㘶㐰搲搴㑥戸㌵㤹捦攷㤴㔰㠰挰敤敢ㄳ㈲㜷㝢㜷㕥㔰㠸㐸愰㤸㡣㝣㑤㥡散㈶㑥㘱㜵㔸㐵㕤㤲㈶戵搷㙦㌲ㄸ攷慢㘴㑣〶〷㈶搶㐴晤挱㤷扥㜱㤳㘱㥢㤸㝢㜵ㅢ㙢摡㘸戴晡㝢搷愴ㄳㅣ㌳㥣㕡㕤㝡㤹摡㑦㜰㐶晡㌰㐰攱㌲〴㐲搷摤愳慡ㄳㄷ挵㝡攱㠲㔵ぢ㔶㡡㉢搲㍡户ㄲ愰っㅡ戲㔴攲搶㜶㈴晤ちㄴ改扢〹㐶〱捡攵㕣㜱てㅢㄵ换㐸戹〲愵㔳〶㉦愷〴㌹晢愵㜸㜹搰㍣㘲搵〳ㄹち攵㘱ㄳㄸ〹戵㥡㐲摦㄰㐹搴㌳慡愱挲搸㘳捥㠰㑡つ换〹搶㕢㝣摢挱㈵㈱ㄱ敤挸㠲㙤㈷ぢ㈸ち搲昲㈰㠳搷㐰㌴㙤搲㈰扢㜱㠲㠸挸〶ㄹ㥡ㅤ㈳愷㠹㡣敤㌳㘴〴摡㈷㠹㤰慤昷㜷㤷ㄱ㈴昶㑥㈲㘵愷慥晣戸㈳捤㌶戲攵㐳㘹㜶㈵㌶㑥扦㡡攰㙡㠲㙢〸昶〲㠸㍦㐳挲㔱捡㈱㥦㑥晡㜵㜸搶慦㈷㜸ㅤ〰攴㤳㑥㤹ㄳ㠹㉡摡㔰㕢戱㈳搹㙥〸㜶戲㌲㡡㐳㔱㐴换戸㘹㘷づ搹ち搱㤱搵戹㍤㜴㙤㕥改搸㌷㜴愷捤攴㜲㐸㤱ㄹ㑤㤳㙢摤愴㘹㜲㈳搸戴㐷扤㜵㈳扡敡㘳〴㌷〱㤴昵㥢〹愱㕣㘸昰㙥捤愲愷㐹昹㥡㌰㡢㐲㘳愸㐷〵ㅦㄱ㌲㡦〰ㄹ㐲慥攳昸戲㘳㐳搳ㅣㅣ㌷㕦昳㌶昴扥敥晣ㅤ㈱扤㑤㙦敥攸ㅤ晡㡢㕥愲ㄵ㝤ぢ搸㑢晣愱慢㡥戹ㄵ搵晡ㅢ〸㙥〳㘸搳㌱㍣㝤扦㔴㑦㠱㌲㡢敤〴收㜶搳敢愲慣摣愵昵㔵愹㌴搰愰戹㘴㜸攷㘴〰て挶昱㔹搸挲慥攷挹㍡づ戵㌵㔵挰昳换搵改㐲晦㠸攷摡㉣摦戱㤱晤搷㠴㘲挸攷戵扥㕣㥢㡤㥣㘱㙢㈶㝣㑥〹捡愱づ扥戳扢㤰㐸㜴㑡㤳ㄷ晢㘵㥦㉦㜷㈴㐹て㤲攴㑤搸㔶晤㜶〰㐸〹昱摢慥ㄲ㘵ㅦ㥢扤㔹㌵㑢㕢慣昴昰㘵㥣㑥摡㝣㠸ㅤ㜲㘴㈰㜴搸㑥挳㝦攰て搹㡢㤶摤ㄴㄶ〳昶㠲昴慡昰㉤㔸㜵㔹づ摤戲ㄴ㌵㍢戲攲㌵㈲㉢晡晡㍡捥搳ㄹ晥㌵㐵㈷㙤㔲㈲㤳摢㌳㉢㌳捥攲㉤愲愲ㅢ㤲㐲㈵挳㌵搴㤴㐰愴㍣戶摤ㄱ㌱㍤㠸㤸㍢戰㜱晡㝥㠲㐹㠲〳〰㠵㕦㐲搲㙣㜵攳ㄹづ敢㕦愳㑢扢㔲挹㤵㠸〶攵㈲扣搴㔵㔸ㅤ攴㙢摥㐲㜰㌷㐰㥢昹㐳〷㘴〶㈱㉡㤴㈷〸㔱㠵㌱捣㌳㤶扣㐰ㅡ搸㘵㈲戰㌴搳昰〳搷㘶㘴㘹挸㥣㜵㑦扡挱慣攵慦㈲ㄲ㌵㙡㐶㤹〷㔶愴〳敡昲㘰晢戴㤵戹慢慢戲愶㥢㡢㙥〳愲敤昸散㜶㌸㤸㘳㍢㘰㑢慡戳戹㈶㤰㝡㍢ㅦ㘳〸㠱㥤㔶晥㔶㝡㘳户攴晤收愱㙦戸戵愳㑢㔶㔰㤷〳㘶挸㜴捣㤷㑣散㈲㈲〷戵㝥㜳㘹挵㤳㜲㜶挸㍣敡㔹戵扡攵㐸㈲〳㌶㈶㠳㜵㜳昲ㅣ愲〴ぢ㉥㘳㠰慥㌳㘴㉥㜹㠶攳慦ㅡっ㈸慥敦㑥㍤愹戰㐸挱㥣戶ㅣㅦ慦㔱㔸㘴㝥搸㕣㕣㜱㉦㈰㘲摢戰㥤愳挶慡扦㉤戰㐲愲て㤳㐲㡤搰㠴愶㠹㤲㔶敡ㄵ㍦㍣㤰攷㜲攴扤㍣㠱挲㔵慥㐰㥦㜹㠶昶愶㕤ㅦ挵㘸㘸愷㜳㑥㠳㠸ㅥ㌵ぢ晢㌲愵㌰㌹㔵扦㠷㝤摥〶㜰摦搱搳挷㕢㤱戹㤷ㄵ戳㉥搰换㥦㈱攳ㄵ㔹㌴〳㈱昴搱敤ち㐹㠵㘵愴ㅣ㜰㈰㌰捥愷㜶昲㉢㥢慡つ愹㙦㔷㉢㝢〴㤱愴㐱㜳捥㔸㤶㜵挴愳㙤㈳搸ㄵ㍥搰㡣戵㡤扡ㅦ搵捤戸戶㙤㤰戴㐸㤶㡢㔵㠳ㄴ㍣搵〸摣ㄳ㤶愳㥢〰㡡晥愲㈲攳㈲㡡㡣㡢慡㘸搰㍣挵搰愰捡㜳㉣昷㥣攱㔹挱㡡㙤㔵㑢㝣㘰昸㙥㕢搰㈴㤸㥣㤲㌷㑥戱捣ㄸ㙢戳收㑦挳㘴昳㈷㠰敥〹挸㔱㙥ㅤ搱て捡搵㐴ㄱ晦㐴㡦㡥㈵〸ㄸ攵㈹搵摦㠱搱ち敡㜶〴㐴㡥㑡㤷攳㍢ㄸ㤷ㅦ㐵㐹㈸㠴㠸昵っㄲ㠱㔷㌰㈱攴改攲㉥㥡愷ㅤ㉢〰昶㠸戱㈳㔶㌰敢〳攵〰挸慡攳敤戵ち慢㠹㑥攳㑤慤㜰㘳㘷㔵㑡㑤摣搰㔹㥦搴ㅢ慦摦愰㍡搴㈸〹㐵戲㔹㈳愵㔹㌶㤸攳㜶㔲㌵㐲㈹敥㔸摢㠸㉣户㘹㙢摦㈹㐵㕥㠶㘲㔲㌴㤳搳摦愹〸〵㠱摥㐸㐷搱㘷㥦㑤ㅥ㠹㠸つ㙤㠰㌲昵㔴㔸㌶ㄴ㠵〴㡦攳摡㐹㑤㤶愳㈷昰昷慥㈸㍢摦〸㔲㌵挶挵搱愸㘶慡㕥㥦㜷㘰㈵㔴つ慦戶㑤㔸ㅡ㙢ぢ㌵㡣攲捥㕥戵㝦戸扤〹㐶㡣搸㤰㘱㤱っ㍦㌰搸㄰捣㤵㠸愸搲㍡ㅢ攲㔶㌷㡢㑢㝣㍡㈱つ㐷㘱㘰㌱愸捤捡㌵㘵㠶戵㉣昹㔱搵愱㜹㕡㔴㜲㔴㌷愷㤶㝤愸昴㠰㜲㍣捡㈹〶搷捤㔳㜴㑢攱ㄲ〳挴㙥㤴㕢愸〶〸敤㌶〷攰挹㘰晢㘰〷㍢ㄲ㠶㑥㘸㥤㔱㠲ㄶ㌳〸㌷扤〸昲㑥㡦ㄸ㠵㈰㌵㔵晡晢㘱昱昹㘷㤹扥㝥㌸ㄷ㘷㈲㈶㘲戸㉢挳㝡〰㜲㤳㤱㐹㜲搱㘸ㅣ㌰て㈵㥢ㄲ㕡㠳㜱ㄹ㑤㡣㈱㥡㝣㕥㠰㕢㍣㡣㘵つ㤳㙤敡戸攷ㄶ㔸搰愶昵昵㕤收㜱愷㕡㙦搴愴㔲挵戱慣㔶ㅡ㜹㕢攰㑢㕤〱っ戹㈹㘳㕦愲㑤㌹㡥愳ㄴ㤷㑣㈴昵㙥㜷敢㠷搱㕤〹㌹㡣ㄱ慡㍥〶㈰㌳摣㜲㉡㈰搶㜱㑦㠱昶攱敥搶〵〶㜵㜹づ㈲慤愳㠸戲㙣づ昷昱㥡㔱㘴挵㙤㠹㘶㜳敥㥣㑢㥢㍤㔱㜴捣ち㡢戶〵㡥戰捥㔰攰ㄵ㡢㌰㐶㝡攴づづ㤲扢ㅣ㐵㜷㉦㍦慡ㅥ㜳㤷㠱ち㠵〱挱ㄸ㉦㑦㐱㌹散㉡ㄸ㠹〶户搶戲扡〵愳扦戴扣昵㈹〰挱㌰㌰つ㕡戴っつ㥣ㄹ攴㌷㌷㜰㙥㐴慢㡣〸㘹㌲㤸捡ㄸ攵㈸ㅣ昶㐰ㅡ戸㠹〷改㈵ㄷ㑡㈸搸愳㉥㠶挵㜷ㄳ挷㙤ㅣ㠱㕣敦慡戶挲〵㈳挰昵ㄷ㘷㙦㕢昱㔴慤㐶㜳ㄷ晥戹㙤㠱㔵㕣摤〸捤搱㍤㙤㤷戲搴㥡㘸摦摤搲㔶ㄱ㕤ㄶ㍣㌰㍢㜱捣〸慡㉢㡢挱㝡㜸㜱慢㔷㤲㈸晣〸晥㠸つ摦㑥㥢㌹敦昰㈲敡ㅡ昷扥㝣摥㜱㉦㌸㙡㕥〵㥦户晥㐰㈱戸㐲搹捦㐹㤶㜳晦挶㍦㤵戴㕣攱㠷ㄸ㜱㉢搳收〰㉤〷〹挷㔱㈹㤴〶㘳挸㘷搰〹㙣昷收慤〱搲挹㥥㌶㍡㔱㠲㘰㠷㔰㥣㜳慦ㄸ愱㠸ㅦ〰慤㈴㤶昰㐸㡥㍤晦ㅡ㔸㕦㝣ㅦ㈵㐴㌸㥥㈳㌱㔲戸〹戹っ搴㈹㐱ㅥ㕤昱攰㠵㤰晦ㅦ㉣挵摣扣㈱㍢晤ㄷ㤸㔹㝣慦ㅤ㐵㌷㄰㐵摦敤㐰㤱攰㌵㄰挵扦昷㈱ㄳ愷〲挳戳㉦㈹㄰捥㌵敤ㅣ㐰㕦昵ぢ扦晦挳〳攸㕣㐴ㅣ捡㐶㐳愸敤㔶㍣㌷㑤㠴扥づㄳ㠱挱㝢㘵㈲㥣㐰㐶㌰㡡ㅦ㥡〸㤱て㘴ㅥ〵㥢㥢〸㡣敤㘵ㄸ㠲㠹㔰㙢挲慤挱ㄳ搸㔵㌶晤㘳挷㜰昱㔶晡㠸攷㐳㘹昹㌳昰㐸㕤摤㔹扣㘰㜸㠶扤㔷㤵ㅦ昵㈴㤴㤹户㠴㥢摣慡ぢ㝢㕣扢㘱㡤敡戴㠱慦㈲昶戲敦昸㔳戶㜶㝦ㅤ㤸ち㔳攸扥ㄷ㈵㔱㝣ㄹ㥥ㄲ挱㜳㐳敥㠳㝢扥㜱昴㡦て㍦㝥㤸户搵㈲㕡㉤摣㡥㝣㉦㈱㝢摡ㄳ〸敡㈶㉥㡡㕣挹て㜳㑥攰ㄳ㈵㙢戵㉥愷つ㑦㔹㐱扥㙥挷搹㤰昰ㄲ㠴ㄹㄲ摦㜶㌰㌱㜱敦㈱㌴㌱㈷摡摣㥤敡挳㈶攵㈲㥣㐸㑣㕣昹昴攲戰愱攸慡挸㝡戴㌶ぢ摦㠲㉡㝡㠹ㄳ㐹㕢㠹㍣㜵㌲〹昱捤㜶㕤㜷㤰扡㉥㍣挸㌰散ㅦ㑢㈹挴ㅦ㐸㈱挹㠳っ㉦〴㈸㈹㜵ち㤹挲ㅤ〰ㄹ㤱戵昶㄰㉦晤〱㍢㐲㐰㌶㉦晤昵昸ㄱぢ㜶ㄱ㔸㡣㝤昱扤㥥㘸㘹㡢挶慡㠹愱㕡㘵搳㉣㈲愳づ㉦㉣㤸㡣㑢㔳㤶捥〱㤴㙥搹ㅤ挵㤷っ搹㘱攰㉤㘴散㠲㑤㕦㕢搹扥搷㘹攰收〷昴㑣㔱㈹っ㘷㌷㡢㜱㈰㔵㌱扡戰㘹㌹㉣㈲ㅣづ戳捤㑥〳㔱ㄵ㜴㤶戳ㄷ愷㔲〴晦昸愵㄰敢挷㕢㐳㕦搹㕥㐳ㅤ攷昴㘳㠱晣挱晥扡㈱㠳戱昱㔶㜲っ㈴散㤶㕡㤵挲敢攱愷搱㠵㡢捥〹扤㤵㔵捦攲㈰晥挴㥣搵愷㜵攸㝦㐶慦ㄵ㘷㥤㘱㙦㠶戱㔳晡晦㍤㈸搸㔴晦ぢ挶摥ㄴ㈲摦ㅢ㘵昸㔰㘰晣㘴搳㤰つ㜷〴㥥㙤〴㙦搴挱㔸㔷㔹㠶扣挳摣㈲㍥㕥つ慢㤵〴㠷摦㉢摦㝥㌵愲搹㤷戶敤㐰㔷〱挸搸㔰攱㙢㄰㐱㕤晢愷攵㔶㝣扡㉤扥てㅤ昷㥣戰慡㥥敢扢㘶㌰戶㠸愰敦ㄸ扦㍤㌳㘱昳㑣㠹慦戶ぢ戵㕢戰ㄳ㠳ㅦ㐰㥦㤳昳㄰搸㈷㘵昰㑡挵㈲ㄹ㔹搸㕡㈴㠳摦㈱㡤㈴挲㑢搴づ晥ㄵ收晤つ愳㡥㑦㔷攷攱敢っ㔸戴㉤㤴㕤攸㜱㙥扦愱挱慤挳ㅤ慤㜷挳ㅦ㈴敢ㄳ〸㡥愹㈵扣敦〳摣搷昶㍤㐸户㡤搶收戳㘵㙦㍥户㜲攱㜹攰㜴㙢㙦㐹㤳っ摦挹㉦㤲换㝡㠵㄰㤷昶て攳敦搶ㅤ戴ㅣ㙤ㄴ㜴ㅥ㝤搰㑤㐷搸㜸ㅤ敥戳㉤㐴扦捦愲慢㤸㈲挰㑦㌷愲っㅦ〴扤㝣㘴㐵昱㈵㉣㡢っ㠰㝣慥㔸〵攸㑥搵捦㙤㐴搵㈳戱㐰ㄶ㍣㘳㤰ㅣ换攲ぢ㘸挸敤ち㤷つ㤶攰戲㠵㍡㑢㈰慦挷㍤㤰捦〹㥥㈵搴㐴㍥㠷づ捤㠹㔸㈸敤㍥㤱捦㙥㌴ㄱ㐱㉢㐰㉤㌴㌹晥㐸慣㐵昴㍡慡㜵㥢挰㈱㜰〱㠶㈹ㄶ㈹㙢㡡㘱㘸攱晢挴っ搲慦愲扦㉦ㅣ晥攵㈵愶扦ㅤㄶ㑡㄰愲㉡㍤㜹ち㐲㌵昹愷㤲㤳昷㔰摡㝤昲㑦㙥㌴昹ㄱ捡㐸捥㐴て〰㠶晡㐴〵㝦搴㘲ㅡ挸㜰ㅦ昹ㄳ㘷〹昰㑢捤㘲挴㐰㠹敡㝢〱ㄹ昴攵㠶慢㔶ㄷ㤱㠹晢ㄶ戸晥㡣㡦㝢㤴㝤挴㡢㤰昴攵ㄴ㐳㘷㙣㌱搴㡡㈵㍢昲挲㙥ぢ搹㠰㈵昱㙢搹慥㈲扤搸㘳㠴㕦㝣㌴㐶捣戱㘳昱㤷㔳㕡ㄴ㜳〲㘱㠴ㄶ㈹改㠷ㅢ㈹㍥ㄲ㌷晥昶㜷㕡㉥㔳㔴㈰㠱㝡挲挶愴㌳搵昸㠹戸昱〱㝣㤵愵摡攴㜸㠳㠰改㠵戸㌱改㔱㌵㝥㍣㙥晣搷〳㝢㥢㡤㘳㍡っ㐷㉥㤰㐸㌲㙣㕤㘵晤㈷扥搰ㅥ㐶昳㠲㐹晤㌹㘰㠶挵㤴㥣㉡㜴㕣㔷ㅡ㜴㄰㤷㐱㍣㝣㈳㍤㠷扢㑤戸〲〲㈱ㅢ晥慦ㄲ㡥攳捥搳慣ㄱㄸ昸〴㝡つ挱㘶㑦㔷㑦散㕣㌴攷㍤ㄴ昴㥢挷㝤㥣愹㙡摢㡡㐴㘰づ攴挳晤摤挴㈹㥦㘱㍡戶昶㈳づ㤲㘹扣㐳搲㥢昲㔰㠱㤵扣昸㔰㡣搹摣㘳㉤㥡搱ㅦ〵㜲㈰ㅤ〱㤹搱ㅦ〳っ〳㌱扣慤㥣ㅢ㈱晦㉢收晥㄰㉢㍥㑣昰㌸㐰㔹㤰搹㐹〷挵㈷〰㠶攳晦㔱挵搸㥡昲㤷㘸攲攱昸㘵㐹㌲搲㍦捡づㅦ〳攸㠳晢㔶㐴㐴㔸搶㍦㡥㤲攴㑢㈹㌸搴㑢㍦挱㡡㑦ㄲ㍣〹㔰㉥㜰戲㕢摥㌵慥愹㐷捤昵㈹㜴ㄵ㡦ㄱ攰愷㍦ㄵ㘵昸㔰攰㍥扣扤扢慤捣愳㜰晣㘱㍦㐲㥤愹㉦昸敦挵ㄷ昹敢㕣㜴ㅦ晥㠷㈴〵㘵搸攷戵户昵㌶ㄶ㤹㠰㌶戹晡慤㘲戳㕦挶㌸㕣㔷㉢㠲挲ㄱ愹㔴㑡㕡㔱㄰摦㕣戰㜰昱〶扥攵㤰慡㄰㠲㌴愰㉡㥣愸攲㌰ち昴㑦戳㈹㜱㑣㍣改㥦攱ㄳ㔱慢㌶昱㤹㈸挳〷㐱扣慡敥て㐶摤攳ㄷㄲ搷慡挲㙡㝢㈱昱慦㉡㔶㤲㉦㝣㤶㠳㈹㘴㈱㤳搶㑡㐴㥡愲愱㉦㈰㌳搴㌷捣戹㍤㠰㥦㜶㔱㔴捦搶捥㥥晤攷㜰㝥散摡晣㝢摥㌵昸散ぢ扦㜸昱改摦扣晦搰㕦晥昵摣㜳扦昹搳搳㤷晥昵愳攵㐳㍦㝢晥昹㥦摥昷攵㑢㉦敥㌶扦愲㝤攷㥦㜳㕦㜹㘴昲晣㈳て㤹愷㙦㍦晡挸㝢ㅦ扣㝦㜲攱㡡昱扥扥晥晥摢㐶㝦㝥捤ㅢ㐷ㅥ㝢攸㝢攲㈷扦扦摡ㄱ㙡戹㜸㐱㝡ㅡ㕣戶㥡挶ㄷ㤱挱㌴㌸攳㔷㜵ㅡ㕣慥摡愸攵㘸愳愶㔱㔰㠲㑦㠳ㄳ㔰ㄵ㐶扡㘲攰㍦㥡〹戴搰
A31: Decisioneering:7.0.0.0 | D31: Decisioneering:7.0.0.0 | E31: Decisioneering:7.0.0.0 | F31: Decisioneering:7.0.0.0 | G31: Decisioneering:7.0.0.0

Sheet A12 TIẾNG VIỆT
A1: DỰ ÁN QUẢ ÓC CHÓ TASMANIA
A4: Vòng đời | B4: Năm | D4: CHI PHÍ ĐẦU TƯ
A5: Vòng đời dự án | B5: 20 | G5: Tài chính | I5: Kinh tế
A6: Thiết bị nông trại | B6: 13 | F6: Số lương | G6: Giá | H6: Chi phí | I6: Giá | J6: Chi phí
A7: Phương tiện | B7: 7 | F7: (Đơn vị) | G7: ($) | I7: ($)
A8: Xây dựng | B8: 20 | D8: Chi phí cố định | E8: 2013
D9: Thiết bị nông trại (đơn vị) | F9: 10 | G9: 250000 | H9: =F9*G9 -> 2500000 | I9: =G9/(1+B18) -> 227272.73 | J9: =I9*F9 -> 2272727.3 | K9: =IF(H9=J9,0,1) -> 1
A10: Công suất sản xuất (năm) | B10: Phần trăm | D10: Phương tiện (đơn vị) | F10: 8 | G10: 75000 | H10: =F10*G10 -> 600000 | I10: =G10/(1+B20) -> 60000 | J10: =I10*F10 -> 480000 | K10: =IF(H10=J10,0,1) -> 1
A11: 2014 | B11: 0.25 | D11: Xây dựng (m2) | F11: 625 | G11: 2500 | H11: =F11*G11 -> 1562500 | I11: =G11 -> 2500 | J11: =I11*F11 -> 1562500 | K11: =IF(H11=J11,0,1) -> 0
A12: =A11+1 -> 2015 | B12: 0.5 | D12: TỔNG | H12: =SUM(H9:H11) -> 4662500 | J12: =SUM(J9:J11) -> 4315227.3
A13: =A12+1 -> 2016 | B13: 0.75
A14: 2017+ | B14: 1 | D14: Vốn lưu động | E14: 2014
D15: Dự trữ phân bón (tấn) | F15: 5 | G15: 1250 | H15: =F15*G15 -> 6250 | I15: =L30 -> 1785.7143 | J15: =I15*F15 -> 8928.5714 | K15: =IF(H15=J15,0,1) -> 1
A16: Thuế | B16: Phần trăm | D16: Dự trữ thuốc trừ sâu (lít) | F16: 6250 | G16: 75 | H16: =F16*G16 -> 468750 | I16: =L31 -> 85.227273 | J16: =I16*F16 -> 532670.45 | K16: =IF(H16=J16,0,1) -> 1
A17: Thuế TNDN | B17: 0.3 | D17: Phụ tùng (đơn vị) | F17: 25 | G17: 2500 | H17: =F17*G17 -> 62500 | I17: =G17/(1+B19) -> 2272.7273 | J17: =I17*F17 -> 56818.182 | K17: =IF(H17=J17,0,1) -> 1
A18: Thuế nhập khẩu-thiết bị nông trại | B18: 0.1 | D18: Dự trữ nhiên liệu (lít) | F18: 1250 | G18: 1.75 | H18: =F18*G18 -> 2187.5 | I18: =L28 -> 1.5909091 | J18: =I18*F18 -> 1988.6364 | K18: =IF(H18=J18,0,1) -> 1
A19: Thuế nhập khẩu- phụ tùng | B19: 0.1 | D19: TỔNG | H19: =SUM(H15:H18) -> 539687.5 | J19: =SUM(J15:J18) -> 600405.84 | K19: =IF(H19=J19,0,1) -> 1
A20: Thuế nhập khẩu - phương tiện | B20: 0.25
A21: Thuế nhập khẩu- óc chó | B21: 0.1 | D21: Giá trị thanh lý | F21: 0.1 | H21: =F21*H12 -> 466250 | J21: =F21*J12 -> 431522.73
D22: Phục hồi đất | E22: 2033 | H22: 125000 | J22: =-PMT(G55,20,,H22) -> 4197.7188
D24: CHI PHÍ VẬN HÀNH
A25: Khác | B25: Đơn vị, $ | G25: Tài chính | L25: Kinh tế
A26: Hệ số chuyển đổi | B26: 1000 | E26: Năm | F26: Đơn vị | G26: Giá ($) | H26: Chi phí | K26: % | L26: Giá ($) | M26: Chi phí
A27: Tỷ lệ lạm phát | B27: 0.025 | D27: Thuê đất (Ha) | F27: 250 | G27: 75 | H27: =F27*G27 -> 18750 | I27: Chi phí đất đai | K27: 0.6 | L27: =G27*K27 -> 45 | M27: =L27*F27 -> 11250 | N27: =IF(H27=M27,0,1) -> 1
A28: re (thực) | B28: 0.1 | D28: Nhiên liệu (lít) | F28: 6250 | G28: 1.75 | H28: =F28*G28 -> 10937.5 | I28: Thuế nhiên liệu | K28: 0.1 | L28: =G28/(1+K28) -> 1.5909091 | M28: =L28*F28 -> 9943.1818 | N28: =IF(H28=M28,0,1) -> 1
A29: Suất chiết khấu thị trường (dn) | B29: 0.05 | D29: Hạt giống (Kg) | F29: 625 | G29: 50 | H29: =F29*G29 -> 31250 | I29: Trợ cấp hạt giống | K29: 0.25 | L29: =G29/(1-K29) -> 66.666667 | M29: =L29*F29 -> 41666.667 | N29: =IF(H29=M29,0,1) -> 1
D30: Phân bón (tấn) | F30: 7.5 | G30: 1250 | H30: =F30*G30 -> 9375 | I30: Trợ cấp phân bón | K30: 0.3 | L30: =G30/(1-K30) -> 1785.7143 | M30: =L30*F30 -> 13392.857 | N30: =IF(H30=M30,0,1) -> 1
D31: Thuốc diệt côn trùng (lít) | F31: 7500 | G31: 75 | H31: =F31*G31 -> 562500 | I31: Trợ cấp thuốc diệt côn trùng | K31: 0.12 | L31: =G31/(1-K31) -> 85.227273 | M31: =L31*F31 -> 639204.55 | N31: =IF(H31=M31,0,1) -> 1
A32: Chi phí môi trường | D32: Nước (ML) | F32: 2250 | G32: 50 | H32: =F32*G32 -> 112500 | I32: Trợ cấp nước | K32: 0.15 | L32: =G32/(1-K32) -> 58.823529 | M32: =L32*F32 -> 132352.94 | N32: =IF(H32=M32,0,1) -> 1
A33: Vùng đệm (Ha) | B33: 0 | D33: Phụ tùng | F33: 30 | G33: 2500 | H33: =F33*G33 -> 75000 | I33: Thuế phụ tùng | K33: =B19 -> 0.1 | L33: =G33/(1+K33) -> 2272.7273 | M33: =L33*F33 -> 68181.818 | N33: =IF(H33=M33,0,1) -> 1
A34: Ảnh hưởng dân cư hạ lưu | B34: =250000-5000000*B33 -> 250000 | D34: Lao động phổ thông (ngày) | F34: 250 | G34: 150 | H34: =F34*G34 -> 37500 | I34: Chi phí lao động | K34: 0.6 | L34: =G34*K34 -> 90 | M34: =L34*F34 -> 22500 | N34: =IF(H34=M34,0,1) -> 1
A35: Giảm độ mặn | B35: =12500-250000*B33 -> 12500 | D35: Hành chính (Administration) | F35: 30 | G35: 2500 | H35: =F35*G35 -> 75000 | I35: Hành chính (Administration) | L35: =G35 -> 2500 | M35: =H35 -> 75000 | N35: =IF(H35=M35,0,1) -> 0
A36: Lợi ích-chi phí | B36: =B35-B34 -> -237500 | D36: Bảo hiềm (p.a.) | F36: 2.5 | G36: 20663 | H36: =F36*G36 -> 51657.5 | I36: Bảo hiểm (p.a.) | L36: =G36 -> 20663 | M36: =H36 -> 51657.5 | N36: =IF(H36=M36,0,1) -> 0
D37: Quản lý | F37: 30 | G37: 7500 | H37: =F37*G37 -> 225000 | I37: Quản lý | L37: =G37 -> 7500 | M37: =L37*F37 -> 225000 | N37: =IF(H37=M37,0,1) -> 0
D38: Khác | F38: 2.5 | G38: 19250 | H38: =F38*G38 -> 48125 | I38: Khác | L38: =G38 -> 19250 | M38: =L38*F38 -> 48125 | N38: =IF(H38=M38,0,1) -> 0
D39: TỔNG (giá thị trường) | E39: 2013 | H39: =SUM(H27:H38) -> 1257595 | I39: TỔNG (giá ẩn) | M39: =SUM(M27:M38) -> 1338274.5
D41: DOANH THU
G42: Tài chính | I42: Kinh tế
E43: Năm | F43: Số lượng (đơn vị) | G43: Giá | H43: Doanh thu | I43: Giá | J43: Doanh thu
D44: Óc chó | F44: =250*(1-B33) -> 250 | G44: 8750 | H44: =F44*G44 -> 2187500 | I44: =G44/(1+B21) -> 7954.5455 | J44: =F44*I44 -> 1988636.4 | K44: =IF(H44=J44,0,1) -> 1
D45: Gỗ | E45: 2033 | F45: =250*(1-B33) -> 250 | G45: 2500 | H45: =F45*G45 -> 625000 | I45: =G45 -> 2500 | J45: =F45*I45 -> 625000 | K45: =IF(H45=J45,0,1) -> 0
D47: Lịch khấu hao | E47: Chi phí ($) | F47: Vòng đời (năm) | G47: $/pa | H47: Năm 1-7 | I47: Năm 8-13 | J47: Năm 14-20
D48: Thiết bị | E48: =H9 -> 2500000 | F48: =B6 -> 13 | G48: =E48/F48 -> 192307.69 | H48: =G48 -> 192307.69 | I48: =H48 -> 192307.69
D49: Phương tiện | E49: =H10 -> 600000 | F49: =B7 -> 7 | G49: =E49/F49 -> 85714.286 | H49: =G49 -> 85714.286
D50: Xây dựng | E50: =H11 -> 1562500 | F50: =B8 -> 20 | G50: =E50/F50 -> 78125 | H50: =G50 -> 78125 | I50: =G50 -> 78125 | J50: =G50 -> 78125
D51: Tổng khấu hao | G51: =SUM(G48:G50) -> 356146.98 | H51: =SUM(H48:H50) -> 356146.98 | I51: =SUM(I48:I50) -> 270432.69 | J51: =SUM(J48:J50) -> 78125
D53: TÀI TRỢ
E54: Năm | F54: Số lượng ($) | G54: Lãi suất (p/a) (dn) | H54: Số kỳ (năm)
D55: Vay | E55: 2013 | F55: 1500000 | G55: 0.04 | H55: 15
D56: Thấu chi | E56: 2014 | F56: 102500 | G56: 0.08 | H56: 6
