Workbook

Sheet Trả lời của sinh viên
B2: HỌC PHẦN: THỰC HÀNH THẨM ĐỊNH DỰ ÁN HỌ VÀ TÊN: NGÀNH: KINH TẾ ĐẦU TƯ - K45 (KHOA KINH TẾ, UEH) | E2: Yêu cầu: Hãy hoàn thành các ô bị bỏ trống (được tô màu VÀNG) ở hai bảng tính của Phương án 1 và Phương án 2 bằng cách sử dụng công thức thích hợp liên kết với bảng Thông số đã cho sẵn. Có thể thực hiện phân tích độ nhạy với các thông số như lạm phát, tỷ lệ người sử dụng chuyển sang sử dụng đường cao tốc, ... cho việc phân tích của bạn. Ngoài ra, bạn cũng có thể "Copy or Move" một phương án để tạo thêm một phương án mới (ví dụ: Cho EPV thu phí kéo dài thêm 5 năm, ...). Cho biết nên chọn phương án nào? Tại sao? (Lưu ý: Không được Insert/Delete bất cứ dòng hoặc cột nào trong các bảng tính cho sẵn; Có thể sử dụng đồ thị, lập bảng so sánh, ... để hỗ trợ việc phân tích của bạn. Phần trả lời của bạn PHẢI được thực hiện ở bảng tính này).

Sheet Thông số
B2: CASE 9: HIGHWAY PROJECT
B4: HAI PHƯƠNG ÁN
B5: PHƯƠNG ÁN 1: CHỦ ĐẦU TƯ BÀN GIAO DỰ ÁN CHO GOJ KHÔNG TỐN PHÍ, VÀ GOJ TIẾP TỤC THU PHÍ SAU NĂM 2033 => TRẠM THU PHÍ CHƯA THANH LÝ VÀO NĂM 2033, VÀ SẼ THANH LÝ VÀO NĂM 2058 (NĂM 45).
B6: PHƯƠNG ÁN 2: CHỦ ĐẦU TƯ BÀN GIAO DỰ ÁN CHO GOJ KHÔNG TỐN PHÍ, VÀ GOJ SẼ KHÔNG THU PHÍ SAU NĂM 2033 => TRẠM THU PHÍ ĐƯỢC THANH LÝ VÀO NĂM 2033 (NĂM 20); CÓ NHIỀU LỢI ÍCH TĂNG THÊM (NHƯNG KHÔNG CÒN DOANH THU TỪ TRẠM THU PHÍ).
B8: THÔNG TIN CHUNG | D8: CƠ CẤU VỐN | E8: Chi phí vốn (thực) | F8: Triệu US$ | G8: Triệu J$ | H8: Tỷ trọng | I8: Chi phí vốn (danh nghĩa)
B9: Tỷ giá hối đoái J$/US$ | C9: 80 | D9: Vay nước ngoài (Triệu US$) | E9: 0.03 | F9: 200 | G9: =F9*F24 -> 18992.876 | H9: =G9/G12 -> 0.21892995 | I9: =E9+$C$11+E9*$C$11 -> 0.0506
B10: Tỷ lệ lạm phát, J$ (%/năm) | C10: 0.08 | D10: Vay trong nước (Triệu US$) | E10: 0.045 | F10: 600 | G10: =F10*F24 -> 56978.628 | H10: =G10/G12 -> 0.65678985 | I10: =E10+$C$11+E10*$C$11 -> 0.0659
B11: Tỷ lệ lạm phát, US$ (%/năm) | C11: 0.02 | D11: Chủ đầu tư | E11: 0.12 | G11: =G12-G9-G10 -> 10781.707 | H11: =G11/G12 -> 0.1242802 | I11: =E11+$C$11+E11*$C$11 -> 0.1424
B12: Thuế bán hàng/VAT (%, nhập lượng trong nước) | C12: 0.1 | D12: Tổng | G12: =I42+I70 -> 86753.211 | H12: WACC | I12: =SUMPRODUCT(H9:H11,I9:I11) -> 0.072057807
B13: Thuế nhập khẩu (%/CIF) | C13: 0.05
D14: Mức tăng lưu lượng xe lưu thông trên các tuyến đường/năm | F14: 0.04 | G14: (từ năm 2018)
B15: Tuyến đường (Xem Hình minh họa) | C15: Tổng dự báo (xe/ngày) | D15: Trong đó: | E15: Tỷ lệ | F15: 2017-2018 | G15: 2019 trở đi | H15: Giá ẩn lao động không kỹ năng | I15: 0.2
B16: Queens Town - Williamsburg | C16: 10000 | D16: Lưu lượng xe sử dụng cao tốc | E16: 0.6 | F16: 0.36 | G16: 1 | H16: Giá ẩn của đất | I16: 0.5
B17: Williamsburg - Hope Bay | C17: 4000 | D17: Xe khách | E17: 0.6
B18: Williamsburg - Black Town | C18: 2000 | D18: Xe tải | E18: =1-E17 -> 0.4 | F18: Thuế thu nhập doanh nghiệp | G18: 0.25 | H18: Hệ số chuyển đổi | I18: 1000000
B20: Năm dự án | C20: 0 | D20: 1 | E20: 2 | F20: 3 | G20: 4 | H20: 5 | I20: 6
B21: 1) CHỈ SỐ GIÁ | C21: 2013 | D21: 2014 | E21: 2015 | F21: 2016 | G21: 2017 | H21: 2018 | I21: 2019
B22: Chỉ số lạm phát, J$ | C22: =(1+$C$10)^C20 -> 1 | D22: =(1+$C$10)^D20 -> 1.08 | E22: =(1+$C$10)^E20 -> 1.1664 | F22: =(1+$C$10)^F20 -> 1.259712 | G22: =(1+$C$10)^G20 -> 1.360489 | H22: =(1+$C$10)^H20 -> 1.4693281 | I22: =(1+$C$10)^I20 -> 1.5868743
B23: Chỉ số lạm phát, US$ | C23: =(1+$C$11)^C20 -> 1 | D23: =(1+$C$11)^D20 -> 1.02 | E23: =(1+$C$11)^E20 -> 1.0404 | F23: =(1+$C$11)^F20 -> 1.061208 | G23: =(1+$C$11)^G20 -> 1.0824322 | H23: =(1+$C$11)^H20 -> 1.1040808 | I23: =(1+$C$11)^I20 -> 1.1261624
B24: Tỷ giá hối đối danh nghĩa (J$/US$) | C24: =$C$9*C22/C23 -> 80 | D24: =$C$9*D22/D23 -> 84.705882 | E24: =$C$9*E22/E23 -> 89.688581 | F24: =$C$9*F22/F23 -> 94.96438 | G24: =$C$9*G22/G23 -> 100.55052 | H24: =$C$9*H22/H23 -> 106.46526 | I24: =$C$9*I22/I23 -> 112.72792
B26: 2) CHI PHÍ ĐẦU TƯ (GIÁ NĂM 2013) | C26: 2013 | D26: 2014 | E26: 2015 | F26: 2016 | G26: 2017 | H26: 2018 | I26: Tổng chi phí (Triệu J$)
B27: XÂY DỰNG ĐƯỜNG CAO TỐC/NĂM (TÀI CHÍNH, TRIỆU J$)
B28: Lao động
B29: Trong nước | C29: 640 | D29: 960 | E29: 960 | F29: 2000 | G29: 4000 | H29: 4800 | I29: =SUM(C29:H29) -> 13360
B30: Nước ngoài | C30: 640 | D30: 1120 | E30: 1120 | F30: 800 | G30: 2000 | H30: 800 | I30: =SUM(C30:H30) -> 6480
B31: Nguyên vật liệu
B32: Trong nước | C32: =C51*(1+$C$12) -> 480 | D32: =D51*(1+$C$12) -> 800 | E32: =E51*(1+$C$12) -> 800 | F32: =F51*(1+$C$12) -> 800 | G32: =G51*(1+$C$12) -> 800 | H32: =H51*(1+$C$12) -> 2400 | I32: =SUM(C32:H32) -> 6080
B33: Nhập khẩu | C33: =C52*(1+$C$13) -> 960 | D33: =D52*(1+$C$13) -> 2240 | E33: =E52*(1+$C$13) -> 2240 | F33: =F52*(1+$C$13) -> 3200 | G33: =G52*(1+$C$13) -> 4800 | H33: =H52*(1+$C$13) -> 2400 | I33: =SUM(C33:H33) -> 15840
B34: Thiết bị
B35: Trong nước | C35: =C54*(1+$C$12) -> 320 | D35: =D54*(1+$C$12) -> 640 | E35: =E54*(1+$C$12) -> 640 | F35: =F54*(1+$C$12) -> 1200 | G35: =G54*(1+$C$12) -> 1600 | H35: =H54*(1+$C$12) -> 800 | I35: =SUM(C35:H35) -> 5200
B36: Nhập khẩu | C36: =C55*(1+$C$13) -> 1760 | D36: =D55*(1+$C$13) -> 2240 | E36: =E55*(1+$C$13) -> 2240 | F36: =F55*(1+$C$13) -> 1600 | G36: =G55*(1+$C$13) -> 2800 | H36: =H55*(1+$C$13) -> 800 | I36: =SUM(C36:H36) -> 11440
B37: Đất | C37: 3200 | F37: 6400 | I37: =SUM(C37:H37) -> 9600
B38: Tổng chi phí (thực, bao gồm các loại thuế, chưa tính đất) | C38: =SUM(C29:C36) -> 4800 | D38: =SUM(D29:D36) -> 8000 | E38: =SUM(E29:E36) -> 8000 | F38: =SUM(F29:F36) -> 9600 | G38: =SUM(G29:G36) -> 16000 | H38: =SUM(H29:H36) -> 12000 | I38: =SUM(I29:I36) -> 58400
B39: Tổng chi phí (thực, bao gồm các loại thuế, có tính đất) | C39: =SUM(C29:C37) -> 8000 | D39: =SUM(D29:D37) -> 8000 | E39: =SUM(E29:E37) -> 8000 | F39: =SUM(F29:F37) -> 16000 | G39: =SUM(G29:G37) -> 16000 | H39: =SUM(H29:H37) -> 12000 | I39: =SUM(I29:I37) -> 68000
B40: Vốn chủ đầu tư | C40: 4000 | D40: 4000 | E40: 4000 | F40: 8000 | G40: 8000 | I40: =SUM(C40:H40) -> 28000
B41: Vốn GOJ | C41: 4000 | D41: 4000 | E41: 4000 | F41: 8000 | G41: 8000 | H41: 12000 | I41: =SUM(C41:H41) -> 40000
B42: Tổng chi phí (danh nghĩa, bao gồm các loại thuế, có tính đất) | C42: =C39*C22 -> 8000 | D42: =D39*D22 -> 8640 | E42: =E39*E22 -> 9331.2 | F42: =F39*F22 -> 20155.392 | G42: =G39*G22 -> 21767.823 | H42: =H39*H22 -> 17631.937 | I42: =SUM(C42:H42) -> 85526.352
B43: Thuế VAT (thực) | C43: =(C32-C51)+(C35-C54) -> 72.727273 | D43: =(D32-D51)+(D35-D54) -> 130.90909 | E43: =(E32-E51)+(E35-E54) -> 130.90909 | F43: =(F32-F51)+(F35-F54) -> 181.81818 | G43: =(G32-G51)+(G35-G54) -> 218.18182 | H43: =(H32-H51)+(H35-H54) -> 290.90909
B44: Tổng chi phí tài chính (thực, trừ VAT, chưa tính đất) | C44: =C38-C43 -> 4727.2727 | D44: =D38-D43 -> 7869.0909 | E44: =E38-E43 -> 7869.0909 | F44: =F38-F43 -> 9418.1818 | G44: =G38-G43 -> 15781.818 | H44: =H38-H43 -> 11709.091 | I44: =SUM(C44:H44) -> 57374.545
B45: Tổng chi phí tài chính (hiện hành, trừ VAT, chưa tính đất) | C45: =C44*C22 -> 4727.2727 | D45: =D44*D22 -> 8498.6182 | E45: =E44*E22 -> 9178.5076 | F45: =F44*F22 -> 11864.197 | G45: =G44*G22 -> 21470.989 | H45: =H44*H22 -> 17204.496 | I45: =SUM(C45:H45) -> 72944.081
B46: XÂY DỰNG ĐƯỜNG CAO TỐC/NĂM (KINH TẾ, TRIỆU J$)
B47: Lao động
B48: Trong nước | C48: =$E$82*C29+$D$82*C29*$I$15 -> 384 | D48: =$E$82*D29+$D$82*D29*$I$15 -> 576 | E48: =$E$82*E29+$D$82*E29*$I$15 -> 576 | F48: =$E$82*F29+$D$82*F29*$I$15 -> 1200 | G48: =$E$82*G29+$D$82*G29*$I$15 -> 2400 | H48: =$E$82*H29+$D$82*H29*$I$15 -> 2880
B49: Nước ngoài | C49: =C30*$F$83 -> 640 | D49: =D30*$F$83 -> 1120 | E49: =E30*$F$83 -> 1120 | F49: =F30*$F$83 -> 800 | G49: =G30*$F$83 -> 2000 | H49: =H30*$F$83 -> 800
B50: Nguyên vật liệu
B51: Trong nước | C51: 436.36364 | D51: 727.27273 | E51: 727.27273 | F51: 727.27273 | G51: 727.27273 | H51: 2181.8182
B52: Nhập khẩu | C52: 914.28571 | D52: 2133.3333 | E52: 2133.3333 | F52: 3047.619 | G52: 4571.4286 | H52: 2285.7143
B53: Thiết bị
B54: Trong nước | C54: 290.90909 | D54: 581.81818 | E54: 581.81818 | F54: 1090.9091 | G54: 1454.5455 | H54: 727.27273
B55: Nhập khẩu | C55: 1676.1905 | D55: 2133.3333 | E55: 2133.3333 | F55: 1523.8095 | G55: 2666.6667 | H55: 761.90476
B56: Đất | C56: =C37*I16 -> 1600 | F56: =F37*I16 -> 3200
B57: Tổng chi phí kinh tế (thực, chưa tính đất) | C57: =SUM(C48:C55) -> 4341.7489 | D57: =SUM(D48:D55) -> 7271.7576 | E57: =SUM(E48:E55) -> 7271.7576 | F57: =SUM(F48:F55) -> 8389.6104 | G57: =SUM(G48:G55) -> 13819.913 | H57: =SUM(H48:H55) -> 9636.71
B59: XÂY DỰNG HỆ THỐNG THU PHÍ/NĂM (TÀI CHÍNH, TRIỆU J$) | C59: 2013 | D59: 2014 | E59: 2015 | F59: 2016 | G59: 2017 | H59: 2018 | I59: Tổng chi phí (Triệu J$)
B60: Số trạm thu phí | F60: 2 | G60: 2 | H60: 2
B61: Giá thị trường (thực, giá năm 2013) | F61: =SUM(F62:F65) -> 150 | G61: =SUM(G62:G65) -> 150 | H61: =SUM(H62:H65) -> 150
B62: Lao động có kỹ năng | F62: 15 | G62: 15 | H62: 15
B63: Lao động không có kỹ năng | F63: 15 | G63: 15 | H63: 15
B64: Nguyên liệu địa phương | F64: =F75*(1+$C$12) -> 60 | G64: =G75*(1+$C$12) -> 60 | H64: =H75*(1+$C$12) -> 60
B65: Nguyên liệu nhập | F65: =F76*(1+$C$13) -> 60 | G65: =G76*(1+$C$13) -> 60 | H65: =H76*(1+$C$13) -> 60
B66: Chi phí trạm thu phí (tài chính, thực, chưa bao gồm VAT) | F66: =F60*(F65+F62+F63+F75) -> 289.09091 | G66: =G60*(G65+G62+G63+G75) -> 289.09091 | H66: =H60*(H65+H62+H63+H75) -> 289.09091
B67: Chi phí trạm thu phí (tài chính, thực, bao gồm VAT) | F67: =F60*F61 -> 300 | G67: =G60*G61 -> 300 | H67: =H60*H61 -> 300
B68: Thuế VAT (thực) | F68: =F67-F66 -> 10.909091 | G68: =G67-G66 -> 10.909091 | H68: =H67-H66 -> 10.909091
B69: Chi phí trạm thu phí (tài chính, danh nghĩa, chưa bao gồm VAT) | F69: =F66*F22 -> 364.17129 | G69: =G66*G22 -> 393.30499 | H69: =H66*H22 -> 424.76939 | I69: =SUM(F69:H69) -> 1182.2457
B70: Chi phí trạm thu phí (tài chính, danh nghĩa, bao gồm VAT) | F70: =F67*F22 -> 377.9136 | G70: =G67*G22 -> 408.14669 | H70: =H67*H22 -> 440.79842 | I70: =SUM(F70:H70) -> 1226.8587
B71: HẠ TẦNG HỆ THỐNG THU PHÍ/NĂM (KINH TẾ, TRIỆU J$)
B72: Giá hiệu quả (thực, giá năm 2013) | F72: =SUM(F73:F76) -> 129.68831 | G72: =SUM(G73:G76) -> 129.68831 | H72: =SUM(H73:H76) -> 129.68831
B73: Lao động có kỹ năng | F73: =F62 -> 15 | G73: =G62 -> 15 | H73: =H62 -> 15
B74: Lao động không có kỹ năng | F74: =F63*$I$15 -> 3 | G74: =G63*$I$15 -> 3 | H74: =H63*$I$15 -> 3
B75: Nguyên liệu địa phương | F75: 54.545455 | G75: 54.545455 | H75: 54.545455
B76: Nguyên liệu nhập | F76: 57.142857 | G76: 57.142857 | H76: 57.142857
B77: Chi phí trạm thu phí (kinh tế, thực) | F77: =F60*F72 -> 259.37662 | G77: =G60*G72 -> 259.37662 | H77: =H60*H72 -> 259.37662
B79: PHÂN TÁCH THÀNH PHẦN CỦA CHI PHÍ ĐẦU TƯ | C79: Thành phần | D79: Lao động | G79: Nguyên vật liệu | I79: Tổng
D80: Không kỹ năng | E80: Kỹ năng | F80: Nước ngoài | G80: Địa phương | H80: Nhập khẩu
B81: Xây dựng cao tốc
B82: Lao động trong nước | D82: 0.5 | E82: 0.5 | I82: =SUM(D82:H82) -> 1
B83: Lao động nước ngoài | F83: 1 | I83: =SUM(D83:H83) -> 1
B84: Nguyên vật liệu
B85: Hệ thống thu phí | D85: 0.1 | E85: 0.1 | G85: 0.4 | H85: 0.4 | I85: =SUM(D85:H85) -> 1
B87: 3) CHI PHÍ HOẠT ĐỘNG (GIÁ NĂM 2013) | C87: Chú thích: Tính từ năm 2017 | E87: Tổng chi phí (Triệu J$) | F87: Chi phí tài chính (Triệu J$, gồm VAT) | G87: Chi phí tài chính (Triệu J$, chưa gồm VAT) | H87: Thuế VAT (Triệu J$) | I87: Chi phí kinh tế (Triệu J$)
B88: ĐƯỜNG CAO TỐC | C88: Theo cơ cấu vốn đầu tư đường cao tốc | E88: 300 | F88: =SUM(F90:F97) -> 300 | G88: =SUM(G90:G97) -> 294.73225 | H88: =F88-G88 -> 5.267746 | I88: =SUM(I90:I97) -> 260.60701
B89: Lao động
B90: Trong nước | C90: =I29/$I$38 -> 0.22876712 | E90: =C90*$E$88 -> 68.630137 | F90: =E90 -> 68.630137 | G90: =F90 -> 68.630137 | I90: =F90*E82+F90*D82*I15 -> 41.178082
B91: Nước ngoài | C91: =I30/$I$38 -> 0.1109589 | E91: =C91*$E$88 -> 33.287671 | F91: =E91 -> 33.287671 | G91: =F91 -> 33.287671 | I91: =F91 -> 33.287671
B92: Nguyên vật liệu
B93: Trong nước | C93: =I32/$I$38 -> 0.10410959 | E93: =C93*$E$88 -> 31.232877 | F93: =I93*(1+C12) -> 31.232877 | G93: =I93 -> 28.393524 | I93: 28.393524
B94: Nhập khẩu | C94: =I33/$I$38 -> 0.27123288 | E94: =C94*$E$88 -> 81.369863 | F94: =I94*(1+C13) -> 81.369863 | G94: =F94 -> 81.369863 | I94: 77.495108
B95: Thiết bị
B96: Trong nước | C96: =I35/$I$38 -> 0.089041096 | E96: =C96*$E$88 -> 26.712329 | F96: =I96*(1+C12) -> 26.712329 | G96: =I96 -> 24.283935 | I96: 24.283935
B97: Nhập khẩu | C97: =I36/$I$38 -> 0.19589041 | E97: =C97*$E$88 -> 58.767123 | F97: =I97*(1+C13) -> 58.767123 | G97: =F97 -> 58.767123 | I97: 55.968689
B98: HỆ THỐNG THU PHÍ | C98: Theo % chi phí đầu tư trạm thu phí | F98: =SUM(F99:F102) -> 14.9994 | G98: =SUM(G99:G102) -> 14.454 | H98: =F98-G98 -> 0.5454 | I98: =SUM(I99:I102) -> 12.968286
B99: =B62 -> Lao động có kỹ năng | C99: =C102 -> 0.05 | E99: =C99*F62*F60 -> 1.5 | F99: =E99 -> 1.5 | G99: =F99 -> 1.5 | I99: =F99 -> 1.5
B100: =B63 -> Lao động không có kỹ năng | C100: =C102 -> 0.05 | E100: =C100*F63*F60 -> 1.5 | F100: =E100 -> 1.5 | G100: =F100 -> 1.5 | I100: =F100*I15 -> 0.3
B101: =B64 -> Nguyên liệu địa phương | C101: =C102 -> 0.05 | E101: =C101*F64*F60 -> 6 | F101: =I101*(1+C12) -> 5.9994 | G101: =I101 -> 5.454 | I101: 5.454
B102: =B65 -> Nguyên liệu nhập | C102: 0.05 | E102: =C102*F65*F60 -> 6 | F102: =I102*(1+C13) -> 6 | G102: =F102 -> 6 | I102: 5.7142857
B103: Tổng chi phí vận hành/năm (giá năm 2013) | F103: =F88+F98 -> 314.9994 | G103: =G88+G98 -> 309.18625 | H103: =H88+H98 -> 5.813146 | I103: =I88+I98 -> 273.5753
B105: 4) GIÁ TRỊ THANH LÝ (GIÁ HIỆN HÀNH) | C105: Chú thích: Theo % giá trị đầu tư ban đầu. | D105: 2013 | E105: 2014 | F105: 2015 | G105: 2016 | H105: 2017 | I105: 2018
B106: Tài chính (Triệu J$)
B107: Đường cao tốc | C107: 0.5 | D107: =$C$107*C45*C22 -> 2363.6364 | E107: =$C$107*D45*D22 -> 4589.2538 | F107: =$C$107*E45*E22 -> 5352.9057 | G107: =$C$107*F45*F22 -> 7472.7354 | H107: =$C$107*G45*G22 -> 14605.522 | I107: =$C$107*H45*H22 -> 12639.525
B108: Hệ thống thu phí | C108: =C107 -> 0.5 | D108: =$C$108*C69*C22 -> 0 | E108: =$C$108*D69*D22 -> 0 | F108: =$C$108*E69*E22 -> 0 | G108: =$C$108*F69*F22 -> 229.37547 | H108: =$C$108*G69*G22 -> 267.54355 | I108: =$C$108*H69*H22 -> 312.0628
B109: Giá trị thanh lý tài sản | D109: =D107+D108 -> 2363.6364 | E109: =E107+E108 -> 4589.2538 | F109: =F107+F108 -> 5352.9057 | G109: =G107+G108 -> 7702.1109 | H109: =H107+H108 -> 14873.066 | I109: =I107+I108 -> 12951.587
...

Sheet Phương án 1_Thu phí
B2: PHƯƠNG ÁN 1: CHÍNH PHỦ SẼ THU PHÍ SAU NĂM 2033
B4: CHỈ SỐ GIÁ
B5: Năm | C5: 2013 | D5: 2014 | E5: 2015 | F5: 2016 | G5: 2017 | H5: 2018 | I5: 2019 | J5: 2020 | K5: 2021 | L5: 2022 | M5: 2023 | N5: 2024 | O5: 2025 | P5: 2026 | Q5: 2027 | R5: 2028 | S5: 2029 | T5: 2030 | U5: 2031 | V5: 2032 | W5: 2033 | X5: 2034 | Y5: 2035 | Z5: 2036 | AA5: 2037 | AB5: 2038 | AC5: 2039 | AD5: 2040 | AE5: 2041 | AF5: 2042 | AG5: 2043 | AH5: 2044 | AI5: 2045 | AJ5: 2046 | AK5: 2047 | AL5: 2048 | AM5: 2049 | AN5: 2050 | AO5: 2051 | AP5: 2052 | AQ5: 2053 | AR5: 2054 | AS5: 2055 | AT5: 2056 | AU5: 2057 | AV5: 2058
B6: Năm dự án | C6: 0 | D6: 1 | E6: 2 | F6: 3 | G6: 4 | H6: 5 | I6: 6 | J6: 7 | K6: 8 | L6: 9 | M6: 10 | N6: 11 | O6: 12 | P6: 13 | Q6: 14 | R6: 15 | S6: 16 | T6: 17 | U6: 18 | V6: 19 | W6: 20 | X6: 21 | Y6: 22 | Z6: 23 | AA6: 24 | AB6: 25 | AC6: 26 | AD6: 27 | AE6: 28 | AF6: 29 | AG6: 30 | AH6: 31 | AI6: 32 | AJ6: 33 | AK6: 34 | AL6: 35 | AM6: 36 | AN6: 37 | AO6: 38 | AP6: 39 | AQ6: 40 | AR6: 41 | AS6: 42 | AT6: 43 | AU6: 44 | AV6: 45
B7: Chỉ số lạm phát trong nước | C7: =(1+'Thông số'!$C$10)^C6 -> 1 | D7: =(1+'Thông số'!$C$10)^D6 -> 1.08 | E7: =(1+'Thông số'!$C$10)^E6 -> 1.1664 | F7: =(1+'Thông số'!$C$10)^F6 -> 1.259712 | G7: =(1+'Thông số'!$C$10)^G6 -> 1.360489 | H7: =(1+'Thông số'!$C$10)^H6 -> 1.4693281 | I7: =(1+'Thông số'!$C$10)^I6 -> 1.5868743 | J7: =(1+'Thông số'!$C$10)^J6 -> 1.7138243 | ... AV7: =(1+'Thông số'!$C$10)^AV6 -> 31.920449
B8: Chỉ số lạm phát nước ngoài | C8: =(1+'Thông số'!$C$11)^C6 -> 1 | D8: =(1+'Thông số'!$C$11)^D6 -> 1.02 | E8: =(1+'Thông số'!$C$11)^E6 -> 1.0404 | F8: =(1+'Thông số'!$C$11)^F6 -> 1.061208 | G8: =(1+'Thông số'!$C$11)^G6 -> 1.0824322 | H8: =(1+'Thông số'!$C$11)^H6 -> 1.1040808 | I8: =(1+'Thông số'!$C$11)^I6 -> 1.1261624 | J8: =(1+'Thông số'!$C$11)^J6 -> 1.1486857 | ... AV8: =(1+'Thông số'!$C$11)^AV6 -> 2.4378542
B9: Tỷ giá hối đối danh nghĩa | C9: ='Thông số'!$C$9*C7/C8 -> 80 | D9: ='Thông số'!$C$9*D7/D8 -> 84.705882 | E9: ='Thông số'!$C$9*E7/E8 -> 89.688581 | F9: ='Thông số'!$C$9*F7/F8 -> 94.96438 | G9: ='Thông số'!$C$9*G7/G8 -> 100.55052 | H9: ='Thông số'!$C$9*H7/H8 -> 106.46526 | I9: ='Thông số'!$C$9*I7/I8 -> 112.72792 | J9: ='Thông số'!$C$9*J7/J8 -> 119.35897 | ... AV9: ='Thông số'!$C$9*AV7/AV8 -> 1047.4933
B10: Chỉ số tăng lưu lượng xe | G10: =(1+'Thông số'!$F$14)^C6 -> 1 | H10: =(1+'Thông số'!$F$14)^D6 -> 1.04 | I10: =(1+'Thông số'!$F$14)^E6 -> 1.0816 | J10: =(1+'Thông số'!$F$14)^F6 -> 1.124864 | K10: =(1+'Thông số'!$F$14)^G6 -> 1.1698586 | L10: =(1+'Thông số'!$F$14)^H6 -> 1.2166529 | M10: =(1+'Thông số'!$F$14)^I6 -> 1.265319 | N10: =(1+'Thông số'!$F$14)^J6 -> 1.3159318 | ... AV10: =(1+'Thông số'!$F$14)^AR6 -> 4.9930615
B12: LỊCH VAY VÀ TRẢ NỢ (TRIỆU US$)
B13: =B6 -> Năm dự án | C13: =C6 -> 0 | D13: =D6 -> 1 | E13: =E6 -> 2 | F13: =F6 -> 3 | G13: =G6 -> 4 | H13: =H6 -> 5 | I13: =I6 -> 6 | ... AV13: =AV6 -> 45
B14: Vay ngân hàng nước ngoài
B15: Nợ đầu kỳ | G15: =F18 -> 212.2416 | H15: =G18 -> 202.45017 | I15: =H18 -> 192.1633 | J15: =I18 -> 181.35591 | K15: =J18 -> 170.00166 | L15: =K18 -> 158.07289 | M15: =L18 -> 145.54053 | N15: =M18 -> 132.37402 | ... U15: =T18 -> 19.542027
B16: Trả lãi vay | G16: =G15*'Thông số'!$I$9 -> 10.739425 | H16: =H15*'Thông số'!$I$9 -> 10.243979 | I16: =I15*'Thông số'!$I$9 -> 9.7234628 | J16: =J15*'Thông số'!$I$9 -> 9.1766089 | K16: =K15*'Thông số'!$I$9 -> 8.6020841 | L16: =L15*'Thông số'!$I$9 -> 7.9984883 | M16: =M15*'Thông số'!$I$9 -> 7.3643507 | N16: =N15*'Thông số'!$I$9 -> 6.6981256 | ... U16: =U15*'Thông số'!$I$9 -> 0.98882656
B17: Trả nợ vay | G17: =-PMT('Thông số'!$I$9,15,$G$15) -> 20.530853 | H17: =-PMT('Thông số'!$I$9,15,$G$15) -> 20.530853 | I17: =-PMT('Thông số'!$I$9,15,$G$15) -> 20.530853 | J17: =-PMT('Thông số'!$I$9,15,$G$15) -> 20.530853 | K17: =-PMT('Thông số'!$I$9,15,$G$15) -> 20.530853 | L17: =-PMT('Thông số'!$I$9,15,$G$15) -> 20.530853 | M17: =-PMT('Thông số'!$I$9,15,$G$15) -> 20.530853 | N17: =-PMT('Thông số'!$I$9,15,$G$15) -> 20.530853 | ... U17: =-PMT('Thông số'!$I$9,15,$G$15) -> 20.530853
B18: Nợ cuối kỳ | F18: ='Thông số'!F9*F8 -> 212.2416 | G18: =G15+G16-G17 -> 202.45017 | H18: =H15+H16-H17 -> 192.1633 | I18: =I15+I16-I17 -> 181.35591 | J18: =J15+J16-J17 -> 170.00166 | K18: =K15+K16-K17 -> 158.07289 | L18: =L15+L16-L17 -> 145.54053 | M18: =M15+M16-M17 -> 132.37402 | N18: =N15+N16-N17 -> 118.5413 | ... U18: =U15+U16-U17 -> 4.2632564e-14
B19: Vay ngân hàng trong nước
B20: Nợ đầu kỳ | G20: =F23 -> 636.7248 | H20: =G23 -> 633.18169 | I20: =H23 -> 629.4051 | J20: =I23 -> 625.37962 | K20: =J23 -> 621.08887 | L20: =K23 -> 616.51536 | M20: =L23 -> 611.64045 | N20: =M23 -> 606.44428 | ... AT20: =AS23 -> 42.689999
B21: Trả lãi vay | G21: =G20*'Thông số'!$I$10 -> 41.960164 | H21: =H20*'Thông số'!$I$10 -> 41.726674 | I21: =I20*'Thông số'!$I$10 -> 41.477796 | J21: =J20*'Thông số'!$I$10 -> 41.212517 | K21: =K20*'Thông số'!$I$10 -> 40.929757 | L21: =L20*'Thông số'!$I$10 -> 40.628362 | M21: =M20*'Thông số'!$I$10 -> 40.307106 | N21: =N20*'Thông số'!$I$10 -> 39.964678 | ... AT21: =AT20*'Thông số'!$I$10 -> 2.8132709
B22: Trả nợ vay | G22: =-PMT('Thông số'!$I$10,40,$G$20) -> 45.50327 | H22: =-PMT('Thông số'!$I$10,40,$G$20) -> 45.50327 | I22: =-PMT('Thông số'!$I$10,40,$G$20) -> 45.50327 | J22: =-PMT('Thông số'!$I$10,40,$G$20) -> 45.50327 | K22: =-PMT('Thông số'!$I$10,40,$G$20) -> 45.50327 | L22: =-PMT('Thông số'!$I$10,40,$G$20) -> 45.50327 | M22: =-PMT('Thông số'!$I$10,40,$G$20) -> 45.50327 | N22: =-PMT('Thông số'!$I$10,40,$G$20) -> 45.50327 | ... AT22: =-PMT('Thông số'!$I$10,40,$G$20) -> 45.50327
B23: Nợ cuối kỳ | F23: ='Thông số'!F10*F8 -> 636.7248 | G23: =G20+G21-G22 -> 633.18169 | H23: =H20+H21-H22 -> 629.4051 | I23: =I20+I21-I22 -> 625.37962 | J23: =J20+J21-J22 -> 621.08887 | K23: =K20+K21-K22 -> 616.51536 | L23: =L20+L21-L22 -> 611.64045 | M23: =M20+M21-M22 -> 606.44428 | N23: =N20+N21-N22 -> 600.90569 | ... AT23: =AT20+AT21-AT22 -> 2.3092639e-12
B25: NGÂN LƯU TÀI TRỢ CỦA CHỦ ĐẦU TƯ (TRIỆU US$)
B26: =B13 -> Năm dự án | C26: =C13 -> 0 | D26: =D13 -> 1 | E26: =E13 -> 2 | F26: =F13 -> 3 | G26: =G13 -> 4 | H26: =H13 -> 5 | I26: =I13 -> 6 | ... AV26: =AV13 -> 45
B27: NCF_Tài trợ của chủ đầu tư (vay nước ngoài) | F27: =F18 -> 212.2416 | G27: =-G17 -> -20.530853 | H27: =-H17 -> -20.530853 | I27: =-I17 -> -20.530853 | J27: =-J17 -> -20.530853 | K27: =-K17 -> -20.530853 | L27: =-L17 -> -20.530853 | M27: =-M17 -> -20.530853 | N27: =-N17 -> -20.530853 | ... U27: =-U17 -> -20.530853
B28: NCF_Ngân hàng nước ngoài | F28: =-F27 -> -212.2416 | G28: =-G27 -> 20.530853 | H28: =-H27 -> 20.530853 | I28: =-I27 -> 20.530853 | J28: =-J27 -> 20.530853 | K28: =-K27 -> 20.530853 | L28: =-L27 -> 20.530853 | M28: =-M27 -> 20.530853 | ... U28: =-U27 -> 20.530853
B29: NCF_Tài trợ của GOJ (vay trong nước) | F29: =F23 -> 636.7248 | G29: =-G22 -> -45.50327 | H29: =-H22 -> -45.50327 | I29: =-I22 -> -45.50327 | J29: =-J22 -> -45.50327 | K29: =-K22 -> -45.50327 | L29: =-L22 -> -45.50327 | M29: =-M22 -> -45.50327 | N29: =-N22 -> -45.50327 | ... AT29: =-AT22 -> -45.50327
B30: NCF_Ngân hàng trong nước | F30: =-F29 -> -636.7248 | G30: =-G29 -> 45.50327 | H30: =-H29 -> 45.50327 | I30: =-I29 -> 45.50327 | J30: =-J29 -> 45.50327 | K30: =-K29 -> 45.50327 | L30: =-L29 -> 45.50327 | M30: =-M29 -> 45.50327 | ... AT30: =-AT29 -> 45.50327
B31: NCF_Tài trợ tổng | F31: =F27+F29 -> 848.9664 | G31: =G27+G29 -> -66.034124 | H31: =H27+H29 -> -66.034124 | I31: =I27+I29 -> -66.034124 | J31: =J27+J29 -> -66.034124 | K31: =K27+K29 -> -66.034124 | L31: =L27+L29 -> -66.034124 | M31: =M27+M29 -> -66.034124 | ... AT31: =AT27+AT29 -> -45.50327
B33: BÁO CÁO THU NHẬP CỦA CHỦ ĐẦU TƯ (TRIỆU J$)
B34: =B6 -> Năm dự án | C34: =C6 -> 0 | D34: =D6 -> 1 | E34: =E6 -> 2 | F34: =F6 -> 3 | G34: =G6 -> 4 | H34: =H6 -> 5 | I34: =I6 -> 6 | ... AV34: =AV6 -> 45
B35: Doanh thu từ thu phí qua cao tốc
B36: Chi phí vận hành cao tốc và trạm thu phí
B37: Trả lãi vay
B38: Lợi nhuận trước thuế
B39: Thuế thu nhập chủ đầu tư phải nộp
B41: PHÂN TÍCH HIỆU QUẢ TÀI CHÍNH CỦA DỰ ÁN (TRIỆU J$)
B42: =B6 -> Năm dự án | C42: =C6 -> 0 | D42: =D6 -> 1 | E42: =E6 -> 2 | F42: =F6 -> 3 | G42: =G6 -> 4 | H42: =H6 -> 5 | I42: =I6 -> 6 | ... AV42: =AV6 -> 45
B43: Ngân lưu vào
B44: Doanh thu từ thu phí qua cao tốc
B45: Giảm chi phí bảo trì các tuyến đường hiện có của GOJ
B46: Giá trị thanh lý cao tốc và trạm thu phí
B47: Giá trị thanh lý đất
B48: Tổng ngân lưu vào | G48: =SUM(G44:G47) -> 0 | H48: =SUM(H44:H47) -> 0 | I48: =SUM(I44:I47) -> 0 | J48: =SUM(J44:J47) -> 0 | K48: =SUM(K44:K47) -> 0 | L48: =SUM(L44:L47) -> 0 | M48: =SUM(M44:M47) -> 0 | N48: =SUM(N44:N47) -> 0 | ... AV48: =SUM(AV44:AV47) -> 0
B49: Ngân lưu ra
B50: Chi phí đầu tư đường cao tốc
B51: VAT
B52: Chi phí đầu tư trạm thu phí
B53: VAT
B54: Chi phí đất
B55: Chi phí vận hành cao tốc và trạm thu phí
B56: VAT
B57: Tổng ngân lưu ra | C57: =SUM(C50:C56) -> 0 | D57: =SUM(D50:D56) -> 0 | E57: =SUM(E50:E56) -> 0 | F57: =SUM(F50:F56) -> 0 | G57: =SUM(G50:G56) -> 0 | H57: =SUM(H50:H56) -> 0 | I57: =SUM(I50:I56) -> 0 | J57: =SUM(J50:J56) -> 0 | ... AV57: =SUM(AV50:AV56) -> 0
B58: NCF_Dự án (Triệu J$) | C58: =C48-C57 -> 0 | D58: =D48-D57 -> 0 | E58: =E48-E57 -> 0 | F58: =F48-F57 -> 0 | G58: =G48-G57 -> 0 | H58: =H48-H57 -> 0 | I58: =I48-I57 -> 0 | J58: =J48-J57 -> 0 | ... AV58: =AV48-AV57 -> 0
B59: Thuế thu nhập doanh nghiệp chủ đầu tư phải nộp | G59: =G39 -> 0 | H59: =H39 -> 0 | I59: =I39 -> 0 | J59: =J39 -> 0 | K59: =K39 -> 0 | L59: =L39 -> 0 | M59: =M39 -> 0 | N59: =N39 -> 0 | ... AV59: =AV39 -> 0
B60: NCF_TIPV (Triệu J$) | C60: =C58-C59 -> 0 | D60: =D58-D59 -> 0 | E60: =E58-E59 -> 0 | F60: =F58-F59 -> 0 | G60: =G58-G59 -> 0 | H60: =H58-H59 -> 0 | I60: =I58-I59 -> 0 | J60: =J58-J59 -> 0 | ... AV60: =AV58-AV59 -> 0
B61: NCF_Dự án (Triệu US$) | C61: =C58/C9 -> 0 | D61: =D58/D9 -> 0 | E61: =E58/E9 -> 0 | F61: =F58/F9 -> 0 | G61: =G58/G9 -> 0 | H61: =H58/H9 -> 0 | I61: =I58/I9 -> 0 | J61: =J58/J9 -> 0 | ... AV61: =AV58/AV9 -> 0
B62: NCF_TIPV (Triệu US$) | C62: =C60/C9 -> 0 | D62: =D60/D9 -> 0 | E62: =E60/E9 -> 0 | F62: =F60/F9 -> 0 | G62: =G60/G9 -> 0 | H62: =H60/H9 -> 0 | I62: =I60/I9 -> 0 | J62: =J60/J9 -> 0 | ... AV62: =AV60/AV9 -> 0
B64: Quan điểm | C64: Dự án | D64: TIPV
B65: Suất chiết khấu | C65: ='Thông số'!I12 -> 0.072057807 | D65: =C65 -> 0.072057807 | E65: 0.06 | F65: =E65+3% -> 0.09 | G65: =F65+3% -> 0.12 | H65: =G65+3% -> 0.15
B66: NPV (Triệu US$) | C66: =NPV(C65,D61:AV61)+C61 -> 0 | D66: =NPV(D65,$D62:$AV62)+$C62 -> 0 | E66: =NPV(E65,$D62:$AV62)+$C62 -> 0 | F66: =NPV(F65,$D62:$AV62)+$C62 -> 0 | G66: =NPV(G65,$D62:$AV62)+$C62 -> 0 | H66: =NPV(H65,$D62:$AV62)+$C62 -> 0
B67: IRR (danh nghĩa) | C67: =IRR(C61:AV61) -> #NUM! | D67: =IRR(C62:AV62) -> #NUM!
B68: IRR (thực)
B69: BCR | D69: {=(NPV(D65,D48:AV48)+C48)/(NPV(D65,D57:AV57)+C57)} -> #DIV/0!
B70: DSCR | D70: =AVERAGE(G70:AT70) -> 0 | I70: =I62/(I17+I22) -> 0 | J70: =J62/(J17+J22) -> 0 | K70: =K62/(K17+K22) -> 0 | L70: =L62/(L17+L22) -> 0 | M70: =M62/(M17+M22) -> 0 | N70: =N62/(N17+N22) -> 0 | O70: =O62/(O17+O22) -> 0 | P70: =P62/(P17+P22) -> 0 | ... AV70: =AV62/(AV17+AV22) -> #DIV/0!
B71: DPP | D71: =SUM(D79:AV79) -> 0 | E71: năm
B73: Thời gian hoàn vốn có chiết khấu
B74: =B42 -> Năm dự án | C74: =C42 -> 0 | D74: =D42 -> 1 | E74: =E42 -> 2 | F74: =F42 -> 3 | G74: =G42 -> 4 | H74: =H42 -> 5 | I74: =I42 -> 6 | ... AV74: =AV42 -> 45
B75: NCF_TIPV | C75: =C62 -> 0 | D75: =D62 -> 0 | E75: =E62 -> 0 | F75: =F62 -> 0 | G75: =G62 -> 0 | H75: =H62 -> 0 | I75: =I62 -> 0 | J75: =J62 -> 0 | ... AV75: =AV62 -> 0
B76: Hệ số chiết khấu | C76: =1/(1+$D$65)^C74 -> 1 | D76: =1/(1+$D$65)^D74 -> 0.93278552 | E76: =1/(1+$D$65)^E74 -> 0.87008883 | F76: =1/(1+$D$65)^F74 -> 0.81160626 | G76: =1/(1+$D$65)^G74 -> 0.75705457 | H76: =1/(1+$D$65)^H74 -> 0.70616954 | I76: =1/(1+$D$65)^I74 -> 0.65870472 | J76: =1/(1+$D$65)^J74 -> 0.61443023 | ... AV76: =1/(1+$D$65)^AV74 -> 0.043669762
B77: DF_TIPV | C77: =C75*C76 -> 0 | D77: =D75*D76 -> 0 | E77: =E75*E76 -> 0 | F77: =F75*F76 -> 0 | G77: =G75*G76 -> 0 | H77: =H75*H76 -> 0 | I77: =I75*I76 -> 0 | J77: =J75*J76 -> 0 | ... AV77: =AV75*AV76 -> 0
B78: DF_TIPV lũy kế | C78: =C77 -> 0 | D78: =C78+D77 -> 0 | E78: =D78+E77 -> 0 | F78: =E78+F77 -> 0 | G78: =F78+G77 -> 0 | H78: =G78+H77 -> 0 | I78: =H78+I77 -> 0 | J78: =I78+J77 -> 0 | K78: =J78+K77 -> 0 | ... AV78: =AU78+AV77 -> 0
B79: Thời gian hoàn vốn có chiết khấu (DPP) | D79: =IF(D78<0,1,IF(C78<0,-C78/D77,0)) -> 0 | E79: =IF(E78<0,1,IF(D78<0,-D78/E77,0)) -> 0 | F79: =IF(F78<0,1,IF(E78<0,-E78/F77,0)) -> 0 | G79: =IF(G78<0,1,IF(F78<0,-F78/G77,0)) -> 0 | H79: =IF(H78<0,1,IF(G78<0,-G78/H77,0)) -> 0 | I79: =IF(I78<0,1,IF(H78<0,-H78/I77,0)) -> 0 | J79: =IF(J78<0,1,IF(I78<0,-I78/J77,0)) -> 0 | K79: =IF(K78<0,1,IF(J78<0,-J78/K77,0)) -> 0 | ... AV79: =IF(AV78<0,1,IF(AU78<0,-AU78/AV77,0)) -> 0
B81: PHÂN TÍCH HIỆU QUẢ TÀI CHÍNH CỦA CHỦ ĐẦU TƯ VÀ GOJ
B82: =B6 -> Năm dự án | C82: =C6 -> 0 | D82: =D6 -> 1 | E82: =E6 -> 2 | F82: =F6 -> 3 | G82: =G6 -> 4 | H82: =H6 -> 5 | I82: =I6 -> 6 | ... AV82: =AV6 -> 45
B83: =B60 -> NCF_TIPV (Triệu J$)
B84: NCF_Tài trợ tổng (Triệu J$)
B85: NCF_EPV và GOJ (Triệu J$) | C85: =C83+C84 -> 0 | D85: =D83+D84 -> 0 | E85: =E83+E84 -> 0 | F85: =F83+F84 -> 0 | G85: =G83+G84 -> 0 | H85: =H83+H84 -> 0 | I85: =I83+I84 -> 0 | J85: =J83+J84 -> 0 | ... AV85: =AV83+AV84 -> 0
B86: NCF_EPV và GOJ (Triệu US$) | C86: =C85/C9 -> 0 | D86: =D85/D9 -> 0 | E86: =E85/E9 -> 0 | F86: =F85/F9 -> 0 | G86: =G85/G9 -> 0 | H86: =H85/H9 -> 0 | I86: =I85/I9 -> 0 | J86: =J85/J9 -> 0 | ... AV86: =AV85/AV9 -> 0
B88: Quan điểm | C88: EPV và GOJ
B89: Suất chiết khấu | C89: 0.06 | D89: =C89+3% -> 0.09 | E89: =D89+3% -> 0.12 | F89: =E89+3% -> 0.15
B90: NPV (Triệu US$) | C90: =NPV(C89,$D86:$AV86)+$C$86 -> 0 | D90: =NPV(D89,$D86:$AV86)+$C$86 -> 0 | E90: =NPV(E89,$D86:$AV86)+$C$86 -> 0 | F90: =NPV(F89,$D86:$AV86)+$C$86 -> 0
B91: IRR (danh nghĩa) | C91: =IRR(C85:AV85) -> #NUM!
B92: IRR (thực)
B94: PHÂN TÍCH HIỆU QUẢ TÀI CHÍNH CỦA CHỦ ĐẦU TƯ (TRIỆU J$)
B95: =B42 -> Năm dự án | C95: =C42 -> 0 | D95: =D42 -> 1 | E95: =E42 -> 2 | F95: =F42 -> 3 | G95: =G42 -> 4 | H95: =H42 -> 5 | I95: =I42 -> 6 | ... W95: =W42 -> 20
B96: NCF_TIPV | C96: =C83 -> 0 | D96: =D83 -> 0 | E96: =E83 -> 0 | F96: =F83 -> 0 | G96: =G83 -> 0 | H96: =H83 -> 0 | I96: =I83 -> 0 | J96: =J83 -> 0 | ... W96: =W83 -> 0
B97: Vốn GOJ
B98: Giảm chi phí bảo trì các tuyến đường hiện có của GOJ
B99: NCF_Tài trợ của chủ đầu tư (vay nước ngoài) | F99: =F18*F9 -> 20155.392 | G99: =-G17*G9 -> -2064.388 | H99: =-H17*H9 -> -2185.8226 | I99: =-I17*I9 -> -2314.4004 | J99: =-J17*J9 -> -2450.5416 | K99: =-K17*K9 -> -2594.6911 | L99: =-L17*L9 -> -2747.32 | M99: =-M17*M9 -> -2908.927 | N99: =-N17*N9 -> -3080.0404 | ... W99: =-W17*W9 -> 0
B100: NCF_EPV (Triệu J$) | C100: =C96+C97+C98+C99 -> 0 | D100: =D96+D97+D98+D99 -> 0 | E100: =E96+E97+E98+E99 -> 0 | F100: =F96+F97+F98+F99 -> 20155.392 | G100: =G96+G97+G98+G99 -> -2064.388 | H100: =H96+H97+H98+H99 -> -2185.8226 | I100: =I96+I97+I98+I99 -> -2314.4004 | J100: =J96+J97+J98+J99 -> -2450.5416 | ... W100: =W96+W97+W98+W99 -> 0
B101: NCF_EPV (Triệu US$) | C101: =C100/C9 -> 0 | D101: =D100/D9 -> 0 | E101: =E100/E9 -> 0 | F101: =F100/F9 -> 212.2416 | G101: =G100/G9 -> -20.530853 | H101: =H100/H9 -> -20.530853 | I101: =I100/I9 -> -20.530853 | J101: =J100/J9 -> -20.530853 | ... W101: =W100/W9 -> 0
B103: Quan điểm | C103: EPV
B104: Suất chiết khấu | C104: 0.06 | D104: =C104+3% -> 0.09 | E104: =D104+3% -> 0.12 | F104: =E104+3% -> 0.15
B105: NPV (Triệu US$) | C105: =NPV(C104,$D101:$W101)+$C101 -> 10.781417 | D105: =NPV(D104,$D101:$W101)+$C101 -> 36.098641 | E105: =NPV(E104,$D101:$W101)+$C101 -> 51.539111 | F105: =NPV(F104,$D101:$W101)+$C101 -> 60.616488
B106: IRR (danh nghĩa) | C106: =IRR(C101:W101) -> 0.0506
B107: IRR (thực)
B108: DPP | C108: =SUM(D116:W116) -> 0 | D108: năm
B110: =B73 -> Thời gian hoàn vốn có chiết khấu
B111: =B74 -> Năm dự án | C111: =C74 -> 0 | D111: =D74 -> 1 | E111: =E74 -> 2 | F111: =F74 -> 3 | G111: =G74 -> 4 | H111: =H74 -> 5 | I111: =I74 -> 6 | ... W111: =W74 -> 20
B112: NCF_EPV | C112: =C101 -> 0 | D112: =D101 -> 0 | E112: =E101 -> 0 | F112: =F101 -> 212.2416 | G112: =G101 -> -20.530853 | H112: =H101 -> -20.530853 | I112: =I101 -> -20.530853 | J112: =J101 -> -20.530853 | ... W112: =W101 -> 0
B113: Hệ số chiết khấu | C113: =1/(1+$C$104)^C111 -> 1 | D113: =1/(1+$C$104)^D111 -> 0.94339623 | E113: =1/(1+$C$104)^E111 -> 0.88999644 | F113: =1/(1+$C$104)^F111 -> 0.83961928 | G113: =1/(1+$C$104)^G111 -> 0.79209366 | H113: =1/(1+$C$104)^H111 -> 0.74725817 | I113: =1/(1+$C$104)^I111 -> 0.70496054 | J113: =1/(1+$C$104)^J111 -> 0.66505711 | ... W113: =1/(1+$C$104)^W111 -> 0.31180473
...

Sheet Phương án 2_Không thu phí
B2: PHƯƠNG ÁN 2: CHÍNH PHỦ SẼ KHÔNG THU PHÍ SAU NĂM 2033
B4: CHỈ SỐ GIÁ
B5: Năm | C5: 2013 | D5: 2014 | E5: 2015 | F5: 2016 | G5: 2017 | H5: 2018 | I5: 2019 | J5: 2020 | K5: 2021 | L5: 2022 | M5: 2023 | N5: 2024 | O5: 2025 | P5: 2026 | Q5: 2027 | R5: 2028 | S5: 2029 | T5: 2030 | U5: 2031 | V5: 2032 | W5: 2033 | X5: 2034 | Y5: 2035 | Z5: 2036 | AA5: 2037 | AB5: 2038 | AC5: 2039 | AD5: 2040 | AE5: 2041 | AF5: 2042 | AG5: 2043 | AH5: 2044 | AI5: 2045 | AJ5: 2046 | AK5: 2047 | AL5: 2048 | AM5: 2049 | AN5: 2050 | AO5: 2051 | AP5: 2052 | AQ5: 2053 | AR5: 2054 | AS5: 2055 | AT5: 2056 | AU5: 2057 | AV5: 2058
B6: Năm dự án | C6: 0 | D6: 1 | E6: 2 | F6: 3 | G6: 4 | H6: 5 | I6: 6 | J6: 7 | K6: 8 | L6: 9 | M6: 10 | N6: 11 | O6: 12 | P6: 13 | Q6: 14 | R6: 15 | S6: 16 | T6: 17 | U6: 18 | V6: 19 | W6: 20 | X6: 21 | Y6: 22 | Z6: 23 | AA6: 24 | AB6: 25 | AC6: 26 | AD6: 27 | AE6: 28 | AF6: 29 | AG6: 30 | AH6: 31 | AI6: 32 | AJ6: 33 | AK6: 34 | AL6: 35 | AM6: 36 | AN6: 37 | AO6: 38 | AP6: 39 | AQ6: 40 | AR6: 41 | AS6: 42 | AT6: 43 | AU6: 44 | AV6: 45
B7: Chỉ số lạm phát trong nước | C7: =(1+'Thông số'!$C$10)^C6 -> 1 | D7: =(1+'Thông số'!$C$10)^D6 -> 1.08 | E7: =(1+'Thông số'!$C$10)^E6 -> 1.1664 | F7: =(1+'Thông số'!$C$10)^F6 -> 1.259712 | G7: =(1+'Thông số'!$C$10)^G6 -> 1.360489 | H7: =(1+'Thông số'!$C$10)^H6 -> 1.4693281 | I7: =(1+'Thông số'!$C$10)^I6 -> 1.5868743 | J7: =(1+'Thông số'!$C$10)^J6 -> 1.7138243 | ... AV7: =(1+'Thông số'!$C$10)^AV6 -> 31.920449
B8: Chỉ số lạm phát nước ngoài | C8: =(1+'Thông số'!$C$11)^C6 -> 1 | D8: =(1+'Thông số'!$C$11)^D6 -> 1.02 | E8: =(1+'Thông số'!$C$11)^E6 -> 1.0404 | F8: =(1+'Thông số'!$C$11)^F6 -> 1.061208 | G8: =(1+'Thông số'!$C$11)^G6 -> 1.0824322 | H8: =(1+'Thông số'!$C$11)^H6 -> 1.1040808 | I8: =(1+'Thông số'!$C$11)^I6 -> 1.1261624 | J8: =(1+'Thông số'!$C$11)^J6 -> 1.1486857 | ... AV8: =(1+'Thông số'!$C$11)^AV6 -> 2.4378542
B9: Tỷ giá hối đối danh nghĩa | C9: ='Thông số'!$C$9*C7/C8 -> 80 | D9: ='Thông số'!$C$9*D7/D8 -> 84.705882 | E9: ='Thông số'!$C$9*E7/E8 -> 89.688581 | F9: ='Thông số'!$C$9*F7/F8 -> 94.96438 | G9: ='Thông số'!$C$9*G7/G8 -> 100.55052 | H9: ='Thông số'!$C$9*H7/H8 -> 106.46526 | I9: ='Thông số'!$C$9*I7/I8 -> 112.72792 | J9: ='Thông số'!$C$9*J7/J8 -> 119.35897 | ... AV9: ='Thông số'!$C$9*AV7/AV8 -> 1047.4933
B10: Chỉ số tăng lưu lượng xe | G10: =(1+'Thông số'!$F$14)^C6 -> 1 | H10: =(1+'Thông số'!$F$14)^D6 -> 1.04 | I10: =(1+'Thông số'!$F$14)^E6 -> 1.0816 | J10: =(1+'Thông số'!$F$14)^F6 -> 1.124864 | K10: =(1+'Thông số'!$F$14)^G6 -> 1.1698586 | L10: =(1+'Thông số'!$F$14)^H6 -> 1.2166529 | M10: =(1+'Thông số'!$F$14)^I6 -> 1.265319 | N10: =(1+'Thông số'!$F$14)^J6 -> 1.3159318 | ... AV10: =(1+'Thông số'!$F$14)^AR6 -> 4.9930615
B12: LỊCH VAY VÀ TRẢ NỢ (TRIỆU US$)
B13: =B6 -> Năm dự án | C13: =C6 -> 0 | D13: =D6 -> 1 | E13: =E6 -> 2 | F13: =F6 -> 3 | G13: =G6 -> 4 | H13: =H6 -> 5 | I13: =I6 -> 6 | ... AV13: =AV6 -> 45
B14: Vay ngân hàng nước ngoài
B15: Nợ đầu kỳ | G15: =F18 -> 212.2416 | H15: =G18 -> 202.45017 | I15: =H18 -> 192.1633 | J15: =I18 -> 181.35591 | K15: =J18 -> 170.00166 | L15: =K18 -> 158.07289 | M15: =L18 -> 145.54053 | N15: =M18 -> 132.37402 | ... U15: =T18 -> 19.542027
B16: Trả lãi vay | G16: =G15*'Thông số'!$I$9 -> 10.739425 | H16: =H15*'Thông số'!$I$9 -> 10.243979 | I16: =I15*'Thông số'!$I$9 -> 9.7234628 | J16: =J15*'Thông số'!$I$9 -> 9.1766089 | K16: =K15*'Thông số'!$I$9 -> 8.6020841 | L16: =L15*'Thông số'!$I$9 -> 7.9984883 | M16: =M15*'Thông số'!$I$9 -> 7.3643507 | N16: =N15*'Thông số'!$I$9 -> 6.6981256 | ... U16: =U15*'Thông số'!$I$9 -> 0.98882656
B17: Trả nợ vay | G17: =-PMT('Thông số'!$I$9,15,$G$15) -> 20.530853 | H17: =-PMT('Thông số'!$I$9,15,$G$15) -> 20.530853 | I17: =-PMT('Thông số'!$I$9,15,$G$15) -> 20.530853 | J17: =-PMT('Thông số'!$I$9,15,$G$15) -> 20.530853 | K17: =-PMT('Thông số'!$I$9,15,$G$15) -> 20.530853 | L17: =-PMT('Thông số'!$I$9,15,$G$15) -> 20.530853 | M17: =-PMT('Thông số'!$I$9,15,$G$15) -> 20.530853 | N17: =-PMT('Thông số'!$I$9,15,$G$15) -> 20.530853 | ... U17: =-PMT('Thông số'!$I$9,15,$G$15) -> 20.530853
B18: Nợ cuối kỳ | F18: ='Thông số'!F9*F8 -> 212.2416 | G18: =G15+G16-G17 -> 202.45017 | H18: =H15+H16-H17 -> 192.1633 | I18: =I15+I16-I17 -> 181.35591 | J18: =J15+J16-J17 -> 170.00166 | K18: =K15+K16-K17 -> 158.07289 | L18: =L15+L16-L17 -> 145.54053 | M18: =M15+M16-M17 -> 132.37402 | N18: =N15+N16-N17 -> 118.5413 | ... U18: =U15+U16-U17 -> 4.2632564e-14
B19: Vay ngân hàng trong nước
B20: Nợ đầu kỳ | G20: =F23 -> 636.7248 | H20: =G23 -> 633.18169 | I20: =H23 -> 629.4051 | J20: =I23 -> 625.37962 | K20: =J23 -> 621.08887 | L20: =K23 -> 616.51536 | M20: =L23 -> 611.64045 | N20: =M23 -> 606.44428 | ... AT20: =AS23 -> 42.689999
B21: Trả lãi vay | G21: =G20*'Thông số'!$I$10 -> 41.960164 | H21: =H20*'Thông số'!$I$10 -> 41.726674 | I21: =I20*'Thông số'!$I$10 -> 41.477796 | J21: =J20*'Thông số'!$I$10 -> 41.212517 | K21: =K20*'Thông số'!$I$10 -> 40.929757 | L21: =L20*'Thông số'!$I$10 -> 40.628362 | M21: =M20*'Thông số'!$I$10 -> 40.307106 | N21: =N20*'Thông số'!$I$10 -> 39.964678 | ... AT21: =AT20*'Thông số'!$I$10 -> 2.8132709
B22: Trả nợ vay | G22: =-PMT('Thông số'!$I$10,40,$G$20) -> 45.50327 | H22: =-PMT('Thông số'!$I$10,40,$G$20) -> 45.50327 | I22: =-PMT('Thông số'!$I$10,40,$G$20) -> 45.50327 | J22: =-PMT('Thông số'!$I$10,40,$G$20) -> 45.50327 | K22: =-PMT('Thông số'!$I$10,40,$G$20) -> 45.50327 | L22: =-PMT('Thông số'!$I$10,40,$G$20) -> 45.50327 | M22: =-PMT('Thông số'!$I$10,40,$G$20) -> 45.50327 | N22: =-PMT('Thông số'!$I$10,40,$G$20) -> 45.50327 | ... AT22: =-PMT('Thông số'!$I$10,40,$G$20) -> 45.50327
B23: Nợ cuối kỳ | F23: ='Thông số'!F10*F8 -> 636.7248 | G23: =G20+G21-G22 -> 633.18169 | H23: =H20+H21-H22 -> 629.4051 | I23: =I20+I21-I22 -> 625.37962 | J23: =J20+J21-J22 -> 621.08887 | K23: =K20+K21-K22 -> 616.51536 | L23: =L20+L21-L22 -> 611.64045 | M23: =M20+M21-M22 -> 606.44428 | N23: =N20+N21-N22 -> 600.90569 | ... AT23: =AT20+AT21-AT22 -> 2.3092639e-12
B25: NGÂN LƯU TÀI TRỢ CỦA CHỦ ĐẦU TƯ (TRIỆU US$)
B26: =B13 -> Năm dự án | C26: =C13 -> 0 | D26: =D13 -> 1 | E26: =E13 -> 2 | F26: =F13 -> 3 | G26: =G13 -> 4 | H26: =H13 -> 5 | I26: =I13 -> 6 | ... AV26: =AV13 -> 45
B27: NCF_Tài trợ của chủ đầu tư (vay nước ngoài) | F27: =F18 -> 212.2416 | G27: =-G17 -> -20.530853 | H27: =-H17 -> -20.530853 | I27: =-I17 -> -20.530853 | J27: =-J17 -> -20.530853 | K27: =-K17 -> -20.530853 | L27: =-L17 -> -20.530853 | M27: =-M17 -> -20.530853 | N27: =-N17 -> -20.530853 | ... U27: =-U17 -> -20.530853
B28: NCF_Ngân hàng nước ngoài | F28: =-F27 -> -212.2416 | G28: =-G27 -> 20.530853 | H28: =-H27 -> 20.530853 | I28: =-I27 -> 20.530853 | J28: =-J27 -> 20.530853 | K28: =-K27 -> 20.530853 | L28: =-L27 -> 20.530853 | M28: =-M27 -> 20.530853 | ... U28: =-U27 -> 20.530853
B29: NCF_Tài trợ của GOJ (vay trong nước) | F29: =F23 -> 636.7248 | G29: =-G22 -> -45.50327 | H29: =-H22 -> -45.50327 | I29: =-I22 -> -45.50327 | J29: =-J22 -> -45.50327 | K29: =-K22 -> -45.50327 | L29: =-L22 -> -45.50327 | M29: =-M22 -> -45.50327 | N29: =-N22 -> -45.50327 | ... AT29: =-AT22 -> -45.50327
B30: NCF_Ngân hàng trong nước | F30: =-F29 -> -636.7248 | G30: =-G29 -> 45.50327 | H30: =-H29 -> 45.50327 | I30: =-I29 -> 45.50327 | J30: =-J29 -> 45.50327 | K30: =-K29 -> 45.50327 | L30: =-L29 -> 45.50327 | M30: =-M29 -> 45.50327 | ... AT30: =-AT29 -> 45.50327
B31: NCF_Tài trợ tổng | F31: =F27+F29 -> 848.9664 | G31: =G27+G29 -> -66.034124 | H31: =H27+H29 -> -66.034124 | I31: =I27+I29 -> -66.034124 | J31: =J27+J29 -> -66.034124 | K31: =K27+K29 -> -66.034124 | L31: =L27+L29 -> -66.034124 | M31: =M27+M29 -> -66.034124 | ... AT31: =AT27+AT29 -> -45.50327
B33: BÁO CÁO THU NHẬP CỦA CHỦ ĐẦU TƯ (TRIỆU J$)
B34: =B6 -> Năm dự án | C34: =C6 -> 0 | D34: =D6 -> 1 | E34: =E6 -> 2 | F34: =F6 -> 3 | G34: =G6 -> 4 | H34: =H6 -> 5 | I34: =I6 -> 6 | ... AV34: =AV6 -> 45
B35: Doanh thu từ thu phí qua cao tốc | G35: ='Thông số'!$F$131*G7*G10 -> 1276.4053 | H35: ='Thông số'!$F$131*H7*H10 -> 1433.6584 | I35: ='Thông số'!$H$131*I7*I10 -> 6925.2786 | J35: ='Thông số'!$H$131*J7*J10 -> 7778.473 | K35: ='Thông số'!$H$131*K7*K10 -> 8736.7808 | L35: ='Thông số'!$H$131*L7*L10 -> 9813.1522 | M35: ='Thông số'!$H$131*M7*M10 -> 11022.133 | N35: ='Thông số'!$H$131*N7*N10 -> 12380.059 | O35: ='Thông số'!$H$131*O7*O10 -> 13905.283 | P35: ='Thông số'!$H$131*P7*P10 -> 15618.413 | ... W35: ='Thông số'!$H$131*W7*W10 -> 35223.83
B36: Chi phí vận hành cao tốc và trạm thu phí | G36: ='Thông số'!$G$103*'Thông số'!$F$16*G7 -> 151.43201 | H36: ='Thông số'!$G$103*'Thông số'!$F$16*H7 -> 163.54658 | I36: ='Thông số'!$G$103*I7 -> 490.63973 | J36: ='Thông số'!$G$103*J7 -> 529.89091 | K36: ='Thông số'!$G$103*K7 -> 572.28218 | L36: ='Thông số'!$G$103*L7 -> 618.06475 | M36: ='Thông số'!$G$103*M7 -> 667.50993 | N36: ='Thông số'!$G$103*N7 -> 720.91073 | O36: ='Thông số'!$G$103*O7 -> 778.58359 | P36: ='Thông số'!$G$103*P7 -> 840.87027 | ... W36: ='Thông số'!$G$103*W7 -> 1441.1039
B37: Trả lãi vay | G37: =G16*G9 -> 1079.8548 | H37: =H16*H9 -> 1090.6278 | I37: =I16*I9 -> 1096.1057 | J37: =J16*J9 -> 1095.3106 | K37: =K16*K9 -> 1087.1322 | L37: =L16*L9 -> 1070.3114 | M37: =M16*M9 -> 1043.4227 | N37: =N16*N9 -> 1004.8534 | ... W37: =W16*W9 -> 0
B38: Lợi nhuận trước thuế | G38: =G35-G36-G37 -> 45.118519 | H38: =H35-H36-H37 -> 179.48404 | I38: =I35-I36-I37 -> 5338.5332 | J38: =J35-J36-J37 -> 6153.2714 | K38: =K35-K36-K37 -> 7077.3665 | L38: =L35-L36-L37 -> 8124.7761 | M38: =M35-M36-M37 -> 9311.1999 | N38: =N35-N36-N37 -> 10654.295 | ... W38: =W35-W36-W37 -> 33782.726
B39: Thuế thu nhập chủ đầu tư phải nộp | G39: =G38*'Thông số'!$G$18 -> 11.27963 | H39: =H38*'Thông số'!$G$18 -> 44.871009 | I39: =I38*'Thông số'!$G$18 -> 1334.6333 | J39: =J38*'Thông số'!$G$18 -> 1538.3179 | K39: =K38*'Thông số'!$G$18 -> 1769.3416 | L39: =L38*'Thông số'!$G$18 -> 2031.194 | M39: =M38*'Thông số'!$G$18 -> 2327.8 | N39: =N38*'Thông số'!$G$18 -> 2663.5738 | ... W39: =W38*'Thông số'!$G$18 -> 8445.6816
B41: PHÂN TÍCH HIỆU QUẢ TÀI CHÍNH CỦA DỰ ÁN (TRIỆU J$)
B42: =B6 -> Năm dự án | C42: =C6 -> 0 | D42: =D6 -> 1 | E42: =E6 -> 2 | F42: =F6 -> 3 | G42: =G6 -> 4 | H42: =H6 -> 5 | I42: =I6 -> 6 | ... AV42: =AV6 -> 45
B43: Ngân lưu vào
B44: Doanh thu từ thu phí qua cao tốc
B45: Giảm chi phí bảo trì các tuyến đường hiện có của GOJ
B46: Giá trị thanh lý cao tốc
B47: Giá trị thanh lý trạm thu phí
B48: Giá trị thanh lý đất | AV48: =('Thông số'!D110/C7+'Thông số'!G110/F7)*AV7 -> 306436.31
B49: Tổng ngân lưu vào | G49: =SUM(G44:G48) -> 0 | H49: =SUM(H44:H48) -> 0 | I49: =SUM(I44:I48) -> 0 | J49: =SUM(J44:J48) -> 0 | K49: =SUM(K44:K48) -> 0 | L49: =SUM(L44:L48) -> 0 | M49: =SUM(M44:M48) -> 0 | N49: =SUM(N44:N48) -> 0 | ... AV49: =SUM(AV44:AV48) -> 306436.31
B50: Ngân lưu ra
B51: Chi phí đầu tư đường cao tốc | C51: ='Thông số'!C44*C7 -> 4727.2727 | D51: ='Thông số'!D44*D7 -> 8498.6182 | E51: ='Thông số'!E44*E7 -> 9178.5076 | F51: ='Thông số'!F44*F7 -> 11864.197 | G51: ='Thông số'!G44*G7 -> 21470.989 | H51: ='Thông số'!H44*H7 -> 17204.496
B52: VAT
B53: Chi phí đầu tư trạm thu phí | C53: ='Thông số'!C66*C7 -> 0 | D53: ='Thông số'!D66*D7 -> 0 | E53: ='Thông số'!E66*E7 -> 0 | F53: ='Thông số'!F66*F7 -> 364.17129 | G53: ='Thông số'!G66*G7 -> 393.30499 | H53: ='Thông số'!H66*H7 -> 424.76939
B54: VAT
B55: Chi phí đất | C55: ='Thông số'!C37*C7 -> 3200 | D55: ='Thông số'!D37*D7 -> 0 | E55: ='Thông số'!E37*E7 -> 0 | F55: ='Thông số'!F37*F7 -> 8062.1568 | G55: ='Thông số'!G37*G7 -> 0 | H55: ='Thông số'!H37*H7 -> 0
B56: Chi phí vận hành cao tốc | G56: ='Thông số'!$G$88*'Thông số'!$F$16*G7 -> 144.35279 | H56: ='Thông số'!$G$88*'Thông số'!$F$16*H7 -> 155.90102 | I56: ='Thông số'!$G$88*I7 -> 467.70305 | J56: ='Thông số'!$G$88*J7 -> 505.11929 | K56: ='Thông số'!$G$88*K7 -> 545.52883 | L56: ='Thông số'!$G$88*L7 -> 589.17114 | M56: ='Thông số'!$G$88*M7 -> 636.30483 | N56: ='Thông số'!$G$88*N7 -> 687.20922 | O56: ='Thông số'!$G$88*O7 -> 742.18595 | P56: ='Thông số'!$G$88*P7 -> 801.56083 | ... AV56: ='Thông số'!$G$88*AV7 -> 9407.986
B57: VAT
B58: Chi phí vận hành trạm thu phí | G58: ='Thông số'!$G$98*'Thông số'!$F$16*G7 -> 7.0792227 | H58: ='Thông số'!$G$98*'Thông số'!$F$16*H7 -> 7.6455605 | I58: ='Thông số'!$G$98*I7 -> 22.936681 | J58: ='Thông số'!$G$98*J7 -> 24.771616 | K58: ='Thông số'!$G$98*K7 -> 26.753345 | L58: ='Thông số'!$G$98*L7 -> 28.893613 | M58: ='Thông số'!$G$98*M7 -> 31.205102 | N58: ='Thông số'!$G$98*N7 -> 33.70151 | O58: ='Thông số'!$G$98*O7 -> 36.397631 | P58: ='Thông số'!$G$98*P7 -> 39.309441 | ... W58: ='Thông số'!$G$98*W7 -> 67.369475
B59: VAT
B60: Tổng ngân lưu ra | C60: =SUM(C51:C59) -> 7927.2727 | D60: =SUM(D51:D59) -> 8498.6182 | E60: =SUM(E51:E59) -> 9178.5076 | F60: =SUM(F51:F59) -> 20290.525 | G60: =SUM(G51:G59) -> 22015.726 | H60: =SUM(H51:H59) -> 17792.812 | I60: =SUM(I51:I59) -> 490.63973 | J60: =SUM(J51:J59) -> 529.89091 | ... AV60: =SUM(AV51:AV59) -> 9407.986
B61: NCF_Dự án (Triệu J$) | C61: =C49-C60 -> -7927.2727 | D61: =D49-D60 -> -8498.6182 | E61: =E49-E60 -> -9178.5076 | F61: =F49-F60 -> -20290.525 | G61: =G49-G60 -> -22015.726 | H61: =H49-H60 -> -17792.812 | I61: =I49-I60 -> -490.63973 | J61: =J49-J60 -> -529.89091 | ... AV61: =AV49-AV60 -> 297028.33
B62: Thuế thu nhập doanh nghiệp chủ đầu tư phải nộp | G62: =G39 -> 11.27963 | H62: =H39 -> 44.871009 | I62: =I39 -> 1334.6333 | J62: =J39 -> 1538.3179 | K62: =K39 -> 1769.3416 | L62: =L39 -> 2031.194 | M62: =M39 -> 2327.8 | N62: =N39 -> 2663.5738 | ... W62: =W39 -> 8445.6816
B63: NCF_TIPV (Triệu J$) | C63: =C61-C62 -> -7927.2727 | D63: =D61-D62 -> -8498.6182 | E63: =E61-E62 -> -9178.5076 | F63: =F61-F62 -> -20290.525 | G63: =G61-G62 -> -22027.006 | H63: =H61-H62 -> -17837.683 | I63: =I61-I62 -> -1825.273 | J63: =J61-J62 -> -2068.2088 | ... AV63: =AV61-AV62 -> 297028.33
B64: NCF_Dự án (Triệu US$) | C64: =C61/C9 -> -99.090909 | D64: =D61/D9 -> -100.33091 | E64: =E61/E9 -> -102.33753 | F64: =F61/F9 -> -213.66458 | G64: =G61/G9 -> -218.95189 | H64: =H61/H9 -> -167.12318 | I64: =I61/I9 -> -4.3524242 | J64: =J61/J9 -> -4.4394727 | ... AV64: =AV61/AV9 -> 283.56108
B65: NCF_TIPV (Triệu US$) | C65: =C63/C9 -> -99.090909 | D65: =D63/D9 -> -100.33091 | E65: =E63/E9 -> -102.33753 | F65: =F63/F9 -> -213.66458 | G65: =G63/G9 -> -219.06407 | H65: =H63/H9 -> -167.54464 | I65: =I63/I9 -> -16.191845 | J65: =J63/J9 -> -17.327635 | ... AV65: =AV63/AV9 -> 283.56108
B67: Quan điểm | C67: Dự án | D67: TIPV
B68: Suất chiết khấu | C68: ='Thông số'!I12 -> 0.072057807 | D68: =C68 -> 0.072057807 | E68: 0.06 | F68: =E68+3% -> 0.09 | G68: =F68+3% -> 0.12 | H68: =G68+3% -> 0.15
B69: NPV (Triệu US$) | C69: =NPV(C68,D64:AV64)+C64 -> -776.18096 | D69: =NPV(D68,$D65:$AV65)+$C65 -> -900.49493 | E69: =NPV(E68,$D65:$AV65)+$C65 -> -948.10717 | F69: =NPV(F68,$D65:$AV65)+$C65 -> -837.27251 | G69: =NPV(G68,$D65:$AV65)+$C65 -> -749.82611 | H69: =NPV(H68,$D65:$AV65)+$C65 -> -680.32325
B70: IRR (danh nghĩa) | C70: =IRR(C64:AV64) -> -0.041141758 | D70: =IRR(C65:AV65) -> -0.050552991
B71: IRR (thực)
B72: BCR | D72: {=(NPV(D68,D49:AV49)+C49)/(NPV(D68,D60:AV60)+C60)} -> 0.19614484
B73: DSCR | D73: =AVERAGE(G73:AT73) -> -0.26532725 | I73: =I65/(I17+I22) -> -0.24520421 | J73: =J65/(J17+J22) -> -0.26240426 | K73: =K65/(K17+K22) -> -0.28058862 | L73: =L65/(L17+L22) -> -0.29981525 | M73: =M65/(M17+M22) -> -0.32014559 | N73: =N65/(N17+N22) -> -0.34164472 | O73: =O65/(O17+O22) -> -0.3643816 | P73: =P65/(P17+P22) -> -0.38842932 | ... AV73: =AV65/(AV17+AV22) -> #DIV/0!
B74: DPP | D74: =SUM(D82:AV82) -> 45 | E74: năm
B76: Thời gian hoàn vốn có chiết khấu
B77: =B42 -> Năm dự án | C77: =C42 -> 0 | D77: =D42 -> 1 | E77: =E42 -> 2 | F77: =F42 -> 3 | G77: =G42 -> 4 | H77: =H42 -> 5 | I77: =I42 -> 6 | ... AV77: =AV42 -> 45
B78: NCF_TIPV | C78: =C65 -> -99.090909 | D78: =D65 -> -100.33091 | E78: =E65 -> -102.33753 | F78: =F65 -> -213.66458 | G78: =G65 -> -219.06407 | H78: =H65 -> -167.54464 | I78: =I65 -> -16.191845 | J78: =J65 -> -17.327635 | ... AV78: =AV65 -> 283.56108
B79: Hệ số chiết khấu | C79: =1/(1+$D$68)^C77 -> 1 | D79: =1/(1+$D$68)^D77 -> 0.93278552 | E79: =1/(1+$D$68)^E77 -> 0.87008883 | F79: =1/(1+$D$68)^F77 -> 0.81160626 | G79: =1/(1+$D$68)^G77 -> 0.75705457 | H79: =1/(1+$D$68)^H77 -> 0.70616954 | I79: =1/(1+$D$68)^I77 -> 0.65870472 | J79: =1/(1+$D$68)^J77 -> 0.61443023 | ... AV79: =1/(1+$D$68)^AV77 -> 0.043669762
B80: DF_TIPV | C80: =C78*C79 -> -99.090909 | D80: =D78*D79 -> -93.587219 | E80: =E78*E79 -> -89.042739 | F80: =F78*F79 -> -173.41151 | G80: =G78*G79 -> -165.84345 | H80: =H78*H79 -> -118.31492 | I80: =I78*I79 -> -10.665645 | J80: =J78*J79 -> -10.646623 | ... AV80: =AV78*AV79 -> 12.383045
B81: DF_TIPV lũy kế | C81: =C80 -> -99.090909 | D81: =C81+D80 -> -192.67813 | E81: =D81+E80 -> -281.72087 | F81: =E81+F80 -> -455.13238 | G81: =F81+G80 -> -620.97583 | H81: =G81+H80 -> -739.29075 | I81: =H81+I80 -> -749.9564 | J81: =I81+J80 -> -760.60302 | K81: =J81+K80 -> -771.22225 | ... AV81: =AU81+AV80 -> -900.49493
B82: Thời gian hoàn vốn có chiết khấu (DPP) | D82: =IF(D81<0,1,IF(C81<0,-C81/D80,0)) -> 1 | E82: =IF(E81<0,1,IF(D81<0,-D81/E80,0)) -> 1 | F82: =IF(F81<0,1,IF(E81<0,-E81/F80,0)) -> 1 | G82: =IF(G81<0,1,IF(F81<0,-F81/G80,0)) -> 1 | H82: =IF(H81<0,1,IF(G81<0,-G81/H80,0)) -> 1 | I82: =IF(I81<0,1,IF(H81<0,-H81/I80,0)) -> 1 | J82: =IF(J81<0,1,IF(I81<0,-I81/J80,0)) -> 1 | K82: =IF(K81<0,1,IF(J81<0,-J81/K80,0)) -> 1 | ... AV82: =IF(AV81<0,1,IF(AU81<0,-AU81/AV80,0)) -> 1
B84: PHÂN TÍCH HIỆU QUẢ TÀI CHÍNH CỦA CHỦ ĐẦU TƯ VÀ GOJ
B85: =B6 -> Năm dự án | C85: =C6 -> 0 | D85: =D6 -> 1 | E85: =E6 -> 2 | F85: =F6 -> 3 | G85: =G6 -> 4 | H85: =H6 -> 5 | I85: =I6 -> 6 | ... AV85: =AV6 -> 45
B86: =B63 -> NCF_TIPV (Triệu J$) | C86: =C63 -> -7927.2727 | D86: =D63 -> -8498.6182 | E86: =E63 -> -9178.5076 | F86: =F63 -> -20290.525 | G86: =G63 -> -22027.006 | H86: =H63 -> -17837.683 | I86: =I63 -> -1825.273 | ... AV86: =AV63 -> 297028.33
B87: NCF_Tài trợ tổng (Triệu J$) | F87: =F31*F9 -> 80621.568 | G87: =G31*G9 -> -6639.7655 | H87: =H31*H9 -> -7030.3399 | I87: =I31*I9 -> -7443.8893 | J87: =J31*J9 -> -7881.7652 | K87: =K31*K9 -> -8345.3984 | L87: =L31*L9 -> -8836.3042 | M87: =M31*M9 -> -9356.0868 | ... AV87: =AV31*AV9 -> 0
B88: NCF_EPV và GOJ (Triệu J$) | C88: =C86+C87 -> -7927.2727 | D88: =D86+D87 -> -8498.6182 | E88: =E86+E87 -> -9178.5076 | F88: =F86+F87 -> 60331.043 | G88: =G86+G87 -> -28666.772 | H88: =H86+H87 -> -24868.023 | I88: =I86+I87 -> -9269.1623 | J88: =J86+J87 -> -9949.9739 | ... AV88: =AV86+AV87 -> 297028.33
B89: NCF_EPV và GOJ (Triệu US$) | C89: =C88/C9 -> -99.090909 | D89: =D88/D9 -> -100.33091 | E89: =E88/E9 -> -102.33753 | F89: =F88/F9 -> 635.30182 | G89: =G88/G9 -> -285.09819 | H89: =H88/H9 -> -233.57876 | I89: =I88/I9 -> -82.225969 | J89: =J88/J9 -> -83.361759 | ... AV89: =AV88/AV9 -> 283.56108
B91: Quan điểm | C91: EPV và GOJ
B92: Suất chiết khấu | C92: 0.06 | D92: =C92+3% -> 0.09 | E92: =D92+3% -> 0.12 | F92: =E92+3% -> 0.15
B93: NPV (Triệu US$) | C93: =NPV(C92,$D89:$AV89)+$C89 -> -977.56947 | D93: =NPV(D92,$D89:$AV89)+$C$89 -> -687.4855 | E93: =NPV(E92,$D89:$AV89)+$C$89 -> -512.08101 | F93: =NPV(F92,$D89:$AV89)+$C$89 -> -399.76616
B94: IRR (danh nghĩa)
B95: IRR (thực) | C95: =(1+C94)/(1+'Thông số'!$C$11)-1 -> -0.019607843
B97: PHÂN TÍCH HIỆU QUẢ TÀI CHÍNH CỦA CHỦ ĐẦU TƯ (TRIỆU J$)
B98: =B42 -> Năm dự án | C98: =C42 -> 0 | D98: =D42 -> 1 | E98: =E42 -> 2 | F98: =F42 -> 3 | G98: =G42 -> 4 | H98: =H42 -> 5 | I98: =I42 -> 6 | ... W98: =W42 -> 20
B99: NCF_TIPV | C99: =C86 -> -7927.2727 | D99: =D86 -> -8498.6182 | E99: =E86 -> -9178.5076 | F99: =F86 -> -20290.525 | G99: =G86 -> -22027.006 | H99: =H86 -> -17837.683 | I99: =I86 -> -1825.273 | J99: =J86 -> -2068.2088 | ... W99: =W86 -> -9886.7854
B100: Vốn GOJ
B101: Giá trị thanh lý trạm thu phí thuộc về GOJ
B102: Giảm chi phí bảo trì các tuyến đường hiện có của GOJ
B103: NCF_Tài trợ của chủ đầu tư (vay nước ngoài) | F103: =F18*F9 -> 20155.392 | G103: =-G17*G9 -> -2064.388 | H103: =-H17*H9 -> -2185.8226 | I103: =-I17*I9 -> -2314.4004 | J103: =-J17*J9 -> -2450.5416 | K103: =-K17*K9 -> -2594.6911 | L103: =-L17*L9 -> -2747.32 | M103: =-M17*M9 -> -2908.927 | N103: =-N17*N9 -> -3080.0404 | ... W103: =-W17*W9 -> 0
B104: NCF_EPV (Triệu J$) | C104: =C99+C100+C101+C102+C103 -> -7927.2727 | D104: =D99+D100+D101+D102+D103 -> -8498.6182 | E104: =E99+E100+E101+E102+E103 -> -9178.5076 | F104: =F99+F100+F101+F102+F103 -> -135.13274 | G104: =G99+G100+G101+G102+G103 -> -24091.394 | H104: =H99+H100+H101+H102+H103 -> -20023.506 | I104: =I99+I100+I101+I102+I103 -> -4139.6734 | J104: =J99+J100+J101+J102+J103 -> -4518.7503 | ... W104: =W99+W100+W101+W102+W103 -> -9886.7854
B105: NCF_EPV (Triệu US$) | C105: =C104/C9 -> -99.090909 | D105: =D104/D9 -> -100.33091 | E105: =E104/E9 -> -102.33753 | F105: =F104/F9 -> -1.4229835 | G105: =G104/G9 -> -239.59492 | H105: =H104/H9 -> -188.07549 | I105: =I104/I9 -> -36.722699 | J105: =J104/J9 -> -37.858489 | ... W105: =W104/W9 -> -39.399748
B107: Quan điểm | C107: EPV
B108: Suất chiết khấu | C108: 0.06 | D108: =C108+3% -> 0.09 | E108: =D108+3% -> 0.12 | F108: =E108+3% -> 0.15
B109: NPV (Triệu US$) | C109: =NPV(C108,$D105:$W105)+$C105 -> -931.69025 | D109: =NPV(D108,$D105:$W105)+$C105 -> -795.70172 | E109: =NPV(E108,$D105:$W105)+$C105 -> -694.84088 | F109: =NPV(F108,$D105:$W105)+$C105 -> -617.75608
B110: IRR (danh nghĩa) | C110: =IRR(C105:W105) -> #NUM!
B111: IRR (thực)
B112: DPP | C112: =SUM(D120:W120) -> 20 | D112: năm
...

Sheet Figure
B45: PPP: BOT
B47: Thời gian vận hành + thu phí sau khi hoàn thành việc xây dựng: 15 năm (2019-2033).
B49: Sau đó chuyển giao cho Chính phủ vận hành và bảo dưỡng: 2034-2058.
B51: Tất cả các tính toán được tính theo đơn vị TRIỆU ĐÔLA, và theo giá cố định năm 2013 (NĂM 0).
